time,track_id,est_x,est_y,est_z,vel_x,vel_y,vel_z,acc_x,acc_y,acc_z,cluster_size,roi,lost,hits,true_x,true_y,true_z,true_x,true_y,true_z,true_x,true_y,true_z
1.4020000000000001,0,0.1876564621925354,0.010024070739746094,0.23845994472503662,0.0,0.0,0.0,0.0,0.0,0.0,3,0.5,0,1,0.17327660294576425,-0.004940019237014287,0.2278564528536006,1.173276602945773,-0.00494001923701262,0.22785645285360057,0.17327660294576236,-1.0049400192370166,0.22785645285360107
1.4020000000000001,1,1.18594092130661,0.016453862190246582,0.2416975498199463,0.0,0.0,0.0,0.0,0.0,0.0,7,0.5,0,1,0.17327660294576425,-0.004940019237014287,0.2278564528536006,1.173276602945773,-0.00494001923701262,0.22785645285360057,0.17327660294576236,-1.0049400192370166,0.22785645285360107
1.4020000000000001,2,0.1787208616733551,-0.9971816539764404,0.16740024089813232,0.0,0.0,0.0,0.0,0.0,0.0,1,0.5,0,1,0.17327660294576425,-0.004940019237014287,0.2278564528536006,1.173276602945773,-0.00494001923701262,0.22785645285360057,0.17327660294576236,-1.0049400192370166,0.22785645285360107
1.602,0,0.4122148262171613,0.007619885917011127,0.35640469332689595,1.12279182012313,-0.01202092411367484,0.5897237430092969,5.613959100615651,-0.060104620568374206,2.948618715046485,5,0.4705545664426178,0,2,0.4031794989270448,0.010422271018132272,0.3630792678342821,1.4031794989270512,0.010422271018136184,0.36307926783427813,0.40317949892704213,-0.9895777289818785,0.36307926783428457
1.602,1,1.4164617555159336,0.010402758069221418,0.37986771722619006,1.1526041710466175,-0.030255520605125825,0.690850837031219,5.763020855233089,-0.15127760302562915,3.4542541851560955,4,0.4705545664426178,0,2,0.4031794989270448,0.010422271018132272,0.3630792678342821,1.4031794989270512,0.010422271018136184,0.36307926783427813,0.40317949892704213,-0.9895777289818785,0.36307926783428457
1.602,2,0.1787208616733551,-0.9971816539764404,0.16740024089813232,0.0,0.0,0.0,0.0,0.0,0.0,0,0.4705545664426178,1,1,0.4031794989270448,0.010422271018132272,0.3630792678342821,1.4031794989270512,0.010422271018136184,0.36307926783427813,0.40317949892704213,-0.9895777289818785,0.36307926783428457
1.802,0,0.6208758519187513,-0.01561882761089084,0.47157820071299406,1.0433051285079498,-0.11619356763950986,0.5758675369304905,-0.397433458075901,-0.5208632176291752,-0.06928103039403168,1,0.4,0,3,0.6113566664912227,0.01347258365543674,0.4708796213414322,1.6113566664912307,0.01347258365543699,0.47087962134142786,0.6113566664912194,-0.9865274163445612,0.470879621341434
1.802,1,1.6195870934857468,0.0255926777438098,0.4812479610346516,1.0156266898490665,0.07594959837294192,0.506901219042308,-0.6848874059877553,0.5310255948903388,-0.919748089944555,2,0.4,0,3,0.6113566664912227,0.01347258365543674,0.4708796213414322,1.6113566664912307,0.01347258365543699,0.47087962134142786,0.6113566664912194,-0.9865274163445612,0.470879621341434
1.802,2,0.6297929783483027,-0.9668230194474745,0.48449071746779226,2.2553605833747383,0.15179317264482964,1.5854523828483,11.276802916873693,0.7589658632241484,7.927261914241502,1,0.7563920412061459,0,2,0.6113566664912227,0.01347258365543674,0.4708796213414322,1.6113566664912307,0.01347258365543699,0.47087962134142786,0.6113566664912194,-0.9865274163445612,0.470879621341434
2.0020000000000002,0,0.8164706958068515,0.0289236764877443,0.5506956644682173,0.9779742194405007,0.2227125204931755,0.39558731877611586,-0.3266545453372452,1.6945304406634252,-0.9014010907718726,4,0.4,0,4,0.8008188971746976,0.019465771463803877,0.55772388573161,1.8008188971747063,0.019465771463807815,0.5577238857316056,0.8008188971746947,-0.9805342285362091,0.5577238857316121
2.0020000000000002,1,1.8111518695017679,0.01504349315454867,0.5747572023152387,0.9578238800801044,-0.0527459229463056,0.4675462064029353,-0.2890140488448098,-0.6434776065962371,-0.19677506319686328,4,0.4,0,4,0.8008188971746976,0.019465771463803877,0.55772388573161,1.8008188971747063,0.019465771463807815,0.5577238857316056,0.8008188971746947,-0.9805342285362091,0.5577238857316121
2.0020000000000002,2,0.7705559398512931,-0.9624072382044631,0.5921949303267268,0.7038148075149516,0.022078906215057238,0.5385210642946723,-7.757728879298926,-0.6485713321488614,-5.234656592768134,2,0.4,0,3,0.8008188971746976,0.019465771463803877,0.55772388573161,1.8008188971747063,0.019465771463807815,0.5577238857316056,0.8008188971746947,-0.9805342285362091,0.5577238857316121
2.202,0,0.9842813485240675,0.051335335378213554,0.6287599521484433,0.8390532635860807,0.11205829445234643,0.39032143840113065,-0.6946047792721008,-0.5532711302041461,-0.026329401874926085,2,0.4,0,5,0.965030535195554,0.02904721547477321,0.6308682409577943,1.965030535195563,0.029047215474776105,0.6308682409577913,0.9650305351955519,-0.9709527845252358,0.6308682409577965
2.202,1,1.958560820688356,0.015245749376189277,0.6652000057292119,0.7370447559329417,0.001011281108203034,0.4522140170698662,-1.103895620735815,0.2687860202725435,-0.07666094666534572,4,0.4,0,5,0.965030535195554,0.02904721547477321,0.6308682409577943,1.965030535195563,0.029047215474776105,0.6308682409577913,0.9650305351955519,-0.9709527845252358,0.6308682409577965
2.202,2,0.9654340287375553,-0.9771388225059328,0.6295397828438758,0.9743904444313122,-0.07365792150734861,0.18672426258574545,1.3528781845818045,-0.4786841386120299,-1.7589840085446364,2,0.4,0,4,0.965030535195554,0.02904721547477321,0.6308682409577943,1.965030535195563,0.029047215474776105,0.6308682409577913,0.9650305351955519,-0.9709527845252358,0.6308682409577965
2.403,0,1.1151737562125106,0.03848618077604238,0.7209387587901542,0.6512060084002144,-0.06392614229935906,0.45860102806821335,-0.9345634586361505,-0.8755444614512709,0.3396994510800133,3,0.4,0,6,1.0933123766801598,0.02868410182973642,0.7069348309767607,2.0933123766801653,0.028684101829739534,0.7069348309767588,1.0933123766801576,-0.9713158981702735,0.7069348309767626
2.403,1,2.0854508648724064,0.030109086985605105,0.7094824380937119,0.6312937521594544,0.07394695328067573,0.22031060877860673,-0.5261243968830214,0.362864040659068,-1.1537482999565143,3,0.4,0,6,1.0933123766801598,0.02868410182973642,0.7069348309767607,2.0933123766801653,0.028684101829739534,0.7069348309767588,1.0933123766801576,-0.9713158981702735,0.7069348309767626
2.403,2,1.1534951160940612,-0.9412276283917569,0.7069193108722146,0.9356273002811235,0.17866265728445702,0.3849727762603915,-0.1928514634337744,1.2553262626457988,0.9863110133066965,1,0.4,0,5,1.0933123766801598,0.02868410182973642,0.7069348309767607,2.0933123766801653,0.028684101829739534,0.7069348309767588,1.0933123766801576,-0.9713158981702735,0.7069348309767626
2.601,0,1.1964634510581251,0.033679094490252526,0.7884916623182434,0.41055401437179073,-0.024278213564595218,0.34117628044489495,-1.215414111254665,0.20024206431698913,-0.5930542809258506,5,0.4,0,7,1.1893727593448584,0.029268284320267762,0.7780415209638527,2.189372759344859,0.029268284320270642,0.7780415209638519,1.1893727593448562,-0.9707317156797413,0.7780415209638544
2.601,1,2.2052974852120553,0.04670657373074483,0.7769884511585828,0.6052859613113593,0.08382569063201882,0.34093945992359087,-0.13135247903078348,0.04989261288557118,0.6092366219443646,2,0.4,0,7,1.1893727593448584,0.029268284320267762,0.7780415209638527,2.189372759344859,0.029268284320270642,0.7780415209638519,1.1893727593448562,-0.9707317156797413,0.7780415209638544
2.601,2,1.2602076790054924,-0.949916146085469,0.7949147953168646,0.5389523379365212,-0.043881402493495716,0.44442163860934364,-2.003408900730315,-1.1239598978684484,0.3002467795401624,2,0.4,0,6,1.1893727593448584,0.029268284320267762,0.7780415209638527,2.189372759344859,0.029268284320270642,0.7780415209638519,1.1893727593448562,-0.9707317156797413,0.7780415209638544
2.8030000000000004,0,1.2666629669706624,0.019795014882245665,0.8736089232555686,0.347522356002659,-0.06873306736637046,0.42137257889764834,-0.3120379127184732,-0.2200735336721542,0.3970113784789764,5,0.4,0,8,1.2598351450691911,0.027677512824820966,0.8383581200678671,2.2598351450691916,0.027677512824823537,0.8383581200678667,1.2598351450691891,-0.972322487175187,0.8383581200678684
2.8030000000000004,1,2.278805699683353,0.04783647215070208,0.8621817776079721,0.3639020518381047,0.005593556534441839,0.4217491408385596,-1.1949698488774954,-0.38728779256226153,0.4000479253216265,3,0.4,0,8,1.2598351450691911,0.027677512824820966,0.8383581200678671,2.2598351450691916,0.027677512824823537,0.8383581200678667,1.2598351450691891,-0.972322487175187,0.8383581200678684
2.8030000000000004,2,1.3118884216649196,-0.9816127883058869,0.8814128816128575,0.2558452606902339,-0.15691407039810812,0.42820834799996416,-1.4015201843875582,-0.5595676628941197,-0.08026381489791808,1,0.4,0,7,1.2598351450691911,0.027677512824820966,0.8383581200678671,2.2598351450691916,0.027677512824823537,0.8383581200678667,1.2598351450691891,-0.972322487175187,0.8383581200678684
3.003,0,1.31389373219888,0.02799224631116104,0.8947380964812786,0.23615382614108757,0.04098615714457693,0.10564586612855018,-0.556842649307858,0.5485961225547377,-1.5786335638454927,7,0.4,0,9,1.3113953781310246,0.025687197096263166,0.8863971226536796,2.3113848826978063,0.025687541457140656,0.8863427029982907,1.3113848826978036,-0.9743124585428689,0.8863427029982923
3.003,1,2.3425822557228106,0.0003963834055951132,0.8999962574934953,0.3188827801972898,-0.23720044372553514,0.18907239942761664,-0.22509635820407495,-1.2139700012998866,-1.1633837070547162,2,0.4,0,9,1.3113953781310246,0.025687197096263166,0.8863971226536796,2.3113848826978063,0.025687541457140656,0.8863427029982907,1.3113848826978036,-0.9743124585428689,0.8863427029982923
3.003,2,1.325062943574617,-1.0239933642102392,0.9724163879946629,-0.05375150725030997,-0.2536217193818212,0.4665956645297024,-1.1962411679879774,-0.41718839860060325,0.11578132620675,0,0.4,1,7,1.3113953781310246,0.025687197096263166,0.8863971226536796,2.3113848826978063,0.025687541457140656,0.8863427029982907,1.3113848826978036,-0.9743124585428689,0.8863427029982923
3.2020000000000004,0,1.3436591822986665,0.029074506108264675,0.9220510111961162,0.14957512612958176,0.005438491442731827,0.13725082771275154,-0.435068844278923,-0.17863148593891987,0.15881890243317248,3,0.4,0,10,1.3495333366406363,0.023498537146289345,0.9225544146615035,2.349449338947621,0.023499683077023072,0.9227483696687716,1.3494493389476163,-0.976500316922985,0.922748369668773
3.2020000000000004,1,2.3622233295272137,0.017838947014638507,0.9160470058315731,0.09869886333870755,0.08765107341227824,0.08065702682451084,-1.106451843510462,1.6324196841096124,-0.5448008673522896,2,0.4,0,10,1.3495333366406363,0.023498537146289345,0.9225544146615035,2.349449338947621,0.023499683077023072,0.9227483696687716,1.3494493389476163,-0.976500316922985,0.922748369668773
3.2020000000000004,2,1.3180440163739857,-0.941259917281883,0.9163766238498293,0.0006901846664465746,0.3609072847510393,-0.06980444335330478,0.2735763412902335,3.088085447903817,-2.695477929060334,1,0.4,0,8,1.3495333366406363,0.023498537146289345,0.9225544146615035,2.349449338947621,0.023499683077023072,0.9227483696687716,1.3494493389476163,-0.976500316922985,0.922748369668773
3.403,0,1.3814634158037498,0.053443851009184806,0.9566119988924586,0.18808076370688204,0.12124052189512526,0.17194521241961488,0.19157033620547434,0.5761295047382768,0.1726088791386239,2,0.4,0,11,1.3782915813487127,0.019727269870431136,0.9474398139474235,2.378203072402838,0.019729669341799854,0.9476541513621185,1.3782030724028325,-0.9802703306582075,0.9476541513621201
3.403,1,2.3766866494482546,0.012181807769020336,0.9693236653051874,0.07195681552756783,-0.02814497137123473,0.26505800733141555,-0.13304501398576998,-0.5760997252911103,0.9174178134671893,4,0.4,0,11,1.3782915813487127,0.019727269870431136,0.9474398139474235,2.378203072402838,0.019729669341799854,0.9476541513621185,1.3782030724028325,-0.9802703306582075,0.9476541513621201
3.403,2,1.2535935851806816,-0.922400465927014,0.9156561772445573,-0.4283054514415885,0.11686252832287536,-0.06137370024171301,-1.071209353553381,0.2291981306417608,-0.5750187937581872,0,0.4,1,8,1.3782915813487127,0.019727269870431136,0.9474398139474235,2.378203072402838,0.019729669341799854,0.9476541513621185,1.3782030724028325,-0.9802703306582075,0.9476541513621201
3.6020000000000003,0,1.400598642264435,0.052872915170880885,0.9710041821449265,0.09615691688786472,-0.0028690243130850258,0.07232252890687339,-0.4619288784875235,-0.6236660613477895,-0.5006165000640269,4,0.4,0,12,1.399800580395111,0.03619455542883862,0.9725928254438502,2.3996883551115835,0.036144719090715566,0.9726904533369767,1.3996883551115766,-0.9638552809092905,0.972690453336979
3.6020000000000003,1,2.3956876155879634,0.0491297787635534,1.0129397161782205,0.09548224190808433,0.1856681959524272,0.2191761350403665,0.11821822301767065,1.0744380267520683,-0.230562172316829,2,0.4,0,12,1.399800580395111,0.03619455542883862,0.9725928254438502,2.3996883551115835,0.036144719090715566,0.9726904533369767,1.3996883551115766,-0.9638552809092905,0.972690453336979
3.6020000000000003,2,1.3924762579959573,-0.9337341955359788,0.9925682824859858,0.7403567000616902,0.020989180866733074,0.28837334263700887,5.872674128157171,-0.48177561535749824,1.7575228285362883,2,0.4645405073623091,0,9,1.399800580395111,0.03619455542883862,0.9725928254438502,2.3996883551115835,0.036144719090715566,0.9726904533369767,1.3996883551115766,-0.9638552809092905,0.972690453336979
3.802,0,1.3759717771178437,0.06993983651137148,1.0308136856523862,-0.12313432573295718,0.08533460670245308,0.29904751753729875,-1.096456213104111,0.4410181550776911,1.1336249431521281,2,0.4,0,13,1.4082636317419106,0.07208539828621843,1.002500879793607,2.4081479592605897,0.07205101155830376,1.0024311979579843,1.4081479592605843,-0.9279489884417013,1.0024311979579865
3.802,1,2.4019786389581173,0.09936162265142112,1.0592915581209612,0.012303524035851193,0.2989507935672577,0.23791676893313604,-0.19151592814919138,0.47791574127918246,0.06157559219431938,0,0.4,1,12,1.4082636317419106,0.07208539828621843,1.002500879793607,2.4081479592605897,0.07205101155830376,1.0024311979579843,1.4081479592605843,-0.9279489884417013,1.0024311979579865
3.802,2,1.4114532002236135,-0.9235614191780614,1.0150230663651314,0.09040102366519684,0.05741383903730258,0.09682297827108244,-0.04483687473084941,0.06549957247715757,-0.15450941124644935,0,0.4,1,9,1.4082636317419106,0.07208539828621843,1.002500879793607,2.4081479592605897,0.07205101155830376,1.0024311979579843,1.4081479592605843,-0.9279489884417013,1.0024311979579865
4.002000000000001,0,1.400553020466806,0.04525988414422888,1.0513174678342254,0.12290621674481156,-0.1233997618357126,0.10251891090919586,1.23020271238884,-1.0436718426908251,-0.9826430331405114,1,0.4,0,14,1.4158653227986022,0.0968596618410221,1.0249912373525696,2.415770003526059,0.09684767105975177,1.0246756781452973,1.4157700035260534,-0.9031523289402524,1.0246756781452995
4.002000000000001,1,2.395766301901224,0.10624912463132041,1.0428301499033323,0.04351258352005769,0.11834962698702063,-0.021759053156926656,0.15604529742103201,-0.9030058329011825,-1.2983791104503093,2,0.4,0,13,1.4158653227986022,0.0968596618410221,1.0249912373525696,2.415770003526059,0.09684767105975177,1.0246756781452973,1.4157700035260534,-0.9031523289402524,1.0246756781452995
4.002000000000001,2,1.383041319685808,-0.8832155463069533,1.0386847291349488,0.013196377480007529,0.1268141392208118,0.21652916507077363,-0.38602323092594537,0.3470015009175451,0.5985309339984541,3,0.4756584887961253,0,10,1.4158653227986022,0.0968596618410221,1.0249912373525696,2.415770003526059,0.09684767105975177,1.0246756781452973,1.4157700035260534,-0.9031523289402524,1.0246756781452995
4.2010000000000005,0,1.3943112507832605,0.15457416981642824,1.0721983628122045,-0.031365676801736235,0.5493180184532636,0.10492912049235778,-0.7752356459625523,3.3804913582360636,0.012111605945537287,4,0.4,0,15,1.4023774180027897,0.14785801359316467,1.0617717932747484,2.402292328041293,0.14785929933010955,1.0613202235108414,1.4022907763088805,-0.8521386431601439,1.0614599534452913
4.2010000000000005,1,2.3888122636450175,0.1682558283966047,1.0617143210793052,-0.034944915860334456,0.3115914762074589,0.09489533254257666,-0.39425879085624227,0.9710645689469269,0.586202943213585,2,0.4,0,14,1.4023774180027897,0.14785801359316467,1.0617717932747484,2.402292328041293,0.14785929933010955,1.0613202235108414,1.4022907763088805,-0.8521386431601439,1.0614599534452913
4.2010000000000005,2,1.3916818307261338,-0.8154432294605116,1.0584996205236332,0.04341965346897454,0.34056440626352635,0.09957231853610213,0.15187575873852782,1.0741219449382648,-0.5877228469078974,3,0.4,0,11,1.4023774180027897,0.14785801359316467,1.0617717932747484,2.402292328041293,0.14785929933010955,1.0613202235108414,1.4022907763088805,-0.8521386431601439,1.0614599534452913
4.402,0,1.3805580688485657,0.20638206814189175,1.1042676165890244,-0.06842379071987516,0.25775073793762987,0.15954852625283455,-0.18436872596089052,-1.450583485152409,0.2717383371168004,3,0.4,0,16,1.3862382402413391,0.18990186079707763,1.086909661729765,2.3861629219727694,0.18984484239682559,1.0857009102617414,1.3861489366184416,-0.8100593685215877,1.086653106411529
4.402,1,2.3691041046575214,0.1893442473050857,1.0587587617972347,-0.09805054222634792,0.1049175070073684,-0.014704275035175966,-0.3139583401294208,-1.0282287024880143,-0.5452716794913076,1,0.4,0,15,1.3862382402413391,0.18990186079707763,1.086909661729765,2.3861629219727694,0.18984484239682559,1.0857009102617414,1.3861489366184416,-0.8100593685215877,1.086653106411529
4.402,2,1.4005482425440816,-0.8064913751311913,1.0811144049918522,0.04411150158182985,0.0445365887030863,0.11251136551352794,0.0034420304122154805,-1.4727752117434856,0.06437336804689472,2,0.4,0,12,1.3862382402413391,0.18990186079707763,1.086909661729765,2.3861629219727694,0.18984484239682559,1.0857009102617414,1.3861489366184416,-0.8100593685215877,1.086653106411529
4.602,0,1.3698655847834964,0.25044969623648505,1.1171532907588588,-0.05346242032534582,0.22033814047296632,0.06442837084917269,0.07480685197264661,-0.18706298732331758,-0.4756007770183089,5,0.4,0,17,1.3755018055355135,0.2242431042790691,1.1034864091706702,2.375379616239481,0.22433837578772797,1.102317066772957,1.3754189270570278,-0.7757011456636902,1.1032863869072318
4.602,1,2.3621840289192315,0.23280947813136743,1.1050762215064966,-0.03460037869144947,0.21732615413140846,0.2315872985463089,0.317250817674492,0.5620432356201998,1.2314578679074233,3,0.4,0,16,1.3755018055355135,0.2242431042790691,1.1034864091706702,2.375379616239481,0.22433837578772797,1.102317066772957,1.3754189270570278,-0.7757011456636902,1.1032863869072318
4.602,2,1.3973226227956415,-0.7834148846849045,1.1232088123070367,-0.016128098742200767,0.11538245223143385,0.2104720365759231,-0.3011980016201528,0.3542293176417375,0.4898033553119753,5,0.4,0,13,1.3755018055355135,0.2242431042790691,1.1034864091706702,2.375379616239481,0.22433837578772797,1.102317066772957,1.3754189270570278,-0.7757011456636902,1.1032863869072318
4.801,0,1.3775459444568465,0.254884654909066,1.1316828599190791,0.03859477222789066,0.022286224485331296,0.07301291035286589,0.46259895755395253,-0.9952357587318351,0.04313838946579501,3,0.4,0,18,1.367997527555614,0.2524888841336148,1.1141613724253765,2.36787604694948,0.2526977991927227,1.1136164113906826,1.3679106911467298,-0.7474182124177394,1.114003544027961
4.801,1,2.337722741967746,0.2728776488306952,1.1148672582176407,-0.1229210399572127,0.20134759145390857,0.04920118950323626,-0.44382241842092107,-0.0802942848115573,-0.91651311076921,1,0.4,0,17,1.367997527555614,0.2524888841336148,1.1141613724253765,2.36787604694948,0.2526977991927227,1.1136164113906826,1.3679106911467298,-0.7474182124177394,1.114003544027961
4.801,2,1.3460262955138038,-0.7861635747098399,1.1242968522069907,-0.25777048885345566,-0.013812512688117524,0.005467537185697865,-1.2142833673932416,-0.6492209292439772,-1.0301733637699768,1,0.4,0,14,1.367997527555614,0.2524888841336148,1.1141613724253765,2.36787604694948,0.2526977991927227,1.1136164113906826,1.3679106911467298,-0.7474182124177394,1.114003544027961
5.002000000000001,0,1.3587411471789506,0.271392900715719,1.1335798886337347,-0.09355620536266682,0.08213057615250227,0.00943795380425604,-0.6574675502017767,0.29773309287149663,-0.31629331616223727,4,0.4,0,19,1.3640967331331875,0.27603721709687534,1.1229474875338046,2.3639973203012112,0.27622796486618356,1.1228812770041676,1.3640436562691687,-0.7239159771203939,1.1232271280228328
5.002000000000001,1,2.3721935828757212,0.28289964800155665,1.1516165178101843,0.17149672093519983,0.04986069239234534,0.18283213727633532,1.4647649795642377,-0.7536661644853873,0.6648305859358146,2,0.4,0,18,1.3640967331331875,0.27603721709687534,1.1229474875338046,2.3639973203012112,0.27622796486618356,1.1228812770041676,1.3640436562691687,-0.7239159771203939,1.1232271280228328
5.002000000000001,2,1.3439185024072122,-0.6934120378655297,1.1415129040331933,-0.010486532868614314,0.4614504320612433,0.08565199913533535,1.230268437735526,2.364492262434625,0.3989276713912302,3,0.4,0,15,1.3640967331331875,0.27603721709687534,1.1229474875338046,2.3639973203012112,0.27622796486618356,1.1228812770041676,1.3640436562691687,-0.7239159771203939,1.1232271280228328
5.202,0,1.3065838791127624,0.32758079148241337,1.1545950260630486,-0.26078634033094167,0.28093945383347296,0.1050756871465706,-0.8361506748413773,0.994044388404857,0.47818866671157456,5,0.4,0,20,1.3303983124659817,0.3164757594300394,1.1464688567304273,2.330310401889665,0.31659204186109235,1.1465777127840922,1.3303471129087983,-0.6835431234482593,1.1470567803616045
5.202,1,2.3109641929028983,0.31548939901876794,1.172702387702437,-0.3061469498641156,0.16294875508605702,0.10542934946126496,-2.388218353996586,0.5654403134685605,-0.3870139390753532,2,0.4,0,19,1.3303983124659817,0.3164757594300394,1.1464688567304273,2.330310401889665,0.31659204186109235,1.1465777127840922,1.3303471129087983,-0.6835431234482593,1.1470567803616045
5.202,2,1.3327333774188086,-0.6716103934280482,1.1614206475891178,-0.055925624942018894,0.10900822218740819,0.09953871777962343,-0.2271954603670237,-1.7622110493691818,0.06943359322144069,4,0.4,0,16,1.3303983124659817,0.3164757594300394,1.1464688567304273,2.330310401889665,0.31659204186109235,1.1465777127840922,1.3303471129087983,-0.6835431234482593,1.1470567803616045
5.402,0,1.2512231031719359,0.3745502251552515,1.1696010681419124,-0.2768038797041331,0.2348471683641904,0.07503021039431894,-0.08008769686595717,-0.23046142734641265,-0.1502273837612582,3,0.4,0,21,1.3011482365735825,0.35070506915873884,1.1593681907532536,2.3011058541194997,0.350814748884208,1.159483583325739,1.3010942668277776,-0.6492409885637227,1.16058358800758
5.402,1,2.287290408064326,0.37007776517110025,1.1812529412928847,-0.11836892419286305,0.27294183076166134,0.04275276795223878,0.938890128356262,0.5499653783780211,-0.31338290754513065,2,0.4,0,20,1.3011482365735825,0.35070506915873884,1.1593681907532536,2.3011058541194997,0.350814748884208,1.159483583325739,1.3010942668277776,-0.6492409885637227,1.16058358800758
5.402,2,1.270726200423591,-0.6602930565928582,1.1986171164602895,-0.3100358849760873,0.05658668417594987,0.1859823443558582,-1.2705513001703408,-0.26210769005729134,0.43221813288117344,1,0.4,0,17,1.3011482365735825,0.35070506915873884,1.1593681907532536,2.3011058541194997,0.350814748884208,1.159483583325739,1.3010942668277776,-0.6492409885637227,1.16058358800758
5.602,0,1.2957274752471402,0.39383740172267157,1.1767083164212497,0.22252186037602242,0.09643588283710028,0.03553624139668695,2.4966287004007754,-0.6920564276354499,-0.19746984498815975,5,0.4,0,22,1.2783690099296185,0.38087764296787663,1.167457014111089,2.2783508826830636,0.3809793484289041,1.167570335864491,1.2784222060525987,-0.6191625353055418,1.1686040800286635
5.602,1,2.2657741279720254,0.4103716515329021,1.2026712404099298,-0.10758140046150157,0.20146943180900917,0.10709149558522525,0.053937618656807344,-0.3573619947632605,0.3216936381649321,1,0.4,0,21,1.2783690099296185,0.38087764296787663,1.167457014111089,2.2783508826830636,0.3809793484289041,1.167570335864491,1.2784222060525987,-0.6191625353055418,1.1686040800286635
5.602,2,1.1889397487306483,-0.5974224590195445,1.185169411266377,-0.4089322584647133,0.31435298786656823,-0.0672385259695612,-0.4944818674431296,1.2888315184530907,-1.2661043516270958,1,0.4,0,18,1.2783690099296185,0.38087764296787663,1.167457014111089,2.2783508826830636,0.3809793484289041,1.167570335864491,1.2784222060525987,-0.6191625353055418,1.1686040800286635
5.8020000000000005,0,1.2378213446763948,0.4221966629466509,1.1872313232655354,-0.28953065285372753,0.14179630611989666,0.05261503422142761,-2.5602625661487477,0.2268021164139817,0.08539396412370323,5,0.4,0,23,1.2604955800514235,0.4072516545086109,1.1722007875993976,2.2604950405049493,0.40736672277046926,1.172497663741907,1.2606055790969184,-0.5928302767004634,1.1733429019356647
5.8020000000000005,1,2.2404838559702984,0.4596871561071625,1.2189970644068162,-0.12900498697813326,0.2570709882353268,0.07922988348063767,-0.02553626969496993,0.10493465364024676,-0.02399236503793578,0,0.4,1,21,1.2604955800514235,0.4072516545086109,1.1722007875993976,2.2604950405049493,0.40736672277046926,1.172497663741907,1.2606055790969184,-0.5928302767004634,1.1733429019356647
5.8020000000000005,2,1.2722924327560414,-0.5538790733340848,1.2041215822284328,0.4167634201269645,0.2177169284272982,0.09476085481027732,4.128478392958385,-0.48318029719634975,0.8099969038991919,3,0.4,0,19,1.2604955800514235,0.4072516545086109,1.1722007875993976,2.2604950405049493,0.40736672277046926,1.172497663741907,1.2606055790969184,-0.5928302767004634,1.1733429019356647
6.003,0,1.2334568940154935,0.4288936936947876,1.1801345183207683,-0.021713684880106,0.03331856093600333,-0.0353074872873989,1.3324227262369255,-0.539690274546734,-0.4374254801434163,6,0.4,0,24,1.2464482415594018,0.4303850507550119,1.1743638389109736,2.2464885936420567,0.4304348039510746,1.174433464426587,1.2466130616846176,-0.569793277773754,1.1751016151419393
6.003,1,2.2185246055855465,0.41528549894096,1.1946290537352748,-0.07814098914670185,-0.2054208488740771,-0.10467173905273194,0.2530547155792612,-2.3009544134796256,-0.9149334454396515,1,0.4,0,22,1.2464482415594018,0.4303850507550119,1.1743638389109736,2.2464885936420567,0.4304348039510746,1.174433464426587,1.2466130616846176,-0.569793277773754,1.1751016151419393
6.003,2,1.2549594899944607,-0.5523829230801365,1.188713012042728,-0.08623354607751556,0.00744353360173303,-0.07665955316270974,-2.5024724686790103,-1.0461362926645053,-0.8528378506118776,1,0.4,0,20,1.2464482415594018,0.4303850507550119,1.1743638389109736,2.2464885936420567,0.4304348039510746,1.174433464426587,1.2466130616846176,-0.569793277773754,1.1751016151419393
6.203,0,1.2235176298139645,0.44392846062404057,1.1891194408922714,-0.0496963210076445,0.07517383464626486,0.044924612857515325,-0.13991318063769237,0.20927636855130746,0.40116050072457077,7,0.4,0,25,1.235619747472714,0.4506079630652935,1.1744513495957913,2.2356561640149333,0.45068621634802086,1.174718625817251,1.235795099614976,-0.5496042989856753,1.1749126531188305
6.203,1,2.203710551474442,0.4456275300414829,1.1842530886221705,-0.07407027055552177,0.15171015550261444,-0.05187982556552168,0.020353592955900373,1.7856550218834562,0.2639595674360511,1,0.4,0,23,1.235619747472714,0.4506079630652935,1.1744513495957913,2.2356561640149333,0.45068621634802086,1.174718625817251,1.235795099614976,-0.5496042989856753,1.1749126531188305
6.203,2,1.2010311100462738,-0.5435002046236543,1.1855331531776128,-0.2696418997409342,0.044413592282410666,-0.015899294325577004,-0.9170417683170926,0.18485029340338804,0.30380129418566343,2,0.4,0,21,1.235619747472714,0.4506079630652935,1.1744513495957913,2.2356561640149333,0.45068621634802086,1.174718625817251,1.235795099614976,-0.5496042989856753,1.1749126531188305
6.402,0,1.1878529683756787,0.5059481405538149,1.2005783373267405,-0.17921940421249236,0.31165668306419275,0.057582394143061245,-0.6508697648484821,1.1883560222006435,0.06360694113339663,6,0.4,0,26,1.214218507836286,0.47631749703706555,1.1870213261069313,2.214238883607619,0.476368753262545,1.1873718528973427,1.2143312385876432,-0.5237679582009154,1.187326875824003
6.402,1,2.227476639031789,0.5044781086378645,1.1998461141594385,0.11942757566505868,0.2957315507355859,0.07835691224757874,0.9723509860330685,0.7237256041857867,0.6544559689100529,2,0.4,0,24,1.214218507836286,0.47631749703706555,1.1870213261069313,2.214238883607619,0.476368753262545,1.1873718528973427,1.2143312385876432,-0.5237679582009154,1.187326875824003
6.402,2,1.2167937244371174,-0.5099438100854008,1.1991838925126965,0.07920911754192764,0.16862509818217875,0.0685966800757984,1.7530201873510658,0.6241784216068753,0.42460288643907274,3,0.4,0,22,1.214218507836286,0.47631749703706555,1.1870213261069313,2.214238883607619,0.476368753262545,1.1873718528973427,1.2143312385876432,-0.5237679582009154,1.187326875824003
6.602,0,1.1677587450888653,0.5170212368110252,1.210745518272758,-0.1004711164340654,0.05536548128605152,0.05083590473008765,0.3937414388921345,-1.281456008890705,-0.03373244706486794,6,0.4,0,27,1.1722019984357877,0.5015615183336865,1.1965857348172204,2.1722682331814913,0.5016047498010504,1.1968670690070615,1.172347195962965,-0.49852951280795155,1.1967729693100717
6.602,1,2.1530164033498886,0.5276982912179901,1.2206995801167877,-0.3723011784095006,0.11610091290062786,0.10426732978674515,-2.4586437703727944,-0.8981531891747894,0.12955208769583193,2,0.4,0,25,1.1722019984357877,0.5015615183336865,1.1965857348172204,2.1722682331814913,0.5016047498010504,1.1968670690070615,1.172347195962965,-0.49852951280795155,1.1967729693100717
6.602,2,1.1763731441804484,-0.49549266578316065,1.2025823936823474,-0.20210290128334568,0.07225572151120067,0.0169925058482545,-1.4065600941263654,-0.48184688335488995,-0.25802087113771927,3,0.4,0,23,1.1722019984357877,0.5015615183336865,1.1965857348172204,2.1722682331814913,0.5016047498010504,1.1968670690070615,1.172347195962965,-0.49852951280795155,1.1967729693100717
6.801,0,1.1342105235864004,0.5336730932672621,1.214769136842993,-0.16858402765057776,0.08367767063435635,0.020219188795149817,-0.34227593576136894,0.142272308282939,-0.1538528438941601,8,0.4,0,28,1.1386308088788897,0.5245971157355351,1.2004811110996993,2.1387240747768805,0.5246221793458545,1.200689598398957,1.1387727155410383,-0.4754981639426487,1.2006099822183258
6.801,1,2.0872956102699565,0.533655107190022,1.229863272188212,-0.33025524160770187,0.02993374860317542,0.04604870387650356,0.2112861145819034,-0.43300082561533926,-0.2925559090966916,2,0.4,0,26,1.1386308088788897,0.5245971157355351,1.2004811110996993,2.1387240747768805,0.5246221793458545,1.200689598398957,1.1387727155410383,-0.4754981639426487,1.2006099822183258
6.801,2,1.1229608783463023,-0.46492808398048857,1.2058032865637138,-0.26840334590023157,0.15359086333001054,0.016185391363650263,-0.3331680634014369,0.40871930562216047,-0.004055851681428326,3,0.4,0,24,1.1386308088788897,0.5245971157355351,1.2004811110996993,2.1387240747768805,0.5246221793458545,1.200689598398957,1.1387727155410383,-0.4754981639426487,1.2006099822183258
7.002000000000001,0,1.0986769821688092,0.5503254153611035,1.2138714274335927,-0.17678378814721965,0.08284737360120066,-0.004466215967164358,-0.04079482834150186,-0.004130831010724836,-0.12281295901648812,4,0.4,0,29,1.1109233836601657,0.5461447790248791,1.2010957455975182,2.1109856093029817,0.5462217642219116,1.2015717147148004,1.1110131955613816,-0.4538840967331919,1.2015132767032444
7.002000000000001,1,2.1087007727991773,0.5475713527893027,1.2152483285329105,0.10649334591652256,0.06923505273273978,-0.07271116246418513,2.1728785448966335,0.19552887626648882,-0.590845106172579,2,0.4,0,27,1.1109233836601657,0.5461447790248791,1.2010957455975182,2.1109856093029817,0.5462217642219116,1.2015717147148004,1.1110131955613816,-0.4538840967331919,1.2015132767032444
7.002000000000001,2,1.0926588537671929,-0.4662005981797348,1.1932203883074126,-0.1507563411895984,-0.006330916414160347,-0.06260148386219493,0.5853084811474272,-0.7956307449958729,-0.3919745036111691,1,0.4,0,25,1.1109233836601657,0.5461447790248791,1.2010957455975182,2.1109856093029817,0.5462217642219116,1.2015717147148004,1.1110131955613816,-0.4538840967331919,1.2015132767032444
7.2010000000000005,0,1.0920522972621576,0.5821550839702867,1.2005175745843597,-0.03328987390277234,0.15994808346323247,-0.06710478818710147,0.7210749459519971,0.38744075307553705,-0.3147666945725486,8,0.4,0,30,1.0880095180036968,0.5662234513910399,1.1999762217060954,2.087964912672256,0.5663789215339663,1.2009057654764328,1.0881173144792604,-0.4338169322999861,1.2004776171356633
7.2010000000000005,1,2.0790311318606536,0.5837569623015588,1.212058558524744,-0.14909367305790955,0.18183723372993046,-0.01602899501591237,-1.284356879268504,0.5658401055135215,0.2848350123028784,2,0.4,0,28,1.0880095180036968,0.5662234513910399,1.1999762217060954,2.087964912672256,0.5663789215339663,1.2009057654764328,1.0881173144792604,-0.4338169322999861,1.2004776171356633
7.2010000000000005,2,1.0401719415293398,-0.39540139415993303,1.195408790640617,-0.26375332782840705,0.3557748945718685,0.010996996649268283,-0.5678240534613503,1.8196271908845685,0.3698416106103682,1,0.4,0,26,1.0880095180036968,0.5662234513910399,1.1999762217060954,2.087964912672256,0.5663789215339663,1.2009057654764328,1.0881173144792604,-0.4338169322999861,1.2004776171356633
7.4030000000000005,0,1.064538268305471,0.6219062712097421,1.1950804293681438,-0.13620806414201256,0.19678805564086818,-0.02691656047631557,-0.5094959912833675,0.18237609988928574,0.19895162233062333,7,0.4,0,31,1.0688569235863323,0.5849073419138551,1.1975677679036967,2.068896010759401,0.5849919339260843,1.198452913996922,1.0690119597003818,-0.41517129573537137,1.1979942968588588
7.4030000000000005,1,2.0331848546408295,0.5637869265972267,1.200097447976955,-0.22696176841497054,-0.09886156289273314,-0.05921341855341052,-0.3854856205795099,-1.3895980030824935,-0.21378427493810973,2,0.4,0,29,1.0688569235863323,0.5849073419138551,1.1975677679036967,2.068896010759401,0.5849919339260843,1.198452913996922,1.0690119597003818,-0.41517129573537137,1.1979942968588588
7.4030000000000005,2,1.074879190862048,-0.35042389971905297,1.2034188340844878,0.17181806600350594,0.22266086356871323,0.03965368041520142,2.1562940288708567,-0.6589803515007688,0.1418647711184809,1,0.4,0,27,1.0688569235863323,0.5849073419138551,1.1975677679036967,2.068896010759401,0.5849919339260843,1.198452913996922,1.0690119597003818,-0.41517129573537137,1.1979942968588588
7.603000000000001,0,1.0414346074404472,0.6168148013728405,1.2073836756137886,-0.1155183043251189,-0.02545734918450779,0.06151623122822297,0.10344879908446816,-1.111227024126879,0.44216395852269236,11,0.4,0,32,1.0530269584351482,0.6021858337345992,1.1944371140013534,2.053120078128749,0.6022165147232008,1.195168106653254,1.0531748724518366,-0.3979329455649071,1.1945287017848603
7.603000000000001,1,2.0511053497197134,0.5972906038151425,1.2287813393068707,0.08960247539442015,0.1675183860895789,0.14341945664957875,1.582821219046952,1.331899744911559,1.0131643760149456,2,0.4,0,30,1.0530269584351482,0.6021858337345992,1.1944371140013534,2.053120078128749,0.6022165147232008,1.195168106653254,1.0531748724518366,-0.3979329455649071,1.1945287017848603
7.603000000000001,2,1.0487083558895574,-0.3664968793735952,1.196892721774934,-0.130854174862453,-0.08036489827271114,-0.032630561547767306,-1.513361204329793,-1.5151288092071205,-0.3614212098148433,3,0.4,0,28,1.0530269584351482,0.6021858337345992,1.1944371140013534,2.053120078128749,0.6022165147232008,1.195168106653254,1.0531748724518366,-0.3979329455649071,1.1945287017848603
7.803000000000001,0,1.0385672497314555,0.6320967476507824,1.2084154760687231,-0.01433678854495911,0.07640973138970934,0.005159002274672804,0.5059075789007985,0.5093354028710853,-0.2817861447677506,6,0.4,0,33,1.042326079037366,0.6182351876111816,1.1918600910171928,2.042590293620763,0.6177221944613135,1.1916978962551736,1.0425912278982585,-0.3823709783525834,1.1911503496020626
7.803000000000001,1,2.005019967116791,0.6296250749301527,1.2298037432084643,-0.23042691301461285,0.16167235557505086,0.005112019507967354,-1.6001469420451635,-0.029230152572640142,-0.6915371857080563,1,0.4,0,31,1.042326079037366,0.6182351876111816,1.1918600910171928,2.042590293620763,0.6177221944613135,1.1916978962551736,1.0425912278982585,-0.3823709783525834,1.1911503496020626
7.803000000000001,2,1.0542463946418463,-0.3749047395642846,1.226967630925545,0.027690193761444302,-0.042039300953446955,0.15037454575305406,0.7927218431194857,0.19162798659632074,0.915025536504106,2,0.4,0,29,1.042326079037366,0.6182351876111816,1.1918600910171928,2.042590293620763,0.6177221944613135,1.1916978962551736,1.0425912278982585,-0.3823709783525834,1.1911503496020626
8.003,0,1.004843557435894,0.637901111254017,1.221176335750956,-0.16861846147780696,0.02902181801617342,0.06380429841116497,-0.7714083646642419,-0.23693956686768045,0.2932264806824619,11,0.4,0,34,1.0001468451275277,0.6380232843521988,1.205003812004671,2.004020928395956,0.6381622444785673,1.204609232692517,1.0039403108619867,-0.36190813010976125,1.2041780029890246
8.003,1,2.0158615269264737,0.6707854602894177,1.2200449097071062,0.054207799048414856,0.2058019267963253,-0.04879416750679117,1.4231735603151436,0.22064785610637302,-0.26953093507379355,2,0.4,0,32,1.0001468451275277,0.6380232843521988,1.205003812004671,2.004020928395956,0.6381622444785673,1.204609232692517,1.0039403108619867,-0.36190813010976125,1.2041780029890246
8.003,2,1.063642437217226,-0.4035539101381085,1.2594203572249285,0.06519438159575056,-0.18596815224418473,0.18961451177190444,0.18214168718852472,-0.4272229937506474,0.27350880274986566,0,0.4,1,29,1.0001468451275277,0.6380232843521988,1.205003812004671,2.004020928395956,0.6381622444785673,1.204609232692517,1.0039403108619867,-0.36190813010976125,1.2041780029890246
8.202,0,0.9398898075751045,0.6601066265529885,1.221555533983329,-0.3264007530692948,0.11158550401493181,0.001905518755644229,-0.7928758371431555,0.4148928944661228,-0.3110491439975919,10,0.4,0,35,0.9586254314983669,0.651365303917441,1.2057132787459341,1.9620156547721839,0.6512368052302776,1.2052265347812303,0.9620082685040146,-0.3488207127518227,1.2047908424453333
8.202,1,1.9691038629898718,0.6790657327897898,1.206206479420902,-0.2349631353598085,0.04160940954960862,-0.0695398506844429,-1.453120273408159,-0.8250880263654111,-0.10424966420930527,3,0.4,0,33,0.9586254314983669,0.651365303917441,1.2057132787459341,1.9620156547721839,0.6512368052302776,1.2052265347812303,0.9620082685040146,-0.3488207127518227,1.2047908424453333
8.202,2,0.964562424634603,-0.3521943024523886,1.2724758900139632,-0.5286779411205674,0.19173562327918214,0.10328497583217391,-2.9842830287252182,1.8980089222279757,-0.43381676351623416,1,0.4,0,30,0.9586254314983669,0.651365303917441,1.2057132787459341,1.9620156547721839,0.6512368052302776,1.2052265347812303,0.9620082685040146,-0.3488207127518227,1.2047908424453333
8.403,0,0.9194294835352139,0.6762299099204502,1.221871349427955,-0.10179265691487872,0.08021534013662525,0.0015712211175411786,1.1174532146985845,-0.15607046705625113,-0.0016631723288708928,9,0.4,0,36,0.9230886680345647,0.6659250344919031,1.2034089431142116,1.9260886875254712,0.6655908618853542,1.20273965865085,0.9259440003832877,-0.33437064792693744,1.2027782587479667
8.403,1,1.9001602171525611,0.6718470043474339,1.1993495696200738,-0.343003213120948,-0.03591407185251646,-0.03411397910859794,-0.5375128246822847,-0.38568896219962634,0.17624811729276058,2,0.4,0,34,0.9230886680345647,0.6659250344919031,1.2034089431142116,1.9260886875254712,0.6655908618853542,1.20273965865085,0.9259440003832877,-0.33437064792693744,1.2027782587479667
8.403,2,0.9239148630409267,-0.3178469668107755,1.2242816881347345,-0.20222667459540383,0.17088226687369645,-0.23977214865287924,1.6241356543540437,-0.10374804181833651,-1.706751863109713,2,0.4,0,31,0.9230886680345647,0.6659250344919031,1.2034089431142116,1.9260886875254712,0.6655908618853542,1.20273965865085,0.9259440003832877,-0.33437064792693744,1.2027782587479667
8.602,0,0.8723639014711875,0.6861273166941242,1.2139571164616698,-0.23651046263329836,0.04973571243052271,-0.03977001490595601,-0.6769738980825112,-0.15316395832212343,-0.20774490464068954,11,0.4,0,37,0.8924710553875493,0.680710113937381,1.1995423441314004,1.8950456033372078,0.6802785094566741,1.1988926140903178,0.8948630801854193,-0.3196325959880462,1.1993403408625767
8.602,1,1.8996890062193112,0.6753381293509172,1.2191478217208038,-0.0023678941369340016,0.01754334172604651,0.09948870402376918,1.7117352712764535,0.26863021898775385,0.6713702669968202,4,0.4,0,35,0.8924710553875493,0.680710113937381,1.1995423441314004,1.8950456033372078,0.6802785094566741,1.1988926140903178,0.8948630801854193,-0.3196325959880462,1.1993403408625767
8.602,2,0.8636881532277574,-0.30805015755131593,1.1938929592185576,-0.3026467829807505,0.04923019728371653,-0.15270718048330023,-0.504623660227873,-0.6113169326129649,0.43751240286220644,4,0.4,0,32,0.8924710553875493,0.680710113937381,1.1995423441314004,1.8950456033372078,0.6802785094566741,1.1988926140903178,0.8948630801854193,-0.3196325959880462,1.1993403408625767
8.802000000000001,0,0.8753606251886545,0.7006557014662395,1.220335693389496,0.014983618587334966,0.07264192386057594,0.03189288463913181,1.2574704061031599,0.11453105715026556,0.3583144977254372,10,0.4,0,38,0.8660676055480114,0.6954997032584637,1.1948565001313738,1.8682520823822304,0.6950254774431425,1.1943946551625406,0.868138113565199,-0.3049192056703952,1.194832916735389
8.802000000000001,1,1.8720323851525575,0.6946059522747909,1.2126137256718073,-0.13828310533376778,0.09633911461936821,-0.032670480244982696,-0.6795760559841653,0.39397886446660646,-0.6607959213437559,3,0.4,0,36,0.8660676055480114,0.6954997032584637,1.1948565001313738,1.8682520823822304,0.6950254774431425,1.1943946551625406,0.868138113565199,-0.3049192056703952,1.194832916735389
8.802000000000001,2,0.8291931917712576,-0.28853731032682806,1.2156248333431154,-0.17247480728249823,0.09756423612243885,0.10865937062278783,0.6508598784912578,0.2416701941936103,1.3068327555304335,6,0.4,0,33,0.8660676055480114,0.6954997032584637,1.1948565001313738,1.8682520823822304,0.6950254774431425,1.1943946551625406,0.868138113565199,-0.3049192056703952,1.194832916735389
9.001000000000001,0,0.8383677177538298,0.7260165723158367,1.198090903312591,-0.18589400721017477,0.1274415620582778,-0.11178286470806567,-1.009435305515125,0.2753750663201101,-0.7219886901869226,16,0.4,0,39,0.8433312495746055,0.7101267738771025,1.1900049334719194,1.8451897071507048,0.7096279441665964,1.1897319453370667,0.8451209894610382,-0.29034519698259575,1.1900860501800434
9.001000000000001,1,1.858597116963005,0.706709745540695,1.2598628991153236,-0.06751391050026463,0.060823081738211354,0.2374330323794797,0.35562409464071965,-0.17847252704098937,1.3573040835400132,1,0.4,0,37,0.8433312495746055,0.7101267738771025,1.1900049334719194,1.8451897071507048,0.7096279441665964,1.1897319453370667,0.8451209894610382,-0.29034519698259575,1.1900860501800434
9.001000000000001,2,0.84572333416526,-0.28950138545284343,1.1973483243455483,0.0830660421809167,-0.004844598623192835,-0.09184175375661843,1.284124871675453,-0.5146172600283003,-1.007543338589982,4,0.4,0,34,0.8433312495746055,0.7101267738771025,1.1900049334719194,1.8451897071507048,0.7096279441665964,1.1897319453370667,0.8451209894610382,-0.29034519698259575,1.1900860501800434
9.202,0,0.8266367027671695,0.7323370924823014,1.1998983037364095,-0.05836325864010133,0.031445373962511,0.008992041909545083,0.6344813361695235,-0.4775929756008329,0.6008701821771717,15,0.4,0,40,0.8239269775077884,0.7243271110205995,1.1848609690370075,1.8255135015502344,0.7238147676055493,1.184738203308184,0.8254728907678077,-0.27618074347525823,1.1850101780394582
9.202,1,1.8516954541025628,0.7515449075351317,1.1919901554875905,-0.03433663114647851,0.2230605074350099,-0.3376753414315112,0.16506109131236982,0.8071513716258686,-2.861235690601963,4,0.4,0,38,0.8239269775077884,0.7243271110205995,1.1848609690370075,1.8255135015502344,0.7238147676055493,1.184738203308184,0.8254728907678077,-0.27618074347525823,1.1850101780394582
9.202,2,0.8334778116363777,-0.2503252142999053,1.1929848450378548,-0.06092299765613168,0.1949063241439721,-0.021708852277081876,-0.7163633822738771,0.9937856854087871,0.34891990785839305,4,0.4,0,35,0.8239269775077884,0.7243271110205995,1.1848609690370075,1.8255135015502344,0.7238147676055493,1.184738203308184,0.8254728907678077,-0.27618074347525823,1.1850101780394582
9.403,0,0.7931940918911105,0.7394016507054658,1.1876852994053562,-0.16638114863710923,0.035147055836638866,-0.060761215577380664,-0.5374024377960578,0.018416327731979383,-0.3470311317757491,15,0.4,0,41,0.8074496446347902,0.7379599966725617,1.1794576182908334,1.8088155183678223,0.7374263354233365,1.179321195125014,0.8087815732080125,-0.2625692747438655,1.1796505158495836
9.403,1,1.7792115461007045,0.7589020695157568,1.205246460742238,-0.36061645772068673,0.03660279592350778,0.06595176743605811,-1.6232827192746637,-0.9276503060273715,2.008095068992877,3,0.4,0,39,0.8074496446347902,0.7379599966725617,1.1794576182908334,1.8088155183678223,0.7374263354233365,1.179321195125014,0.8087815732080125,-0.2625692747438655,1.1796505158495836
9.403,2,0.8219127075783818,-0.27815421274139007,1.210135672052206,-0.05753783113430771,-0.13845272856460059,0.08532749758383616,0.0168416244866864,-1.6585027497938898,0.5325191535369043,4,0.4,0,36,0.8074496446347902,0.7379599966725617,1.1794576182908334,1.8088155183678223,0.7374263354233365,1.179321195125014,0.8087815732080125,-0.2625692747438655,1.1796505158495836
9.604000000000001,0,0.7742593519456133,0.7770405372831344,1.1952704910895602,-0.09420268629600526,0.18725814217745507,0.03773727206071696,0.3590968275676806,0.7567715738349046,0.49004222705521083,17,0.4,0,42,0.7911825884608034,0.7519737496843729,1.1793306083882644,1.7923461795527518,0.7514022193266248,1.1790467759009957,0.7922736890585708,-0.24856229201195712,1.1796200577777296
9.604000000000001,1,1.766391876985012,0.7614220563266292,1.1846023553833542,-0.06377944833677866,0.012537247815285535,-0.10270699183524325,1.4768010417109816,-0.119729095065782,-0.8390983048323429,4,0.4,0,40,0.7911825884608034,0.7519737496843729,1.1793306083882644,1.7923461795527518,0.7514022193266248,1.1790467759009957,0.7922736890585708,-0.24856229201195712,1.1796200577777296
9.604000000000001,2,0.7866671265038199,-0.27866488163080794,1.2268516300266117,-0.17535114962468554,-0.002540641240884892,0.08316397002191937,-0.5861359128874504,0.6761795389239569,-0.0107638187160039,2,0.4,0,37,0.7911825884608034,0.7519737496843729,1.1793306083882644,1.7923461795527518,0.7514022193266248,1.1790467759009957,0.7922736890585708,-0.24856229201195712,1.1796200577777296
9.802000000000001,0,0.7407548349836417,0.7712999094678119,1.2068116526767714,-0.16921473213116964,-0.028993069774355874,0.05828869488490489,-0.3788487163392133,-1.092177838140457,0.10379506476862568,18,0.4,0,43,0.7431358426136342,0.7583217271734765,1.183861241285126,1.7440949840765085,0.7577499538604691,1.1835783038921628,0.7440884951483631,-0.24223628637083391,1.184085618918555
9.802000000000001,1,1.7335837026798762,0.7593879375073977,1.1880933113001717,-0.1656978500259382,-0.010273327369855707,0.01763109048897822,-0.5147394024705017,-0.1152049251774808,0.6077680925465718,3,0.4,0,41,0.7431358426136342,0.7583217271734765,1.183861241285126,1.7440949840765085,0.7577499538604691,1.1835783038921628,0.7440884951483631,-0.24223628637083391,1.184085618918555
9.802000000000001,2,0.7415402681219553,-0.21676001546101475,1.2031185873939194,-0.22791342617103294,0.3126508392413791,-0.11986385168026431,-0.2654660431633702,1.591876164051835,-1.0253930388999155,3,0.4,0,38,0.7431358426136342,0.7583217271734765,1.183861241285126,1.7440949840765085,0.7577499538604691,1.1835783038921628,0.7440884951483631,-0.24223628637083391,1.184085618918555
10.002,0,0.7033633811435507,0.7676154317465853,1.194178348387767,-0.18695726920045588,-0.018422388606133055,-0.06316652144502244,-0.08871268534643155,0.05285340584111429,-0.6072760816496388,11,0.4,0,44,0.7021723717229177,0.7646421764112924,1.1801133895573348,1.7029646472240294,0.7641062171818903,1.1799015639875434,0.7030158481733456,-0.2358972850026023,1.1803108555503359
10.002,1,1.7088636752436719,0.7766376746361207,1.2075755776591235,-0.12360013718102181,0.08624868564361485,0.09741133179475871,0.21048856422458273,0.48261006506735443,0.3989012065289039,3,0.4,0,42,0.7021723717229177,0.7646421764112924,1.1801133895573348,1.7029646472240294,0.7641062171818903,1.1799015639875434,0.7030158481733456,-0.2358972850026023,1.1803108555503359
10.002,2,0.6831156377456205,-0.22444482999466464,1.206785417450929,-0.29212315188167504,-0.03842407266824957,0.01833415028504821,-0.32104862855321165,-1.7553745595481498,0.690990009826565,3,0.4,0,39,0.7021723717229177,0.7646421764112924,1.1801133895573348,1.7029646472240294,0.7641062171818903,1.1799015639875434,0.7030158481733456,-0.2358972850026023,1.1803108555503359
10.201,0,0.6563139828580892,0.783730605194441,1.1869448236732558,-0.23642913711287208,0.0809807710947525,-0.03634937042467952,-0.24860235131867456,0.49951336533108365,0.13475955286604493,15,0.4,0,45,0.665977355973365,0.7727795451894811,1.1743343875532113,1.6666319739184683,0.7722833338271847,1.1741952304399967,0.6667186895821057,-0.22773928290547651,1.1745181956000401
10.201,1,1.63000193071857,0.8150872990685473,1.1699964374449134,-0.3962901734929745,0.19321419312777205,-0.18883990057392,-1.3703016900098137,0.537515112985715,-1.4384484038627083,2,0.4,0,43,0.665977355973365,0.7727795451894811,1.1743343875532113,1.6666319739184683,0.7722833338271847,1.1741952304399967,0.6667186895821057,-0.22773928290547651,1.1745181956000401
10.201,2,0.6982869227992881,-0.24572440869462886,1.2042782275606827,0.07623761333501315,-0.10693255628122732,-0.012598944172092738,1.851059121691902,-0.34426373674863214,-0.15544268571427625,3,0.4,0,40,0.665977355973365,0.7727795451894811,1.1743343875532113,1.6666319739184683,0.7722833338271847,1.1741952304399967,0.6667186895821057,-0.22773928290547651,1.1745181956000401
10.402000000000001,0,0.6199205553132299,0.7969542420893,1.1816387366782852,-0.18106182858138925,0.06578923828288016,-0.02639844276104711,0.275459246425287,-0.07557976523319554,0.04950710280414122,21,0.4,0,46,0.6339128266367059,0.7821247723221838,1.16778712354303,1.634455230462078,0.7816700416956222,1.1677103604199073,0.6345598469307485,-0.21836983580953512,1.1679659028208185
10.402000000000001,1,1.6228638498782386,0.792923978343255,1.1702183114830103,-0.0355128400016487,-0.11026527724025971,0.0011038509358055957,1.7949121069220142,-1.509848111283736,0.9449937886055976,4,0.4,0,44,0.6339128266367059,0.7821247723221838,1.16778712354303,1.634455230462078,0.7816700416956222,1.1677103604199073,0.6345598469307485,-0.21836983580953512,1.1679659028208185
10.402000000000001,2,0.6384297724692946,-0.21235728013092126,1.2093584613561714,-0.2977967678109122,0.16600561474481354,0.025274795002432484,-1.8608675678901712,1.3579013483882594,0.18842656305733893,3,0.4,0,41,0.6339128266367059,0.7821247723221838,1.16778712354303,1.634455230462078,0.7816700416956222,1.1677103604199073,0.6345598469307485,-0.21836983580953512,1.1679659028208185
10.603000000000002,0,0.6002890101052979,0.789824540813003,1.1761897782095243,-0.0976693791439396,-0.035471150628343065,-0.0271092461132378,0.41488780814651466,-0.5037830294090695,-0.0035363350855258254,20,0.4,0,47,0.6055125916781565,0.7923903596476951,1.1612774212841441,1.6059635998044088,0.7919767092118064,1.1612516884511366,0.6060678599762104,-0.2080795976260662,1.1614694644305885
10.603000000000002,1,1.5813836312553238,0.798740503032389,1.1761234634990543,-0.20636924688017283,0.028937933776785805,0.029378865751461626,-0.8500318750175309,0.6925532886420158,0.14067171550077592,4,0.4,0,45,0.6055125916781565,0.7923903596476951,1.1612774212841441,1.6059635998044088,0.7919767092118064,1.1612516884511366,0.6060678599762104,-0.2080795976260662,1.1614694644305885
10.603000000000002,2,0.6084161198717315,-0.2033373465404542,1.185147228922418,-0.14932165471424383,0.0448752914948608,-0.12045389270524129,0.7386821547097909,-0.6026384241291166,-0.7250183468043453,5,0.4,0,42,0.6055125916781565,0.7923903596476951,1.1612774212841441,1.6059635998044088,0.7919767092118064,1.1612516884511366,0.6060678599762104,-0.2080795976260662,1.1614694644305885
10.802000000000001,0,0.5637151931757515,0.8053354197563749,1.1622190122327982,-0.1837880247715904,0.07794411529332612,-0.07020485415440361,-0.43275701320427573,0.5699259594053733,-0.21656084442796908,22,0.4,0,48,0.5805300512384702,0.8032485575182567,1.1549357681785382,1.580844176174357,0.8029245664869467,1.1552635066896526,0.5809653094741499,-0.19712664073178612,1.155495008221739
10.802000000000001,1,1.5849745011521008,0.7990291155948241,1.154014372725729,0.018044572345613272,0.00145031438409636,-0.11110095865992478,1.1277076343004335,-0.13812874066678124,-0.7059287658863643,5,0.4,0,46,0.5805300512384702,0.8032485575182567,1.1549357681785382,1.580844176174357,0.8029245664869467,1.1552635066896526,0.5809653094741499,-0.19712664073178612,1.155495008221739
10.802000000000001,2,0.5920413497068173,-0.18875164023702773,1.1729876274066404,-0.08228527721062386,0.07329500654988187,-0.06110352520491237,0.3368662186111559,0.14281263846744266,0.2982430527654722,5,0.4,0,43,0.5805300512384702,0.8032485575182567,1.1549357681785382,1.580844176174357,0.8029245664869467,1.1552635066896526,0.5809653094741499,-0.19712664073178612,1.155495008221739
11.003,0,0.5617705055673576,0.8151913596180337,1.1568242119995036,-0.00967506272832767,0.049034526674919615,-0.026839802155693784,0.8662336420062877,-0.1438287990965507,0.21574652735676667,15,0.4,0,49,0.5587882890977186,0.8143996693098436,1.148678528986506,1.5590917526841943,0.8140950192456292,1.1490412812007418,0.5591702089702411,-0.18593936829434932,1.1494406601335436
11.003,1,1.572158920327003,0.799513643804805,1.1624626380728462,-0.0637591085825766,0.0024105881093577546,0.042031170881179705,-0.40698348720492733,0.004777481220205973,0.7618513907517684,6,0.4,0,47,0.5587882890977186,0.8143996693098436,1.148678528986506,1.5590917526841943,0.8140950192456292,1.1490412812007418,0.5591702089702411,-0.18593936829434932,1.1494406601335436
11.003,2,0.5624705532759646,-0.19473154976148077,1.1539330507697099,-0.147118390203248,-0.02975079365399542,-0.09479888874094862,-0.32255280095833105,-0.5126656726561092,-0.16763862455739534,5,0.4,0,44,0.5587882890977186,0.8143996693098436,1.148678528986506,1.5590917526841943,0.8140950192456292,1.1490412812007418,0.5591702089702411,-0.18593936829434932,1.1494406601335436
11.203000000000001,0,0.5257248882399664,0.8260183079364113,1.1508312931258893,-0.18022808663695472,0.05413474159188773,-0.029964594368071924,-0.8527651195431307,0.025501074584840456,-0.01562396106189062,18,0.4,0,50,0.5399591427732956,0.8255644647889484,1.1422376652123158,1.5402394425351078,0.8252770876979614,1.14255889425787,0.5403069758663196,-0.17473991403992709,1.1431671600570603
11.203000000000001,1,1.5240990930594445,0.8479952758700507,1.147198551271054,-0.24029913633779137,0.24240816032622717,-0.07632043400895976,-0.8827001387760691,1.1999878610843406,-0.5917580244506941,6,0.4,0,48,0.5399591427732956,0.8255644647889484,1.1422376652123158,1.5402394425351078,0.8252770876979614,1.14255889425787,0.5403069758663196,-0.17473991403992709,1.1431671600570603
11.203000000000001,2,0.5375808299142979,-0.17587548281286458,1.1904443361843509,-0.12444861680833297,0.09428033474308045,0.182556427073204,0.1133488669745745,0.6201556419853761,1.3867765790707558,1,0.4,0,45,0.5399591427732956,0.8255644647889484,1.1422376652123158,1.5402394425351078,0.8252770876979614,1.14255889425787,0.5403069758663196,-0.17473991403992709,1.1431671600570603
11.403,0,0.5020390561274479,0.8313015730806902,1.1560122991271724,-0.11842916056259317,0.02641632572139461,0.02590503000641518,0.30899463037180885,-0.1385920793524661,0.2793481218724365,18,0.4,0,51,0.5271455258970724,0.8380075260620099,1.1337384136847366,1.5273973238757135,0.8377374724565688,1.1340193287283744,0.5274966953922482,-0.16230867223790799,1.1345561585995365
11.403,1,1.5255639504048337,0.8389736930311295,1.149360450990672,0.00732428672694632,-0.04510791419460663,0.010809498598088923,1.238117115323693,-1.437580372604174,0.43564966303524494,8,0.4,0,49,0.5271455258970724,0.8380075260620099,1.1337384136847366,1.5273973238757135,0.8377374724565688,1.1340193287283744,0.5274966953922482,-0.16230867223790799,1.1345561585995365
11.403,2,0.5121483457683459,-0.15533310226667663,1.1611940635309264,-0.1271624207297606,0.10271190273094014,-0.1462513632671225,-0.013569019607138265,0.04215783993929857,-1.6440389517016383,7,0.4,0,46,0.5271455258970724,0.8380075260620099,1.1337384136847366,1.5273973238757135,0.8377374724565688,1.1340193287283744,0.5274966953922482,-0.16230867223790799,1.1345561585995365
11.603000000000002,0,0.4721743084158122,0.8300804033008586,1.1532622795507843,-0.14932373855817774,-0.00610584889915774,-0.013750097881939854,-0.154472889977922,-0.1626108731027609,-0.19827563944177412,24,0.4,0,52,0.4870267341647684,0.8402657657802342,1.1382516222145698,1.4872366930476228,0.8400282164908472,1.1385210139462307,0.4873958229048398,-0.160023953922348,1.1389329992334987
11.603000000000002,1,1.4767506389048408,0.8276329546798262,1.1466635071678315,-0.24406655749996323,-0.05670369175651582,-0.013484719114201722,-1.256954221134541,-0.05797888780954566,-0.12147108856145257,9,0.4,0,50,0.4870267341647684,0.8402657657802342,1.1382516222145698,1.4872366930476228,0.8400282164908472,1.1385210139462307,0.4873958229048398,-0.160023953922348,1.1389329992334987
11.603000000000002,2,0.45571140366942064,-0.16401155192452443,1.1156841828479984,-0.28218471049462485,-0.043392248289238815,-0.22754940341463958,-0.775111448824317,-0.7305207551008909,-0.4064902007375833,4,0.4,0,47,0.4870267341647684,0.8402657657802342,1.1382516222145698,1.4872366930476228,0.8400282164908472,1.1385210139462307,0.4873958229048398,-0.160023953922348,1.1389329992334987
11.803,0,0.4227857629386813,0.83500892077979,1.1405199139838873,-0.24694272738565526,0.024642587394657165,-0.06371182783448526,-0.48809494413738935,0.1537421814690751,-0.24980864976272787,25,0.4,0,53,0.4438935303112301,0.8389171722512457,1.1328970877323907,1.4440876310308828,0.8386782223354763,1.1329725194124538,0.4442888352884546,-0.16134408602118325,1.1334446534515108
11.803,1,1.443011816183615,0.8473426243852664,1.140850153908692,-0.1686941136061299,0.0985483485272013,-0.02906676629569848,0.376862219469168,0.7762602014185884,-0.07791023590748407,6,0.4,0,51,0.4438935303112301,0.8389171722512457,1.1328970877323907,1.4440876310308828,0.8386782223354763,1.1329725194124538,0.4442888352884546,-0.16134408602118325,1.1334446534515108
11.803,2,0.4230376972655738,-0.17847224678898943,1.1520634701617736,-0.1633685320192349,-0.07230347432232524,0.18189643656887752,0.5940808923769518,-0.14455613016543264,2.047229199917593,5,0.4,0,48,0.4438935303112301,0.8389171722512457,1.1328970877323907,1.4440876310308828,0.8386782223354763,1.1329725194124538,0.4442888352884546,-0.16134408602118325,1.1334446534515108
12.003,0,0.39291172149210835,0.8347038286097722,1.1359960227280879,-0.14937020723286543,-0.0015254608500892052,-0.022619456278997276,0.4878626007639509,-0.13084024122373233,0.2054618577774406,25,0.4,0,54,0.40499257655452003,0.8404888604553246,1.1256147582974676,1.4051246628434315,0.8402867402965645,1.125739591837963,0.40539242823444716,-0.1597555279207145,1.126053888265157
12.003,1,1.3994608210961648,0.8511342273501623,1.123927028096297,-0.21775497543725175,0.018958014824479518,-0.08461562906197514,-0.2453043091556101,-0.3979516685136103,-0.2777443138313843,7,0.4,0,52,0.40499257655452003,0.8404888604553246,1.1256147582974676,1.4051246628434315,0.8402867402965645,1.125739591837963,0.40539242823444716,-0.1597555279207145,1.126053888265157
12.003,2,0.39743428533015634,-0.15000541427880187,1.159192713412733,-0.1280170596770876,0.14233416255093828,0.035646216254795596,0.17675736171073717,1.0731881843663216,-0.7312511015704122,4,0.4,0,49,0.40499257655452003,0.8404888604553246,1.1256147582974676,1.4051246628434315,0.8402867402965645,1.125739591837963,0.40539242823444716,-0.1597555279207145,1.126053888265157
12.201,0,0.3568437617188651,0.8459885900510251,1.1374912432664854,-0.1821614129961774,0.056993744652792305,0.007551618880796344,-0.16561215031975718,0.29555154294384545,0.15237916747370486,22,0.4,0,55,0.3697035317427356,0.8442102054811922,1.1183891611829813,1.3698245821849904,0.844037769178078,1.1185100471295113,0.37018610005495933,-0.15605525758569347,1.1184459328254812
12.201,1,1.3520140078002867,0.8548883517270832,1.1277797773396272,-0.23963037018120137,0.018960224125863137,0.019458329511768818,-0.11048179163610895,1.1158087796055506e-05,0.5256260534027463,4,0.4,0,53,0.3697035317427356,0.8442102054811922,1.1183891611829813,1.3698245821849904,0.844037769178078,1.1185100471295113,0.37018610005495933,-0.15605525758569347,1.1184459328254812
12.201,2,0.37360548310547415,-0.17933382031460576,1.133325894541715,-0.12034748598324332,-0.14812326280709004,-0.13064049934857405,0.0387352206759811,-1.4669566937274128,-0.8398318969867138,3,0.4,0,50,0.3697035317427356,0.8442102054811922,1.1183891611829813,1.3698245821849904,0.844037769178078,1.1185100471295113,0.37018610005495933,-0.15605525758569347,1.1184459328254812
12.402000000000001,0,0.3378599110175955,0.8527561177679711,1.1293823520648134,-0.09444701841427648,0.03366929212410936,-0.04034274229687617,0.4363900227955259,-0.1160420523815069,-0.23828040386901686,23,0.4,0,56,0.33801008539326044,0.8496198111408654,1.1112491882369118,1.338121342881964,0.8494726317244466,1.1113556979769728,0.3383740046458555,-0.1506124792332694,1.1113816621141759
12.402000000000001,1,1.3206645181421268,0.8545122754546116,1.1238672599540518,-0.15596761023960204,-0.0018710262312020042,-0.01946526062475323,0.41623263652536874,-0.10363806147793576,-0.193649702171751,7,0.4,0,54,0.33801008539326044,0.8496198111408654,1.1112491882369118,1.338121342881964,0.8494726317244466,1.1113556979769728,0.3383740046458555,-0.1506124792332694,1.1113816621141759
12.402000000000001,2,0.33158052757219425,-0.16911883367986524,1.122893895058941,-0.20907938076258573,0.050820829028559666,-0.051900494939174334,-0.44145221283254815,0.989771601172384,0.3917413154696493,4,0.4,0,51,0.33801008539326044,0.8496198111408654,1.1112491882369118,1.338121342881964,0.8494726317244466,1.1113556979769728,0.3383740046458555,-0.1506124792332694,1.1113816621141759
12.602,0,0.3061390112096436,0.8575975087790573,1.126781123268065,-0.15860449903976018,0.024206955055430888,-0.01300614398374205,-0.3207874031274196,-0.04731168534339252,0.13668299156567107,23,0.4,0,57,0.30971215832459525,0.8563255277152355,1.1041493027553562,1.3098142318873645,0.8561997134743875,1.104241410127961,0.3100156235598834,-0.1438779006813107,1.104407757768016
12.602,1,1.3077656429376379,0.8734757893569554,1.1113349457062172,-0.06449437602244447,0.09481756951171905,-0.06266157123917337,0.4573661710857895,0.48344297871460695,-0.21598155307210148,7,0.4,0,55,0.30971215832459525,0.8563255277152355,1.1041493027553562,1.3098142318873645,0.8561997134743875,1.104241410127961,0.3100156235598834,-0.1438779006813107,1.104407757768016
12.602,2,0.2831116711813453,-0.1672063754197708,1.1253863418753027,-0.2423442819542457,0.009562291300472293,0.012462234081808733,-0.16632450595830048,-0.2062926886404376,0.3218136451049165,2,0.4,0,52,0.30971215832459525,0.8563255277152355,1.1041493027553562,1.3098142318873645,0.8561997134743875,1.104241410127961,0.3100156235598834,-0.1438779006813107,1.104407757768016
12.801,0,0.27475804752909727,0.8613621834426531,1.1130004338244308,-0.1576932848268661,0.018917963133647596,-0.06924969569665432,0.0045789658939401285,-0.02657784885318239,-0.2826309131302126,23,0.4,0,58,0.28447825791299697,0.8640532716311637,1.0976407013747789,1.2845935462486204,0.8639236036842715,1.0975742791669303,0.28483702912432185,-0.13620108879005663,1.0974479518642362
12.801,1,1.2739471418858095,0.8793730954309738,1.1127082441911904,-0.16994221634084625,0.02963470388953969,0.006900997411925332,-0.5298886448160898,-0.32755208855366535,0.3495606464879335,9,0.4,0,56,0.28447825791299697,0.8640532716311637,1.0976407013747789,1.2845935462486204,0.8639236036842715,1.0975742791669303,0.28483702912432185,-0.13620108879005663,1.0974479518642362
12.801,2,0.27180074803634074,-0.16127845722333523,1.110061060511892,-0.05683880977389233,0.029788533650430007,-0.0770114641377429,0.9321883024138368,0.10163940879375744,-0.44961657396759647,3,0.4,0,53,0.28447825791299697,0.8640532716311637,1.0976407013747789,1.2845935462486204,0.8639236036842715,1.0975742791669303,0.28483702912432185,-0.13620108879005663,1.0974479518642362
13.002,0,0.26206864448433476,0.8781568285008633,1.1034587080687133,-0.06313135843165414,0.08355544805079658,-0.047471272416505075,0.4704573452498095,0.3215795269509892,0.10835036457785666,29,0.4,0,59,0.2623208614907283,0.8724477682853135,1.0913662292511312,1.2624390998565191,0.8723178279945856,1.0911346775131756,0.2626771798500866,-0.1278034953068141,1.0909117273638496
13.002,1,1.2459224914330531,0.8876148024046486,1.1126695797614115,-0.13942612165550453,0.04100351728196446,-0.00019236034715843338,0.15182136659373952,0.05656126065882956,-0.03529033710986939,9,0.4,0,57,0.2623208614907283,0.8724477682853135,1.0913662292511312,1.2624390998565191,0.8723178279945856,1.0911346775131756,0.2626771798500866,-0.1278034953068141,1.0909117273638496
13.002,2,0.2654902687879297,-0.15253910243338265,1.0936096719748194,-0.0011614200921578333,0.05071531214221172,-0.09105862782296721,0.3008358114842338,0.07199935400766931,-0.09165098167589766,0,0.4,1,53,0.2623208614907283,0.8724477682853135,1.0913662292511312,1.2624390998565191,0.8723178279945856,1.0911346775131756,0.2626771798500866,-0.1278034953068141,1.0909117273638496
13.201,0,0.23725680895846446,0.8841141936368581,1.0968060986558539,-0.12468259058226289,0.029936508221079235,-0.03343019805456982,-0.3093026741236623,-0.26944190869204715,0.07055816262279027,26,0.4,0,60,0.2430092407779762,0.8811640455386395,1.0847248910704772,1.2430711857112273,0.8810762452480275,1.0846452827290718,0.24324786162830425,-0.11903069644206589,1.0844896114408134
13.201,1,1.223022763124472,0.8878822187350435,1.1014376921987816,-0.11507401160091077,0.001343800655250468,-0.05644164604336657,0.12237241233464209,-0.1992950584256986,-0.282659727116624,17,0.4,0,58,0.2430092407779762,0.8811640455386395,1.0847248910704772,1.2430711857112273,0.8810762452480275,1.0846452827290718,0.24324786162830425,-0.11903069644206589,1.0844896114408134
13.201,2,0.2297271740664742,-0.11162091690980014,1.0903058607171956,-0.11311478533879143,0.21606273993597988,0.007314266098997144,-0.5625797248574558,0.8308915969536095,0.4943361503616303,4,0.4,0,54,0.2430092407779762,0.8811640455386395,1.0847248910704772,1.2430711857112273,0.8810762452480275,1.0846452827290718,0.24324786162830425,-0.11903069644206589,1.0844896114408134
13.403,0,0.22040669012134517,0.8935189109792009,1.08810952232323,-0.08341642988672916,0.04655800664526153,-0.04305235808229647,0.2042879242353155,0.08228464566426881,-0.047634455582805185,25,0.4,0,61,0.2284203788874844,0.8913605501898694,1.0780978016551108,1.2284500606474358,0.8913080033463365,1.0782321081838935,0.2285826810687087,-0.10879836721996465,1.0781146679278888
13.403,1,1.2157023092960102,0.8942522269812705,1.0871428465480624,-0.03623987043792863,0.03153469428825259,-0.07076656262732196,0.3902680255593176,0.14945986947030757,-0.07091542863344255,10,0.4,0,59,0.2284203788874844,0.8913605501898694,1.0780978016551108,1.2284500606474358,0.8913080033463365,1.0782321081838935,0.2285826810687087,-0.10879836721996465,1.0781146679278888
13.403,2,0.20688729029401964,-0.09920822716911193,1.0868493317463823,-0.11306873154680473,0.06144895911231788,-0.017111529558481574,0.0002279890692411024,-0.7654147565527823,-0.12091978048256793,6,0.4,0,55,0.2284203788874844,0.8913605501898694,1.0780978016551108,1.2284500606474358,0.8913080033463365,1.0782321081838935,0.2285826810687087,-0.10879836721996465,1.0781146679278888
13.602,0,0.1791005703091726,0.8902416580287448,1.0963616833572045,-0.20756844126719906,-0.016468607791236753,0.04146814589936951,-0.6238794541732161,-0.31671665545979066,0.4247261506616384,26,0.4,0,62,0.18397433278443984,0.8855683535772905,1.0831456002483635,1.184006715450437,0.8855367936009746,1.0832917316283335,0.18408922010882212,-0.11457401093345086,1.0831987721483194
13.602,1,1.1734140910806499,0.8852812856964822,1.091978797862136,-0.21250360912241445,-0.045080106958735,0.024301262884791168,-0.8857474305753062,-0.384999001241144,0.4777277663925286,11,0.4,0,60,0.18397433278443984,0.8855683535772905,1.0831456002483635,1.184006715450437,0.8855367936009746,1.0832917316283335,0.18408922010882212,-0.11457401093345086,1.0831987721483194
13.602,2,0.18338607310378396,-0.10885047939464432,1.0897143694562919,-0.11809656879515426,-0.04845352877151958,0.014397174421656523,-0.025265513810801672,-0.5522738084614952,0.15833519588009104,4,0.4,0,56,0.18397433278443984,0.8855683535772905,1.0831456002483635,1.184006715450437,0.8855367936009746,1.0832917316283335,0.18408922010882212,-0.11457401093345086,1.0831987721483194
13.803,0,0.13624266420108666,0.8824996108440656,1.081227579688846,-0.21322341347306378,-0.038517647684971,-0.07529404810128555,-0.028134190078928895,-0.10969671588922482,-0.5809064378142028,23,0.4,0,63,0.14325071988565533,0.8796497675822921,1.0755024750184217,1.1432914727699885,0.8796440338623865,1.0756254951429831,0.14334989998932193,-0.12046386199242665,1.0755528773303245
13.803,1,1.1362603131134228,0.8761023733743397,1.093452275607655,-0.18484466650361572,-0.04566623045842037,0.007330735052333771,0.1376066796955157,-0.002916037311867507,-0.08443048672864355,10,0.4,0,61,0.14325071988565533,0.8796497675822921,1.0755024750184217,1.1432914727699885,0.8796440338623865,1.0756254951429831,0.14334989998932193,-0.12046386199242665,1.0755528773303245
13.803,2,0.14561010579347744,-0.11610184883334429,1.0829864350283374,-0.1879401358721713,-0.036076464869154,-0.033472310586838756,-0.3474804332189893,0.06157743235007735,-0.23815664183330923,8,0.4,0,57,0.14325071988565533,0.8796497675822921,1.0755024750184217,1.1432914727699885,0.8796440338623865,1.0756254951429831,0.14334989998932193,-0.12046386199242665,1.0755528773303245
14.002,0,0.10452227151982363,0.8849550245019443,1.0829180021100253,-0.1593989581973018,0.012338762099893041,0.008494585031050843,0.2704746496269449,0.25555984816514615,0.4210484077001832,26,0.4,0,64,0.105699944300765,0.8767442487019835,1.0666355603112936,1.1056184603826344,0.8767802450344477,1.0671141264187602,0.10578667097986094,-0.1233450519977631,1.0666792599039103
14.002,1,1.0915069984521204,0.8844453713672692,1.0790369412108651,-0.22489102844875647,0.041924613029796415,-0.07243886631552654,-0.20123799972432552,0.4401549924030998,-0.40085226818020286,12,0.4,0,62,0.105699944300765,0.8767442487019835,1.0666355603112936,1.1056184603826344,0.8767802450344477,1.0671141264187602,0.10578667097986094,-0.1233450519977631,1.0666792599039103
14.002,2,0.1085527399659264,-0.1353413792499829,1.0739378834579731,-0.18621791873141239,-0.09668105737004337,-0.04547010839378951,0.008654357491250774,-0.30454569095924333,-0.06029044124095861,5,0.4,0,58,0.105699944300765,0.8767442487019835,1.0666355603112936,1.1056184603826344,0.8767802450344477,1.0671141264187602,0.10578667097986094,-0.1233450519977631,1.0666792599039103
14.202000000000002,0,0.06715022235227919,0.8850102605332916,1.067175706377299,-0.1868602458377212,0.0002761801567363594,-0.07871147866363074,-0.13730643820209634,-0.06031290971578309,-0.43603031847340556,19,0.4,0,65,0.07120682752149055,0.8762083538417775,1.0582018793203642,1.0711810241440924,0.8762646743605434,1.0587220941385345,0.07128333000180376,-0.12386023985062355,1.0582397720239194
14.202000000000002,1,1.065681620637267,0.885059744646262,1.0730188520978183,-0.1291268890742657,0.0030718663949641347,-0.030090445565234943,0.4788206968724513,-0.19426373317416035,0.21174210375145686,12,0.4,0,63,0.07120682752149055,0.8762083538417775,1.0582018793203642,1.0711810241440924,0.8762646743605434,1.0587220941385345,0.07128333000180376,-0.12386023985062355,1.0582397720239194
14.202000000000002,2,0.09215024637071662,-0.09057523159640479,1.0648586606009443,-0.08201246797604851,0.22383073826788938,-0.04539611428514421,0.5210272537768166,1.6025589781896552,0.0003699705432265077,2,0.4,0,59,0.07120682752149055,0.8762083538417775,1.0582018793203642,1.0711810241440924,0.8762646743605434,1.0587220941385345,0.07128333000180376,-0.12386023985062355,1.0582397720239194
14.402000000000001,0,0.03532722722777748,0.8780128537713626,1.0759451646238332,-0.1591149756225091,-0.034987033809644866,0.043847291232670546,0.13872635107606107,-0.17631606983190676,0.6127938494815086,24,0.4,0,66,0.03965453972885423,0.8777177140509189,1.0507889883020123,1.0396867686466926,0.8777787764152145,1.051218612095179,0.03971935662046874,-0.1223351306266944,1.0508218182943305
14.402000000000001,1,1.030348463191706,0.8706726019121054,1.0695826895135558,-0.1766657872278061,-0.07193571367078347,-0.017180812921311968,-0.23769449076770283,-0.37503790032873935,0.06454816321961511,14,0.4,0,64,0.03965453972885423,0.8777177140509189,1.0507889883020123,1.0396867686466926,0.8777787764152145,1.051218612095179,0.03971935662046874,-0.1223351306266944,1.0508218182943305
14.402000000000001,2,0.04959948471266051,-0.11506177940086615,1.0601749836148602,-0.21275380829028126,-0.12243273902230721,-0.023418384930421005,-0.653706701571166,-1.731317386450989,0.10988864677361641,4,0.4,0,60,0.03965453972885423,0.8777177140509189,1.0507889883020123,1.0396867686466926,0.8777787764152145,1.051218612095179,0.03971935662046874,-0.1223351306266944,1.0508218182943305
14.602,0,0.010672176307317816,0.8800936951538082,1.0577325971081921,-0.12327525460229877,0.010404206912227912,-0.09106283757820498,0.17919860510105226,0.2269562036093647,-0.67455064405438,20,0.4,0,67,0.011350520888353022,0.880792377114701,1.0432730872585971,1.01142208459454,0.8808526232867263,1.043609744580035,0.011409003042597048,-0.11924542757183286,1.0433012956083223
14.602,1,0.9921316438827552,0.8955035199343491,1.0567463970232547,-0.1910840965447545,0.12415459011121888,-0.06418146245150547,-0.07209154658474226,0.9804515189100153,-0.23500324765096833,19,0.4,0,65,0.011350520888353022,0.880792377114701,1.0432730872585971,1.01142208459454,0.8808526232867263,1.043609744580035,0.011409003042597048,-0.11924542757183286,1.0433012956083223
14.602,2,0.01805654132477763,-0.09467083743539151,1.0603819695102086,-0.15771471693941497,0.10195470982737356,0.0010349294767420007,0.27519545675433243,1.1219372442484077,0.12226657203581547,1,0.4,0,61,0.011350520888353022,0.880792377114701,1.0432730872585971,1.01142208459454,0.8808526232867263,1.043609744580035,0.011409003042597048,-0.11924542757183286,1.0433012956083223
14.803,0,-0.016141674088019364,0.8920277049756807,1.0453881907069584,-0.13340224077282145,0.05937318319339556,-0.06141495722006794,-0.050383015773744565,0.24362674766750012,0.1475018923290396,21,0.4,0,68,-0.014101301401882736,0.885199727620258,1.036385429849039,0.9859941895778177,0.8852547993858665,1.0366456831590594,-0.014047933810593053,-0.11482584445141568,1.036410747795589
14.803,1,0.9738204761717548,0.8858793911400945,1.0437686491967244,-0.09110033687064902,-0.04788123778236088,-0.06456590958472756,0.4974316401696778,-0.8558996412615886,-0.001912672304587538,15,0.4,0,66,-0.014101301401882736,0.885199727620258,1.036385429849039,0.9859941895778177,0.8852547993858665,1.0366456831590594,-0.014047933810593053,-0.11482584445141568,1.036410747795589
14.803,2,-0.007277435805079557,-0.0945476486002943,1.0523845909052265,-0.1260396872132195,0.0006128797766030327,-0.03978795325861658,0.1575872125681362,-0.5041882092078123,-0.20309891908138547,7,0.4,0,62,-0.014101301401882736,0.885199727620258,1.036385429849039,0.9859941895778177,0.8852547993858665,1.0366456831590594,-0.014047933810593053,-0.11482584445141568,1.036410747795589
15.002,0,-0.04553056083977303,0.9068839379542794,1.0421126590309333,-0.14768284799876225,0.07465443707838507,-0.016459958170981087,-0.07176184535648646,0.07679022052758552,0.2259045178346075,18,0.4,0,69,-0.036651184887982316,0.8905290347943121,1.0293479005161223,0.9634569779910673,0.8905772158028129,1.0295489986690258,-0.03660168420941362,-0.10948678035731664,1.029370616528011
15.002,1,0.9595260356934334,0.8934679229493621,1.0459351858857742,-0.07183135918754478,0.038133325674711345,0.010887119040450498,0.09682903358343843,0.43223398722146883,0.37916094786521665,16,0.4,0,67,-0.036651184887982316,0.8905290347943121,1.0293479005161223,0.9634569779910673,0.8905772158028129,1.0295489986690258,-0.03660168420941362,-0.10948678035731664,1.029370616528011
15.002,2,-0.02512749496054989,-0.10067824904799072,1.049621088237997,-0.08969878972598164,-0.03080703742561018,-0.013886948076529997,0.18261757531275327,-0.1578890311669007,0.13015580493510856,7,0.4,0,63,-0.036651184887982316,0.8905290347943121,1.0293479005161223,0.9634569779910673,0.8905772158028129,1.0295489986690258,-0.03660168420941362,-0.10948678035731664,1.029370616528011
15.202000000000002,0,-0.06649371356512634,0.8943302585007691,1.036727334706582,-0.10481576362676603,-0.06276839726755101,-0.026926621621756044,0.21433542185997992,-0.6871141717296767,-0.0523333172538745,17,0.4,0,70,-0.056599037300022706,0.896545107625058,1.022358791419798,0.943514112203175,0.8965858650886911,1.0225148244928097,-0.05655257032795877,-0.10346305676127539,1.022379067413604
15.202000000000002,1,0.9371636519546943,0.9026437140993957,1.0386990236345963,-0.11181191869369468,0.04587895575016796,-0.036180811255889594,-0.19990279753074844,0.038728150377282874,-0.23533965148169922,19,0.4,0,68,-0.056599037300022706,0.896545107625058,1.022358791419798,0.943514112203175,0.8965858650886911,1.0225148244928097,-0.05655257032795877,-0.10346305676127539,1.022379067413604
15.202000000000002,2,-0.03429522710632216,-0.10433306156129074,1.0326014186421415,-0.04583866072886109,-0.018274062566500007,-0.08509834797927783,0.21930064498560156,0.06266487429555054,-0.35605699951373726,6,0.4,0,64,-0.056599037300022706,0.896545107625058,1.022358791419798,0.943514112203175,0.8965858650886911,1.0225148244928097,-0.05655257032795877,-0.10346305676127539,1.022379067413604
15.402000000000001,0,-0.07734565542808547,0.905833406617065,1.0299464308695712,-0.05425970931479582,0.05751574058147988,-0.03390451918505411,0.252780271559852,0.6014206892451566,-0.03488948781649046,21,0.4,0,71,-0.07320204633535271,0.9036908078986237,1.0176572652827256,0.9269087753223211,0.9037243596970828,1.0177887999101034,-0.07315799110161261,-0.09631226437386864,1.0176755904731227
15.402000000000001,1,0.9080983207992879,0.9093854304245487,1.03784424859815,-0.14532665577703271,0.03370858162576496,-0.004273875182230784,-0.16757368541669077,-0.06085187062201521,0.15953468036829463,15,0.4,0,69,-0.07320204633535271,0.9036908078986237,1.0176572652827256,0.9269087753223211,0.9037243596970828,1.0177887999101034,-0.07315799110161261,-0.09631226437386864,1.0176755904731227
15.402000000000001,2,-0.05386914347174765,-0.08583269560956652,1.0267331234918686,-0.09786958182712781,0.09250182975862142,-0.029341475751363914,-0.2601546054913345,0.5538794616256091,0.27878436113957056,4,0.4,0,65,-0.07320204633535271,0.9036908078986237,1.0176572652827256,0.9269087753223211,0.9037243596970828,1.0177887999101034,-0.07315799110161261,-0.09631226437386864,1.0176755904731227
15.603000000000002,0,-0.1268428451002973,0.8950523466969246,1.040671853535443,-0.24625467498612794,-0.05363711403054934,0.053360311770505986,-0.9551988341857295,-0.552999276676761,0.4341533878386063,17,0.4,0,72,-0.11823333860085428,0.891845260013845,1.0227302741937316,0.8818744512764681,0.891888653533921,1.0228380544443563,-0.1181377941578826,-0.10815043477074815,1.0224811686944861
15.603000000000002,1,0.8541432473293438,0.8926181017171028,1.0297099747330207,-0.2684332013430045,-0.08341954580818838,-0.040469024204623415,-0.6124703759501069,-0.5827270021589703,-0.18007536827060966,18,0.4,0,70,-0.11823333860085428,0.891845260013845,1.0227302741937316,0.8818744512764681,0.891888653533921,1.0228380544443563,-0.1181377941578826,-0.10815043477074815,1.0224811686944861
15.603000000000002,2,-0.11945158101502773,-0.08070795034104483,1.0310335445535777,-0.3262807837974125,0.025496245117023274,0.021395129660244407,-1.1363741391556423,-0.3333611176198904,0.2524209224458119,5,0.4,0,66,-0.11823333860085428,0.891845260013845,1.0227302741937316,0.8818744512764681,0.891888653533921,1.0228380544443563,-0.1181377941578826,-0.10815043477074815,1.0224811686944861
15.801,0,-0.15931161994447607,0.8799488740357821,1.0356119289799541,-0.1639837113342373,-0.07628016495526531,-0.02555517452267012,0.41550991743379395,-0.11435884305412185,-0.39856306208675074,20,0.4,0,73,-0.15780409062624975,0.8817271860832111,1.0161242258826617,0.842326624282844,0.8817808528494223,1.0161134857506273,-0.15748690394469714,-0.11826497295126788,1.0151334432744488
15.801,1,0.8409022626056396,0.8856505952807828,1.0200250109777578,-0.06687366022072884,-0.03518942644606053,-0.04891395835991425,1.0179774804155408,0.2435864614248898,-0.04265118260247927,20,0.4,0,71,-0.15780409062624975,0.8817271860832111,1.0161242258826617,0.842326624282844,0.8817808528494223,1.0161134857506273,-0.15748690394469714,-0.11826497295126788,1.0151334432744488
15.801,2,-0.1522297826599076,-0.11414682377012242,1.0369540157442092,-0.16554647295393993,-0.16888319913675667,0.029901369649654494,0.8117894487044125,-0.9817143649180874,0.04296080802732397,4,0.4,0,67,-0.15780409062624975,0.8817271860832111,1.0161242258826617,0.842326624282844,0.8817808528494223,1.0161134857506273,-0.15748690394469714,-0.11826497295126788,1.0151334432744488
16.003,0,-0.19531635590600605,0.864331644022519,1.0188912419275087,-0.17824126713628705,-0.0773130198676391,-0.08277567847745274,-0.07058195941608782,-0.005113143130563305,-0.28326982155832986,12,0.4,0,74,-0.1945183263074802,0.8747622421354079,1.0088212859357841,0.8057875065284046,0.8748195022634006,1.0082692166633087,-0.19405510576050802,-0.1252386180049083,1.0070368953935878
16.003,1,0.7993406421232072,0.8844315955853245,1.023883452754987,-0.20575059644768542,-0.006034651957714634,0.019101196916976045,-0.6875095852819634,0.14433056677398962,0.336708689489556,24,0.4,0,72,-0.1945183263074802,0.8747622421354079,1.0088212859357841,0.8057875065284046,0.8748195022634006,1.0082692166633087,-0.19405510576050802,-0.1252386180049083,1.0070368953935878
16.003,2,-0.179581532636649,-0.1481558194803092,1.0260832264265902,-0.13540470285515543,-0.1683613649019148,-0.05381578870108461,0.149216683657349,0.002583337796246867,-0.414441377973956,6,0.4,0,68,-0.1945183263074802,0.8747622421354079,1.0088212859357841,0.8057875065284046,0.8748195022634006,1.0082692166633087,-0.19405510576050802,-0.1252386180049083,1.0070368953935878
16.202,0,-0.23776830975890328,0.8628286430452422,1.0012189572868446,-0.21332640127083866,-0.007552768730034346,-0.08880545045559757,-0.17630720670628805,0.3505540258171065,-0.030300361699220017,11,0.4,0,75,-0.22780768935766646,0.8703922925866099,1.0008028597467775,0.7724119575238981,0.8704349225422988,1.0002082966400512,-0.2275783300519583,-0.12963222442404868,0.9991237429815087
16.202,1,0.7583938847179421,0.8817694609488411,1.010793927264711,-0.20576260002645555,-0.013377560987353402,-0.06577651000138572,-6.031949130716327e-05,-0.036899040349943256,-0.42652114029327176,26,0.4,0,73,-0.22780768935766646,0.8703922925866099,1.0008028597467775,0.7724119575238981,0.8704349225422988,1.0002082966400512,-0.2275783300519583,-0.12963222442404868,0.9991237429815087
16.202,2,-0.22359322134984239,-0.1357773415875203,1.0050558166664947,-0.22116426489041724,0.06220340649642611,-0.1056653756788712,-0.4309525730415131,1.1586169417001961,-0.26055068833058376,4,0.4,0,69,-0.22780768935766646,0.8703922925866099,1.0008028597467775,0.7724119575238981,0.8704349225422988,1.0002082966400512,-0.2275783300519583,-0.12963222442404868,0.9991237429815087
16.402,0,-0.2565950712522591,0.8811638372772744,1.0207623315807053,-0.09413380746677946,0.09167597116016145,0.0977168714693031,0.5959629690202981,0.4961436994509807,0.9326116096245065,12,0.4,0,76,-0.25838354947104214,0.8682037477133567,0.9933965120190019,0.7417579241113202,0.8682396110644673,0.9928803233860366,-0.25832143918390366,-0.1318345553684369,0.9918814774221514
16.402,1,0.7348554293676526,0.8770284813069209,1.0120785894073794,-0.11769227675144808,-0.023704898209601172,0.0064233107133415904,0.4403516163750389,-0.05163668611123903,0.36099910357363785,25,0.4,0,74,-0.25838354947104214,0.8682037477133567,0.9933965120190019,0.7417579241113202,0.8682396110644673,0.9928803233860366,-0.25832143918390366,-0.1318345553684369,0.9918814774221514
16.402,2,-0.28668978189603156,-0.15302904201777778,1.0186924096388676,-0.315482802730947,-0.08625850215128769,0.06818296486186505,-0.47159268920265035,-0.7423095432385717,0.8692417027036844,1,0.4,0,70,-0.25838354947104214,0.8682037477133567,0.9933965120190019,0.7417579241113202,0.8682396110644673,0.9928803233860366,-0.25832143918390366,-0.1318345553684369,0.9918814774221514
16.602,0,-0.2834595488943048,0.8737199429453468,0.9953305792965249,-0.13432238821022893,-0.03721947165963815,-0.12715876142090232,-0.20094290371724807,-0.6444772140990003,-1.124378164451031,13,0.4,0,77,-0.2859038995304031,0.8677702313696914,0.985561093059714,0.7141761387377834,0.8678085424753891,0.9851518401562931,-0.28597871289377735,-0.13224831564056613,0.9842963939422601
16.602,1,0.7066579245627337,0.8671578648094704,0.995957890270661,-0.14098752402459525,-0.049353082487252516,-0.08060349568359217,-0.11647623636573623,-0.12824092138825718,-0.4351340319846704,24,0.4,0,75,-0.2859038995304031,0.8677702313696914,0.985561093059714,0.7141761387377834,0.8678085424753891,0.9851518401562931,-0.28597871289377735,-0.13224831564056613,0.9842963939422601
16.602,2,-0.2834596589921913,-0.11139889437720729,1.0120038315023878,0.01615061451920147,0.2081507382028532,-0.03344289068239981,1.658167086250748,1.4720462017707097,-0.5081292777213262,3,0.4,0,71,-0.2859038995304031,0.8677702313696914,0.985561093059714,0.7141761387377834,0.8678085424753891,0.9851518401562931,-0.28597871289377735,-0.13224831564056613,0.9842963939422601
16.802,0,-0.3190065585149733,0.8671744263797586,0.9873592394013802,-0.17773504810334304,-0.0327275828279412,-0.03985669947572393,-0.2170632994655713,0.022459444158484814,0.4365103097258935,10,0.4,0,78,-0.3107630971290281,0.8688052626713733,0.9778634521282769,0.6892760477822036,0.8688497960757656,0.9775484806697544,-0.31093385388757583,-0.13118004081992862,0.9768656327988204
16.802,1,0.6827426883905272,0.876388254055956,0.992939050097212,-0.11957618086103254,0.046151946232427965,-0.015094200867245054,0.1070567158178139,0.4775251435984041,0.3275464740817367,23,0.4,0,76,-0.3107630971290281,0.8688052626713733,0.9778634521282769,0.6892760477822036,0.8688497960757656,0.9775484806697544,-0.31093385388757583,-0.13118004081992862,0.9768656327988204
16.802,2,-0.2919702006155047,-0.13715506922912257,0.9901169787039898,-0.04255270811656735,-0.12878087425957685,-0.10943426399198969,-0.29351661317884514,-1.6846580623121563,-0.37995686654795074,3,0.4,0,72,-0.3107630971290281,0.8688052626713733,0.9778634521282769,0.6892760477822036,0.8688497960757656,0.9775484806697544,-0.31093385388757583,-0.13118004081992862,0.9768656327988204
17.002000000000002,0,-0.3328441525861673,0.8749318437373552,0.9782240136878454,-0.06918797035596903,0.03878708678798249,-0.04567612856767313,0.5427353887368623,0.3575733480796134,-0.029097145459745583,12,0.4,0,79,-0.33309904666188445,0.8710309712515528,0.9705072409607511,0.6668719695686419,0.8711014065452475,0.970507223672642,-0.3333198927667538,-0.12891925590009826,0.9697295613084309
17.002000000000002,1,0.6540520102424219,0.8797709178211216,0.9792542972615168,-0.14345339074052463,0.016913318825827788,-0.06842376417847532,-0.11938604939745874,-0.1461931370329988,-0.2666478165561475,32,0.4,0,77,-0.33309904666188445,0.8710309712515528,0.9705072409607511,0.6668719695686419,0.8711014065452475,0.970507223672642,-0.3333198927667538,-0.12891925590009826,0.9697295613084309
17.002000000000002,2,-0.3268968167720826,-0.15192166261171236,0.9996962619666112,-0.17463308078288695,-0.07383296691294788,0.047896416313106135,-0.6604018633315887,0.27473953673314094,0.786653401525468,3,0.4,0,73,-0.33309904666188445,0.8710309712515528,0.9705072409607511,0.6668719695686419,0.8711014065452475,0.970507223672642,-0.3333198927667538,-0.12891925590009826,0.9697295613084309
17.203,0,-0.35467419506415965,0.8773153890289032,0.9934708716968816,-0.10860717650742632,0.011858434286308336,0.07585501497033045,-0.19611545348984022,-0.1339733955307192,0.6046325549154499,7,0.4,0,80,-0.3529506296491989,0.874437446421998,0.9638000665990291,0.6470227695451549,0.874517780915503,0.9639442777099106,-0.35318938132499833,-0.12548110084645123,0.9631939444382115
17.203,1,0.6474324966172752,0.8817726110528472,0.9769872189781872,-0.03293290360769555,0.009958672794654925,-0.011278996434475318,0.5498531698150784,-0.034600229010810786,0.2843023270845814,30,0.4,0,78,-0.3529506296491989,0.874437446421998,0.9638000665990291,0.6470227695451549,0.874517780915503,0.9639442777099106,-0.35318938132499833,-0.12548110084645123,0.9631939444382115
17.203,2,-0.3601501087531287,-0.11144518744732634,0.9998785593037025,-0.16543926358729652,0.20137549833028173,0.000906951925827087,0.0457403840576645,1.3691963444937003,-0.2337784297874615,1,0.4,0,74,-0.3529506296491989,0.874437446421998,0.9638000665990291,0.6470227695451549,0.874517780915503,0.9639442777099106,-0.35318938132499833,-0.12548110084645123,0.9631939444382115
17.403000000000002,0,-0.38885076455343515,0.8825177560870845,0.9724680271931644,-0.17088284744637508,0.0260118352909063,-0.1050142225185845,-0.31137835469473935,0.07076700502298881,-0.9043461874445619,14,0.4,0,81,-0.37818891478202465,0.8714056206482897,0.9656013812737135,0.6218052924138585,0.8714901817633073,0.9657482394163819,-0.37844496770770164,-0.12850140495012202,0.965128565060799
17.403000000000002,1,0.609892229741702,0.8759309469290802,0.9730856882730599,-0.18770133437786327,-0.02920832061883441,-0.01950765352563638,-0.7738421538508276,-0.1958349670674439,-0.04114328545580473,28,0.4,0,79,-0.37818891478202465,0.8714056206482897,0.9656013812737135,0.6218052924138585,0.8714901817633073,0.9657482394163819,-0.37844496770770164,-0.12850140495012202,0.965128565060799
17.403000000000002,2,-0.3885267456775682,-0.13751021644549133,0.9816675649984707,-0.14188318462219537,-0.13032514499082307,-0.09105497152615698,0.11778039482550405,-1.6585032166055005,-0.45980961725991376,4,0.4,0,75,-0.37818891478202465,0.8714056206482897,0.9656013812737135,0.6218052924138585,0.8714901817633073,0.9657482394163819,-0.37844496770770164,-0.12850140495012202,0.965128565060799
17.603,0,-0.4237442438539799,0.8443028862509856,0.9820228304553558,-0.17446739650272441,-0.19107434918049515,0.04777401631095707,-0.017922745281746734,-1.085430922357011,0.7639411941477106,14,0.4,0,82,-0.4213158312306331,0.8535765545811113,0.9656031713896882,0.5786885051938154,0.8536827332790784,0.9657274064410934,-0.42158722743579236,-0.14633841511092113,0.9650443753865077
17.603,1,0.5701733785744243,0.8494212627835486,0.9752396608804446,-0.19859425583638965,-0.13254842072765885,0.010769863036923549,-0.05446460729263211,-0.5167005005441241,0.15138758281280018,22,0.4,0,80,-0.4213158312306331,0.8535765545811113,0.9656031713896882,0.5786885051938154,0.8536827332790784,0.9657274064410934,-0.42158722743579236,-0.14633841511092113,0.9650443753865077
17.603,2,-0.44342308681526643,-0.15539211670080566,0.9730480504535044,-0.2744817056884923,-0.08940950127657198,-0.04309757272483215,-0.6629926053314869,0.2045782185712562,0.23978699400662498,3,0.4,0,76,-0.4213158312306331,0.8535765545811113,0.9656031713896882,0.5786885051938154,0.8536827332790784,0.9657274064410934,-0.42158722743579236,-0.14633841511092113,0.9650443753865077
17.802,0,-0.4672624306830182,0.8362589369561151,0.9821203105876265,-0.2186843559248177,-0.04042185575311854,0.000489849910908211,-0.22219577599042065,0.7570477056652164,-0.23760887638215736,8,0.4,0,83,-0.45890055963036425,0.840520645974695,0.9599162754064905,0.5411137252787322,0.8406403331429476,0.9600152608238891,-0.45930221668091603,-0.15934762315018755,0.9598250153375187
17.802,1,0.5288349499842457,0.8511221738459137,0.9799341917568114,-0.20773079693557273,0.00854729177067918,0.023590607418929085,-0.045912266830066155,0.7090236808961778,0.0644258511658576,30,0.4,0,81,-0.45890055963036425,0.840520645974695,0.9599162754064905,0.5411137252787322,0.8406403331429476,0.9600152608238891,-0.45930221668091603,-0.15934762315018755,0.9598250153375187
17.802,2,-0.4551291692898617,-0.16929380907530156,0.9785096791032419,-0.05882453504821795,-0.06985775062560821,0.027445370099183873,1.083704375076766,0.09825000327117564,0.3544871498694307,3,0.4,0,77,-0.45890055963036425,0.840520645974695,0.9599162754064905,0.5411137252787322,0.8406403331429476,0.9600152608238891,-0.45930221668091603,-0.15934762315018755,0.9598250153375187
18.002000000000002,0,-0.4691234208387849,0.8272702779554402,0.9763370480900467,-0.009304950778833289,-0.044943295003373934,-0.028916312487898423,1.046897025729907,-0.022607196251276652,-0.14703081199403106,7,0.4,0,84,-0.4934998482956545,0.8306133382981898,0.9538651465703476,0.5065532658908237,0.8307391910361376,0.953797168457716,-0.493856429110677,-0.16922725211965345,0.9537971724546253
18.002000000000002,1,0.4915210881463852,0.8396200828397394,0.9700629524429119,-0.18656930918929998,-0.05751045503087056,-0.04935619656949732,0.10580743873136222,-0.330288734007744,-0.36473401994212684,33,0.4,0,82,-0.4934998482956545,0.8306133382981898,0.9538651465703476,0.5065532658908237,0.8307391910361376,0.953797168457716,-0.493856429110677,-0.16922725211965345,0.9537971724546253
18.002000000000002,2,-0.5041902395449862,-0.17081293563143385,0.9594355915995205,-0.2453053512756191,-0.007595632780661336,-0.09537043751860544,-0.9324040811369925,0.31131058922473,-0.6140790380889378,3,0.4,0,78,-0.4934998482956545,0.8306133382981898,0.9538651465703476,0.5065532658908237,0.8307391910361376,0.953797168457716,-0.493856429110677,-0.16922725211965345,0.9537971724546253
18.201,0,-0.5244111396731492,0.8289292204248732,0.9755462241640331,-0.2778277328360044,0.00833639431875882,-0.003973989577958082,-1.3493607138551444,0.2677371322720265,0.12533830608010343,11,0.4,0,85,-0.5251931284786993,0.8234023046012311,0.948298251112028,0.47505879727976363,0.8235267831100057,0.9474690302952203,-0.5254119050254911,-0.17640501618191337,0.9479053081145331
18.201,1,0.45308943498448506,0.8283433473317913,0.9505288509678146,-0.19312388523568064,-0.056667012602755154,-0.09816131394521334,-0.032937568072264924,0.004238404161383981,-0.2452518461091281,24,0.4,0,83,-0.5251931284786993,0.8234023046012311,0.948298251112028,0.47505879727976363,0.8235267831100057,0.9474690302952203,-0.5254119050254911,-0.17640501618191337,0.9479053081145331
18.201,2,-0.537553992105096,-0.14752045475534992,0.9494340442344074,-0.16765704804075449,0.11704764259338774,-0.05025903198549404,0.3901924785671626,0.626348117457539,0.2266904800658886,4,0.4,0,79,-0.5251931284786993,0.8234023046012311,0.948298251112028,0.47505879727976363,0.8235267831100057,0.9474690302952203,-0.5254119050254911,-0.17640501618191337,0.9479053081145331
18.403000000000002,0,-0.568952165835735,0.8326735673158667,0.9611859400254128,-0.22050012951774967,0.01853637074749274,-0.07109051553772357,0.2838000164270013,0.05049493281551403,-0.3322600295037867,8,0.4,0,86,-0.5535856313234183,0.8184728189097458,0.9417151882738496,0.44655581484459994,0.8185723389542621,0.9408498217583818,-0.5538133077954525,-0.18132654437113885,0.9413045635144541
18.403000000000002,1,0.43098029520805126,0.8226640151585137,0.9552331788497817,-0.10945118701204765,-0.028115505808304415,0.02328875189092613,0.41422127833481326,0.14134409304183412,0.6012379496838536,28,0.4,0,84,-0.5535856313234183,0.8184728189097458,0.9417151882738496,0.44655581484459994,0.8185723389542621,0.9408498217583818,-0.5538133077954525,-0.18132654437113885,0.9413045635144541
18.403000000000002,2,-0.534940369796326,-0.1823846239547129,0.9381188409584771,0.012938724300841706,-0.17259489702654787,-0.05601585780163427,0.8940384769385873,-1.4338739585145204,-0.028499137703664235,3,0.4,0,80,-0.5535856313234183,0.8184728189097458,0.9417151882738496,0.44655581484459994,0.8185723389542621,0.9408498217583818,-0.5538133077954525,-0.18132654437113885,0.9413045635144541
18.602,0,-0.5928839127657972,0.8358436758496282,0.9548894011808009,-0.12026003482443419,0.01593019363699226,-0.031640898716643294,0.5037190688106354,-0.013096367389449783,0.19823928050794298,6,0.4,0,87,-0.5792433524576925,0.8154073762511622,0.9348597891435223,0.42080671748623594,0.8154964827714106,0.9341447468534853,-0.5794720240657133,-0.1843840904211234,0.9345057459563375
18.602,1,0.4148706163802854,0.8215571300598352,0.9465089807825384,-0.0809531599385229,-0.005562236676776495,-0.04384019129267996,0.14320616619861823,0.11333301071119668,-0.3373313727819434,22,0.4,0,85,-0.5792433524576925,0.8154073762511622,0.9348597891435223,0.42080671748623594,0.8154964827714106,0.9341447468534853,-0.5794720240657133,-0.1843840904211234,0.9345057459563375
18.602,2,-0.5277278286112799,-0.20148921828390698,0.9491945190078244,0.03624392555299586,-0.09600298657886572,0.05565667361481072,0.1171115640811778,0.384883972098909,0.5611684995801309,2,0.4,0,81,-0.5792433524576925,0.8154073762511622,0.9348597891435223,0.42080671748623594,0.8154964827714106,0.9341447468534853,-0.5794720240657133,-0.1843840904211234,0.9345057459563375
18.801000000000002,0,-0.5966544649644876,0.7932559162384066,0.94401349175666,-0.01894749848588115,-0.21400884226744307,-0.05465281117658646,0.509108222806795,-1.1554725422333338,-0.11563775105498986,6,0.4,0,88,-0.6023612697452596,0.8138830076383285,0.9281144591867366,0.39763017227312114,0.813972129235461,0.9275567219605964,-0.6025700649679326,-0.18590213795948485,0.9277632252035573
18.801000000000002,1,0.38595521977706154,0.8205964345354031,0.9447030470464144,-0.14530350051871152,-0.0048276157006638815,-0.00907504390012125,-0.32336854562908596,0.003691562694033204,0.17469923312843427,24,0.4,0,86,-0.6023612697452596,0.8138830076383285,0.9281144591867366,0.39763017227312114,0.813972129235461,0.9275567219605964,-0.6025700649679326,-0.18590213795948485,0.9277632252035573
18.801000000000002,2,-0.5541778871240453,-0.1777038679306049,0.9777252088015426,-0.13291486689831744,0.1195243736346829,0.14337030047094457,-0.8500441831724217,1.0830520613746073,0.4407719942519253,2,0.4,0,82,-0.6023612697452596,0.8138830076383285,0.9281144591867366,0.39763017227312114,0.813972129235461,0.9275567219605964,-0.6025700649679326,-0.18590213795948485,0.9277632252035573
19.002000000000002,0,-0.6190338525190455,0.812595676284152,0.9333821401804235,-0.11134023658984016,0.09621771167037456,-0.0528922963991865,-0.4596653637012874,1.5434156912329196,0.008758779987064463,12,0.4,0,89,-0.6231631678005422,0.8136539830504733,0.9220960844498932,0.376794794969384,0.8137473803719558,0.921668086209545,-0.6233292294451445,-0.1861424490483196,0.9215753373168113
19.002000000000002,1,0.3698735257125386,0.8177188680221339,0.9306138104249071,-0.08000842818170602,-0.014316251309796994,-0.07009570458461323,0.3248511061542554,-0.047207142333995464,-0.3035853765397603,29,0.4,0,87,-0.6231631678005422,0.8136539830504733,0.9220960844498932,0.376794794969384,0.8137473803719558,0.921668086209545,-0.6233292294451445,-0.1861424490483196,0.9215753373168113
19.002000000000002,2,-0.6438089630763899,-0.1940592921886346,0.9277651789912786,-0.4459257510066887,-0.08137026994044615,-0.2485573622401184,-1.5572680801411465,-0.9994758386822314,-1.9498888692092633,3,0.4,0,83,-0.6231631678005422,0.8136539830504733,0.9220960844498932,0.376794794969384,0.8137473803719558,0.921668086209545,-0.6233292294451445,-0.1861424490483196,0.9215753373168113
19.203000000000003,0,-0.6476007837450855,0.806321047766255,0.9353062099556282,-0.14212403595044704,-0.03121705730296983,0.009572486443804486,-0.15315323064978506,-0.6340038257380302,0.31077006389547673,9,0.4,0,90,-0.642777151038474,0.8120973023119126,0.9189021697960383,0.35715800473569137,0.8121860981842935,0.9185746916895575,-0.642954331598689,-0.18770520610667743,0.9184276813596253
19.203000000000003,1,0.34754101656916786,0.8114309106648354,0.9292450771378387,-0.1111070106635357,-0.031283369936808275,-0.006809618343623487,-0.15471931582999804,-0.08441352550751859,0.3148561504526845,19,0.4,0,88,-0.642777151038474,0.8120973023119126,0.9189021697960383,0.35715800473569137,0.8121860981842935,0.9185746916895575,-0.642954331598689,-0.18770520610667743,0.9184276813596253
19.203000000000003,2,-0.6287297976195039,-0.19130380136723324,0.9370705571453526,0.07502072366609948,0.013708909559210726,0.046295413701860334,2.5917735058347606,0.4730307437793862,1.466929233542179,3,0.4,0,84,-0.642777151038474,0.8120973023119126,0.9189021697960383,0.35715800473569137,0.8121860981842935,0.9185746916895575,-0.642954331598689,-0.18770520610667743,0.9184276813596253
19.402,0,-0.6977922092104971,0.7895878261121898,0.9392591561359209,-0.25221821841915654,-0.08408654097520288,0.019864051157250134,-0.5532370978327165,-0.26567579734790736,0.05171640559520476,6,0.4,0,91,-0.6846154526756015,0.7877846139704573,0.925256596725461,0.31527960676878447,0.7878755358203189,0.9249969457791435,-0.6848330318106426,-0.21202239316512214,0.9248637917366167
19.402,1,0.3084848222489694,0.7844079916098907,0.9309722320858553,-0.1962622830160746,-0.13579356309017565,0.008679170593048695,-0.42791594147004886,-0.5251768500169266,0.07783311023453433,19,0.4,0,89,-0.6846154526756015,0.7877846139704573,0.925256596725461,0.31527960676878447,0.7878755358203189,0.9249969457791435,-0.6848330318106426,-0.21202239316512214,0.9248637917366167
19.402,2,-0.6875470249070157,-0.22393825045931326,0.9367808015613088,-0.2955639562186552,-0.16399220649286603,-0.0014560582112754712,-1.8622345722852176,-0.892970432422505,-0.23995714529214207,4,0.4,0,85,-0.6846154526756015,0.7877846139704573,0.925256596725461,0.31527960676878447,0.7878755358203189,0.9249969457791435,-0.6848330318106426,-0.21202239316512214,0.9248637917366167
19.602,0,-0.7260479704663054,0.7704526635041288,0.9304489139609826,-0.14127880627904205,-0.09567581304030548,-0.04405121087469171,0.5546970607005745,-0.057946360325513216,-0.31957631015971033,9,0.4,0,92,-0.7216040174438989,0.7694370533396809,0.9240847537157906,0.27826752567639146,0.7695376876822992,0.9238779576134432,-0.7218452933250967,-0.2303647498224439,0.9237681393877584
19.602,1,0.2688855573941167,0.7653190545177871,0.9325551561272369,-0.19799632427426425,-0.09544468546051821,0.007914620206908057,-0.00867020629094831,0.20174438814828793,-0.0038227519307032025,27,0.4,0,90,-0.7216040174438989,0.7694370533396809,0.9240847537157906,0.27826752567639146,0.7695376876822992,0.9238779576134432,-0.7218452933250967,-0.2303647498224439,0.9237681393877584
19.602,2,-0.6998031028331106,-0.2538520523003285,0.9461161714907506,-0.06128038963047499,-0.14956900920507663,0.046676849647209084,1.1714178329409053,0.07211598643894726,0.24066453929242365,2,0.4,0,86,-0.7216040174438989,0.7694370533396809,0.9240847537157906,0.27826752567639146,0.7695376876822992,0.9238779576134432,-0.7218452933250967,-0.2303647498224439,0.9237681393877584
19.802,0,-0.7673805893998178,0.7690034151932622,0.9349961062023924,-0.20666309466756255,-0.00724624155433287,0.02273596120704832,-0.3269214419426037,0.4421478574298646,0.3339358604087013,8,0.4,0,93,-0.7551097247207165,0.7548471565584596,0.9213372573162224,0.24474288054567345,0.7549511580610337,0.9211927770119641,-0.7553661785701439,-0.24495429833170793,0.9211029062202432
19.802,1,0.2364180646470772,0.7544487547521677,0.9308995098395338,-0.16233746373519795,-0.054351498828097616,-0.0082782314385155,0.17829430269533217,0.20546593316210368,-0.08096425822711807,21,0.4,0,91,-0.7551097247207165,0.7548471565584596,0.9213372573162224,0.24474288054567345,0.7549511580610337,0.9211927770119641,-0.7553661785701439,-0.24495429833170793,0.9211029062202432
19.802,2,-0.7396329438622087,-0.24463132529451537,0.9338279472225351,-0.19914920514549087,0.046103635029065726,-0.06144112134107726,-0.6893440775750818,0.9783632211707153,-0.5405898549414336,2,0.4,0,87,-0.7551097247207165,0.7548471565584596,0.9213372573162224,0.24474288054567345,0.7549511580610337,0.9211927770119641,-0.7553661785701439,-0.24495429833170793,0.9211029062202432
20.002000000000002,0,-0.7935123201681262,0.7391273848863362,0.9189704299260752,-0.13065865384154032,-0.1493801515346278,-0.08012838138158421,0.38002220413010573,-0.7106695499014646,-0.5143217129431553,4,0.4,0,94,-0.7851987429299977,0.7434451978793737,0.9172192617809785,0.21459137016333557,0.7435676459012184,0.9174345979069343,-0.7855179198555037,-0.25634533035170914,0.91737875687008
20.002000000000002,1,0.21867394202047924,0.7540161492656142,0.9271178436436556,-0.08872061313298858,-0.002163027432767164,-0.018908330979391107,0.3680842530110416,0.2609423569766485,-0.05315049770437728,21,0.4,0,92,-0.7851987429299977,0.7434451978793737,0.9172192617809785,0.21459137016333557,0.7435676459012184,0.9174345979069343,-0.7855179198555037,-0.25634533035170914,0.91737875687008
20.002000000000002,2,-0.8029588514287305,-0.24447209451930263,0.9320112558674123,-0.31662953783260445,0.0007961538760636764,-0.009083456775614156,-0.5874016634355596,-0.22653740576500705,0.2617883228273118,3,0.4,0,88,-0.7851987429299977,0.7434451978793737,0.9172192617809785,0.21459137016333557,0.7435676459012184,0.9174345979069343,-0.7855179198555037,-0.25634533035170914,0.91737875687008
20.202,0,-0.8092331792369807,0.725005659002008,0.9185978108888415,-0.07860429534427255,-0.0706086294216415,-0.0018630951861689571,0.2602717924863398,0.3938576105649329,0.3913264309770777,7,0.4,0,95,-0.812355909212875,0.734669445860399,0.9126981643547266,0.18754368071906807,0.7348082250758098,0.9126300882724282,-0.8126467832170587,-0.2650985836426573,0.9130689918498628
20.202,1,0.18853013623314602,0.7445140489198006,0.9342920819040453,-0.15071902893666664,-0.04751050172906851,0.03587119130194867,-0.3099920790183914,-0.22673737148150752,0.2738976114066999,20,0.4,0,93,-0.812355909212875,0.734669445860399,0.9126981643547266,0.18754368071906807,0.7348082250758098,0.9126300882724282,-0.8126467832170587,-0.2650985836426573,0.9130689918498628
20.202,2,-0.8478018181987346,-0.27810461983291757,0.9166499921669804,-0.2242148338500213,-0.1681626265680753,-0.07680631850215947,0.46207351991291734,-0.844793902220698,-0.33861430863272773,3,0.4,0,89,-0.812355909212875,0.734669445860399,0.9126981643547266,0.18754368071906807,0.7348082250758098,0.9126300882724282,-0.8126467832170587,-0.2650985836426573,0.9130689918498628
20.402,0,-0.8321202045953882,0.7315961405850777,0.9295610697481504,-0.11443512679203778,0.03295240791534882,0.054816294296545415,-0.1791541572388268,0.5178051866849535,0.28339694741357285,8,0.4,0,96,-0.8367240025652066,0.7280610299520344,0.9076675870872074,0.16317813269451462,0.7281996670242888,0.9075491218023803,-0.8369154604950276,-0.2716895130012152,0.9079030696510049
20.402,1,0.1622575340321868,0.7380761715175453,0.9246880985953636,-0.1313630110047966,-0.03218938701127616,-0.04801991654340882,0.09678008965935049,0.07660557358896203,-0.41945553922678896,14,0.4,0,94,-0.8367240025652066,0.7280610299520344,0.9076675870872074,0.16317813269451462,0.7281996670242888,0.9075491218023803,-0.8369154604950276,-0.2716895130012152,0.9079030696510049
20.402,2,-0.8084086797994727,-0.2820016591234673,0.9213087590260858,0.1969656919963099,-0.01948519645274878,0.023293834295526422,2.1059026292316636,0.7433871505766353,0.5005007639884312,2,0.4,0,90,-0.8367240025652066,0.7280610299520344,0.9076675870872074,0.16317813269451462,0.7281996670242888,0.9075491218023803,-0.8369154604950276,-0.2716895130012152,0.9079030696510049
20.603,0,-0.8430774218221935,0.740766546049606,0.9075137653540868,-0.05451351854131984,0.04562390778372276,-0.10968808156250605,0.29811745398367057,0.06304228790235775,-0.818429730642045,4,0.4,0,97,-0.8585733736147713,0.7232636842617,0.9025332079821249,0.14135304221359232,0.7234045671294521,0.9023327345353729,-0.8586928081165487,-0.2764920838034911,0.902525034600648
20.603,1,0.137560714252646,0.7306208451409888,0.9195584841917404,-0.12286975014696885,-0.0370911760027688,-0.025520469669767076,0.042255029143421566,-0.02438700990792353,0.11193754663503327,15,0.4,0,95,-0.8585733736147713,0.7232636842617,0.9025332079821249,0.14135304221359232,0.7234045671294521,0.9023327345353729,-0.8586928081165487,-0.2764920838034911,0.902525034600648
20.603,2,-0.8020981816438135,-0.26677749893680147,0.9193350247424419,0.03139551321223477,0.07574209048092437,-0.009819573550466542,-0.8237322327565906,0.47376759668493984,-0.16474332261688002,2,0.4,0,91,-0.8585733736147713,0.7232636842617,0.9025332079821249,0.14135304221359232,0.7234045671294521,0.9023327345353729,-0.8586928081165487,-0.2764920838034911,0.902525034600648
20.804000000000002,0,-0.867463832298724,0.7332597789125521,0.9124689046419124,-0.12132542525637065,-0.037347100184347636,0.024652434267789514,-0.33239754584602305,-0.41279108441825957,0.6683607752751005,6,0.4,0,98,-0.8774325441448859,0.7224964343641395,0.8980560689995368,0.12252341560777026,0.7226244550015177,0.8976434074429523,-0.877501835797848,-0.27727883113078206,0.8977686069428149
20.804000000000002,1,0.1146429336054145,0.71620879459632,0.9061784305471583,-0.11401880919020613,-0.071701744003327,-0.0665674310675728,0.04403453212319753,-0.1721918805997916,-0.20421373829754041,21,0.4,0,96,-0.8774325441448859,0.7224964343641395,0.8980560689995368,0.12252341560777026,0.7226244550015177,0.8976434074429523,-0.877501835797848,-0.27727883113078206,0.8977686069428149
20.804000000000002,2,-0.8821309322670843,-0.285118984751356,0.8920580552417398,-0.39817288867298783,-0.0912511732067387,-0.13570631592389112,-2.137156228284684,-0.8308122571525505,-0.6263022008628073,3,0.4,0,92,-0.8774325441448859,0.7224964343641395,0.8980560689995368,0.12252341560777026,0.7226244550015177,0.8976434074429523,-0.877501835797848,-0.27727883113078206,0.8977686069428149
21.002000000000002,0,-0.9123292858205512,0.6920407044778678,0.9167632790748597,-0.2265931996051871,-0.2081771436095163,0.02168875976235995,-0.5316554260041224,-0.8627779970968097,-0.014968053057725032,7,0.4,0,99,-0.910916150226068,0.696380425898058,0.9075009523533566,0.08900083455020888,0.6964923089275143,0.9070938459201863,-0.9109162904199986,-0.30330657761874197,0.9070552613102041
21.002000000000002,1,0.07951729827370607,0.6950849707331616,0.9310089340217322,-0.1774021986449917,-0.10668597910686077,0.12540658320491863,-0.3201181285595225,-0.176688056078453,0.9695657286489447,17,0.4,0,97,-0.910916150226068,0.696380425898058,0.9075009523533566,0.08900083455020888,0.6964923089275143,0.9070938459201863,-0.9109162904199986,-0.30330657761874197,0.9070552613102041
21.002000000000002,2,-0.957248385086475,-0.29790551607920857,0.8638076172811218,-0.4445094596339444,-0.07353568786555963,-0.16426186255511865,-0.657862472611487,-0.09047724056362166,-0.21800891874785766,0,0.4,1,92,-0.910916150226068,0.696380425898058,0.9075009523533566,0.08900083455020888,0.6964923089275143,0.9070938459201863,-0.9109162904199986,-0.30330657761874197,0.9070552613102041
21.202,0,-0.9559475859291118,0.6802584931508907,0.9198486552209583,-0.2180915005428038,-0.0589110566348857,0.015426880730492809,0.042508495311916625,0.7463304348731558,-0.031309395159335826,8,0.4,0,100,-0.9467487509048478,0.6704366178251207,0.9116766045159462,0.05313346126957957,0.6705296964198245,0.9113370606999351,-0.9467504048537572,-0.3292578364706577,0.9111101748744976
21.202,1,0.05237886591443869,0.668263299880596,0.9355303762782861,-0.1356921617963374,-0.13410835426282844,0.022607211282769737,0.20855018424327235,-0.13711187577983883,-0.5139968596107463,14,0.4,0,98,-0.9467487509048478,0.6704366178251207,0.9116766045159462,0.05313346126957957,0.6705296964198245,0.9113370606999351,-0.9467504048537572,-0.3292578364706577,0.9111101748744976
21.202,2,-0.969617526262843,-0.2936464579691007,0.9146931978151727,-0.25069841625773837,0.008143456754397012,0.20995944219214183,0.9690552168810336,0.4083957230997846,1.871106523736309,1,0.4,0,93,-0.9467487509048478,0.6704366178251207,0.9116766045159462,0.05313346126957957,0.6705296964198245,0.9113370606999351,-0.9467504048537572,-0.3292578364706577,0.9111101748744976
21.402,0,-0.961421397280249,0.6505138991377784,0.9500779784437845,-0.027369056755686225,-0.14872297006556232,0.1511466161141314,0.9536122189355912,-0.44905956715338463,0.6785986769181954,4,0.4,0,101,-0.9784941915996905,0.6497419544001297,0.9127757033874853,0.021366550540075243,0.6498259344857868,0.9125038688014467,-0.9786354953412103,-0.35004004510902165,0.9126586642149633
21.402,1,0.017106252805769773,0.6468860947023887,0.933213323064661,-0.17636306554334522,-0.10688602589103684,-0.011585266068125696,-0.20335451873503985,0.1361116418589585,-0.17096238675447778,16,0.4,0,99,-0.9784941915996905,0.6497419544001297,0.9127757033874853,0.021366550540075243,0.6498259344857868,0.9125038688014467,-0.9786354953412103,-0.35004004510902165,0.9126586642149633
21.402,2,-0.9715999532719859,-0.35023596263068235,0.9381555107346866,-0.009912135045714345,-0.2829475233079092,0.11731156459756961,1.2039314060601245,-1.4554549003115362,-0.46323938797286274,2,0.4,0,94,-0.9784941915996905,0.6497419544001297,0.9127757033874853,0.021366550540075243,0.6498259344857868,0.9125038688014467,-0.9786354953412103,-0.35004004510902165,0.9126586642149633
21.603,0,-1.0193055403310745,0.6351713675964225,0.9156722991708289,-0.28798081119813584,-0.07633100269331272,-0.17117253369629565,-1.2965758927485023,0.3601590416529821,-1.6035778597533645,5,0.4,0,102,-1.0067807330570975,0.6331177938477395,0.9120253710754291,-0.006929194926055496,0.6331988078037152,0.9118083288272462,-1.0069150681225372,-0.3666799926745508,0.9120994072436326
21.603,1,-0.019107596175670816,0.6314518177486573,0.9291438209931481,-0.18016840289273878,-0.0767874475310015,-0.02024627896275074,-0.018932026613898267,0.14974417094544906,-0.04308961639116926,16,0.4,0,100,-1.0067807330570975,0.6331177938477395,0.9120253710754291,-0.006929194926055496,0.6331988078037152,0.9118083288272462,-1.0069150681225372,-0.3666799926745508,0.9120994072436326
21.603,2,-1.0198612737674178,-0.3761004941163484,0.9324066673608538,-0.2401060721165758,-0.12867926112271624,-0.02860121081508849,-1.1452434680142332,0.767503791966132,-0.725934206033123,4,0.4,0,95,-1.0067807330570975,0.6331177938477395,0.9120253710754291,-0.006929194926055496,0.6331988078037152,0.9118083288272462,-1.0069150681225372,-0.3666799926745508,0.9120994072436326
21.801000000000002,0,-1.0211328695896154,0.602295480730621,0.9278130609818415,-0.009228935649196444,-0.16603983265556255,0.06131697884349753,1.4078377552976709,-0.4530748987992406,1.1741894572716802,4,0.4,0,103,-1.03200956630156,0.6197390054422586,0.9096838414516722,-0.03215882823113263,0.6198200586298657,0.9095093134509384,-1.0321150336271674,-0.38006534053033975,0.9097783061692617
21.801000000000002,1,-0.035293212503098026,0.6308990705739517,0.9266090659922332,-0.08174553700720796,-0.0027916523975033223,-0.012801792933913505,0.49708518124005363,0.3737161370378688,0.03759841428705667,14,0.4,0,101,-1.03200956630156,0.6197390054422586,0.9096838414516722,-0.03215882823113263,0.6198200586298657,0.9095093134509384,-1.0321150336271674,-0.38006534053033975,0.9097783061692617
21.801000000000002,2,-1.0121890775367082,-0.3757223387608679,0.9142227538380401,0.03874846581166448,0.0019098755327296402,-0.09183794708491738,1.4083562521628268,0.6595410942194223,-0.31937745590822614,3,0.4,0,96,-1.03200956630156,0.6197390054422586,0.9096838414516722,-0.03215882823113263,0.6198200586298657,0.9095093134509384,-1.0321150336271674,-0.38006534053033975,0.9097783061692617
22.002000000000002,0,-1.0490544113747322,0.6093669802251153,0.927697350969473,-0.13891314320953624,0.03518158952484698,-0.0005756717033258006,-0.6451950624892511,1.001101602887607,-0.30792363456130933,5,0.4,0,104,-1.054565793160128,0.6090116589354072,0.9063187659667536,-0.05471007021941279,0.6090939656312083,0.9061771440445608,-1.0546463142010503,-0.3908028616323653,0.906395436777264
22.002000000000002,1,-0.0687672830564513,0.6026052863491971,0.9235368510140869,-0.16653766444454324,-0.14076509564554487,-0.015284651632568912,-0.42185138028524904,-0.686435041035031,-0.012352530839081596,16,0.4,0,102,-1.054565793160128,0.6090116589354072,0.9063187659667536,-0.05471007021941279,0.6090939656312083,0.9061771440445608,-1.0546463142010503,-0.3908028616323653,0.906395436777264
22.002000000000002,2,-1.0407563310261976,-0.3919136160054444,0.9401679738753184,-0.14212563925119073,-0.08055361813222106,0.12908069670287697,-0.8998711694669391,-0.4102661376365696,1.0990977302875313,2,0.4,0,97,-1.054565793160128,0.6090116589354072,0.9063187659667536,-0.05471007021941279,0.6090939656312083,0.9061771440445608,-1.0546463142010503,-0.3908028616323653,0.906395436777264
22.202,0,-1.0946326971271074,0.6102751815996079,0.9103335505978236,-0.22789142876187687,0.004541006872463299,-0.0868190018582474,-0.44489142776170476,-0.15320291326191893,-0.4312166507746095,4,0.4,0,105,-1.0747075997348885,0.6004881066282988,0.9023221817269939,-0.07484302322553302,0.6005717713360743,0.9022057031493881,-1.0747683732756492,-0.3993388894293962,0.9023784313538619
22.202,1,-0.07874172253925338,0.5975294991687496,0.918683110444096,-0.04987219741401057,-0.025378935902237255,-0.024268702849954225,0.5833273351526654,0.5769307987165402,-0.04492025608692672,13,0.4,0,103,-1.0747075997348885,0.6004881066282988,0.9023221817269939,-0.07484302322553302,0.6005717713360743,0.9022057031493881,-1.0747683732756492,-0.3993388894293962,0.9023784313538619
22.202,2,-1.0464316332569268,-0.3448405591873631,0.9051706695285282,-0.028376511153646134,0.2353652840904072,-0.17498652173395168,0.568745640487725,1.5795945111131469,-1.5203360921841487,1,0.4,0,98,-1.0747075997348885,0.6004881066282988,0.9023221817269939,-0.07484302322553302,0.6005717713360743,0.9022057031493881,-1.0747683732756492,-0.3993388894293962,0.9023784313538619
22.402,0,-1.1098488283428207,0.5948825851527266,0.903207363662008,-0.07608065607856677,-0.07696298223440673,-0.0356309346790777,0.7590538634165532,-0.40751994553435156,0.2559403358958494,6,0.4,0,106,-1.0975182667189864,0.5883595326001846,0.9097056727428651,-0.09764358956910599,0.588444266716209,0.9096084163083261,-1.0975653267916547,-0.4114826856334495,0.9097520631228644
22.402,1,-0.09008949080804762,0.5786292084030253,0.9253056447308345,-0.056738841343971426,-0.09450145382862185,0.03311267143369279,-0.03433321964980441,-0.34561258963192426,0.2869068714182361,15,0.4,0,104,-1.0975182667189864,0.5883595326001846,0.9097056727428651,-0.09764358956910599,0.588444266716209,0.9096084163083261,-1.0975653267916547,-0.4114826856334495,0.9097520631228644
22.402,2,-1.0565401732342992,-0.40506762358186554,0.9421867373308392,-0.050542699886862066,-0.3011353219725132,0.18508033901155557,-0.11083094366608005,-2.6825030303146113,1.8003343037275428,2,0.4,0,99,-1.0975182667189864,0.5883595326001846,0.9097056727428651,-0.09764358956910599,0.588444266716209,0.9096084163083261,-1.0975653267916547,-0.4114826856334495,0.9097520631228644
22.604000000000003,0,-1.1361406249833075,0.5461907972093338,0.9284747164122339,-0.13015740911131946,-0.2410484551653088,0.1250859047040873,-0.26770669818194165,-0.8123043214401022,0.7956279177384338,6,0.4,0,107,-1.1302158874965158,0.5514523317985717,0.9223628344468127,-0.13034783323010377,0.5515390085021693,0.9222863827417107,-1.1302597795914502,-0.4483958181237044,0.9224012729220538
22.604000000000003,1,-0.13504956228574405,0.5389581744628834,0.9368695847995343,-0.22257461127572298,-0.19639125712941383,0.05724722806286962,-0.820969158077971,-0.5044049668355995,0.11947800311473576,9,0.4,0,105,-1.1302158874965158,0.5514523317985717,0.9223628344468127,-0.13034783323010377,0.5515390085021693,0.9222863827417107,-1.1302597795914502,-0.4483958181237044,0.9224012729220538
22.604000000000003,2,-1.1514455515551247,-0.438737069732984,0.9245829086187551,-0.4698286055486374,-0.16668042649068393,-0.0871476668915047,-2.0756728003058007,0.6656182944644956,-1.3476633955596928,2,0.4,0,100,-1.1302158874965158,0.5514523317985717,0.9223628344468127,-0.13034783323010377,0.5515390085021693,0.9222863827417107,-1.1302597795914502,-0.4483958181237044,0.9224012729220538
22.802000000000003,0,-1.1603687696397655,0.5072099384083979,0.9538195973060488,-0.12236436695180815,-0.1968730242471508,0.12800444895866098,0.03935879878541056,0.2231082369603934,0.014740122497846892,5,0.4,0,108,-1.1578658503543742,0.522758461190593,0.9279392113683907,-0.15799782655820846,0.5228478283935329,0.9278773767331762,-1.1579060693591805,-0.4770959647860883,0.9279707864174448
22.802000000000003,1,-0.14328611558480286,0.5202605356499458,0.9433093080980672,-0.041598754035650484,-0.09443251925726052,0.032523855043095816,0.9140194810104653,0.5149431205664298,-0.12486552030188766,11,0.4,0,106,-1.1578658503543742,0.522758461190593,0.9279392113683907,-0.15799782655820846,0.5228478283935329,0.9278773767331762,-1.1579060693591805,-0.4770959647860883,0.9279707864174448
22.802000000000003,2,-1.1816751610405716,-0.48413253277965107,0.941161157798979,-0.15267479538104434,-0.22927001538720704,0.08372853121325204,1.6017869200383457,-0.3161090348309242,0.8630111015391737,3,0.4,0,101,-1.1578658503543742,0.522758461190593,0.9279392113683907,-0.15799782655820846,0.5228478283935329,0.9278773767331762,-1.1579060693591805,-0.4770959647860883,0.9279707864174448
23.003,0,-1.200610910306253,0.4992193224227268,0.945493991031842,-0.20020965505715457,-0.03975430838642388,-0.041420926737348214,-0.38728999057386865,0.7816851535359667,-0.8429123168955809,4,0.4,0,109,-1.1826456442511402,0.4993143874341247,0.9303510430064762,-0.18277334068375647,0.49940592738683975,0.9302996299047037,-1.1826814536698276,-0.5005474835884302,0.9303765402597394
23.003,1,-0.194842231553099,0.49461503448453836,0.9362544478112198,-0.25649808939451196,-0.1275895580368548,-0.035098807397251706,-1.0691509221834066,-0.1649603919382824,-0.3364311564196445,9,0.4,0,107,-1.1826456442511402,0.4993143874341247,0.9303510430064762,-0.18277334068375647,0.49940592738683975,0.9302996299047037,-1.1826814536698276,-0.5005474835884302,0.9303765402597394
23.003,2,-1.1689515552716396,-0.5246562067196336,0.9311411581777834,0.06330152123846834,-0.20161031810936908,-0.04985074438405845,1.0745090379080395,0.13761043421810137,-0.6645735104343905,2,0.4,0,102,-1.1826456442511402,0.4993143874341247,0.9303510430064762,-0.18277334068375647,0.49940592738683975,0.9302996299047037,-1.1826814536698276,-0.5005474835884302,0.9303765402597394
23.202,0,-1.2094849180303509,0.4654132823018331,0.9515905471264677,-0.04459300363868232,-0.1698795985974545,0.03063596027450117,0.7819932232083969,-0.6538959307086912,0.36209490960728036,3,0.4,0,110,-1.2047771077669238,0.4801304523964447,0.9305784425840159,-0.20489219188316413,0.4802320142682381,0.9305371427104835,-1.204802879106096,-0.5197308958714408,0.9306017226070539
23.202,1,-0.2140036115947307,0.49463688366694014,0.9315549663868841,-0.09628834191774648,0.00010979488644109749,-0.023615484544400784,0.805074107923438,0.6417052910718335,0.05770513996407452,6,0.4,0,108,-1.2047771077669238,0.4801304523964447,0.9305784425840159,-0.20489219188316413,0.4802320142682381,0.9305371427104835,-1.204802879106096,-0.5197308958714408,0.9306017226070539
23.202,2,-1.2203623731387934,-0.49514218970377843,0.9704995507783134,-0.2583458184279061,0.1483116432957536,0.19778086733934502,-1.6163182897807629,1.7584018161061297,1.2443799584090525,1,0.4,0,103,-1.2047771077669238,0.4801304523964447,0.9305784425840159,-0.20489219188316413,0.4802320142682381,0.9305371427104835,-1.204802879106096,-0.5197308958714408,0.9306017226070539
23.401,0,-1.2410160613450874,0.44229482473100146,0.9479100315667652,-0.15844795635546133,-0.11617315362227068,-0.018495053063831847,-0.5721354407878397,0.26988163304112733,-0.24688951426298236,2,0.4,0,111,-1.2245914035650218,0.46440842725042025,0.9294395598489856,-0.22467372104219419,0.46450938057355257,0.9291634049147606,-1.2245886997580782,-0.5354623407978795,0.9292185726018385
23.401,1,-0.24548838878777257,0.4751177983378465,0.9281777067764567,-0.1582149607690562,-0.09808585592509458,-0.016971153821243087,-0.3111890394538207,-0.4934454814650082,0.033388596598782724,6,0.4,0,109,-1.2245914035650218,0.46440842725042025,0.9294395598489856,-0.22467372104219419,0.46450938057355257,0.9291634049147606,-1.2245886997580782,-0.5354623407978795,0.9292185726018385
23.401,2,-1.2666175941892215,-0.4522018557454126,1.0155877326398346,-0.25421914964234893,0.2878369099278092,0.26422336401672475,-0.21890304428670393,0.7241842941980197,0.3783877971670834,0,0.4,1,103,-1.2245914035650218,0.46440842725042025,0.9294395598489856,-0.22467372104219419,0.46450938057355257,0.9291634049147606,-1.2245886997580782,-0.5354623407978795,0.9292185726018385
23.602,0,-1.2209854661201784,0.43455305608489225,0.963800671147461,0.09965470261148686,-0.038516261920941215,0.0790579083616705,1.2840928306813308,0.38635269503148895,0.4853381165447866,4,0.4,0,112,-1.241870915802131,0.45277303603139946,0.9273827810422586,-0.24196328786214255,0.45285912938355155,0.9270688546005895,-1.241884067610877,-0.547120131758127,0.9271165564711003
23.602,1,-0.2571310646615702,0.4580078885228309,0.9446880285339415,-0.05792376056615725,-0.08512392942793803,0.08214090426609355,0.498961195039297,0.06448719650326626,0.49309481635490743,7,0.4,0,110,-1.241870915802131,0.45277303603139946,0.9273827810422586,-0.24196328786214255,0.45285912938355155,0.9270688546005895,-1.241884067610877,-0.547120131758127,0.9271165564711003
23.602,2,-1.3221375942134475,-0.3797177520149757,1.07634025150387,-0.2982186615439765,0.43339795306161155,0.3402793112473087,-0.21890304428670393,0.7241842941980197,0.3783877971670834,0,0.4,2,103,-1.241870915802131,0.45277303603139946,0.9273827810422586,-0.24196328786214255,0.45285912938355155,0.9270688546005895,-1.241884067610877,-0.547120131758127,0.9271165564711003
23.804000000000002,0,-1.2659690369519416,0.40633390248575774,0.982193919823652,-0.22269094471169704,-0.13969878019373402,0.0910556865157958,-1.5957705313028767,-0.5009035558059007,0.05939494135705548,4,0.4,0,113,-1.26551554684203,0.4227041235108686,0.9448665127712472,-0.26559624275399946,0.42282501169227404,0.9445380894438493,-1.2655557478256863,-0.5772237082369726,0.9446451060115787
23.804000000000002,1,-0.2803108191800058,0.4190630368144539,0.9575548428314365,-0.1147512599922543,-0.19279629558602324,0.06369710048264814,-0.28132425458463645,-0.5330315156340806,-0.09130595932398641,7,0.4,0,111,-1.26551554684203,0.4227041235108686,0.9448665127712472,-0.26559624275399946,0.42282501169227404,0.9445380894438493,-1.2655557478256863,-0.5772237082369726,0.9446451060115787
23.804000000000002,2,-1.3868438237548686,-0.2773965575263011,1.15279654021363,-0.3424370764898911,0.5796831804896128,0.4167136462750602,-0.21890304428670393,0.7241842941980197,0.3783877971670834,0,0.6665403310346196,3,103,-1.26551554684203,0.4227041235108686,0.9448665127712472,-0.26559624275399946,0.42282501169227404,0.9445380894438493,-1.2655557478256863,-0.5772237082369726,0.9446451060115787
24.002000000000002,0,-1.2934169814716336,0.36229086146904677,0.9885185488596968,-0.13862598242268667,-0.2224396010944994,0.031942570889115666,0.42457051661116263,-0.4178829338422485,-0.2985510890236365,4,0.4,0,114,-1.2868821437864362,0.3824142410540934,0.958061393217504,-0.28698521343660444,0.38249360948501077,0.9578087934223621,-1.2869390955612554,-0.6175328192388743,0.9578823661177617
24.002000000000002,1,-0.26768523443833137,0.3692453923259764,0.9695304302032027,0.06376557950340599,-0.25160426509332007,0.06048276450386949,0.9016001994730298,-0.29700994700654904,-0.01623402009484162,9,0.4,0,112,-1.2868821437864362,0.3824142410540934,0.958061393217504,-0.28698521343660444,0.38249360948501077,0.9578087934223621,-1.2869390955612554,-0.6175328192388743,0.9578823661177617
24.002000000000002,2,-1.4589373023739751,-0.148423827254488,1.2427229997761613,-0.38577987925865853,0.7230716707408209,0.4916344301141429,-0.21890304428670393,0.7241842941980197,0.3783877971670834,0,1.054005710876174,4,103,-1.2868821437864362,0.3824142410540934,0.958061393217504,-0.28698521343660444,0.38249360948501077,0.9578087934223621,-1.2869390955612554,-0.6175328192388743,0.9578823661177617
24.202,0,-1.2942095133393923,0.3313846745237612,0.9975526725870965,-0.003962659338793154,-0.15453093472642843,0.04517061863699783,0.67331661541947,0.33954333184035607,0.06614023873941106,3,0.4,0,115,-1.3061481089374518,0.3505928362440427,0.9660659869261699,-0.3062611201782041,0.35065562068424894,0.9658623868851579,-1.306216446304706,-0.649365847353131,0.9659243884838745
24.202,1,-0.30671198982780623,0.31475227662802974,0.9686773966717923,-0.19513377694737502,-0.27246557848973435,-0.004265167657052108,-1.2944967822539095,-0.10430656698207179,-0.32373966080460914,6,0.4,0,113,-1.3061481089374518,0.3505928362440427,0.9660659869261699,-0.3062611201782041,0.35065562068424894,0.9658623868851579,-1.306216446304706,-0.649365847353131,0.9659243884838745
24.202,2,-1.3120941118729794,-0.648010952992208,0.9716149938511928,0.6926567845524614,-2.456905390482127,-1.3265636749065977,5.3921833190556185,-15.899885306114795,-9.090990525103734,3,1.5584503484562715,0,104,-1.3061481089374518,0.3505928362440427,0.9660659869261699,-0.3062611201782041,0.35065562068424894,0.9658623868851579,-1.306216446304706,-0.649365847353131,0.9659243884838745
24.402,0,-1.3605193054742684,0.34756396408001144,0.9774354085368715,-0.3315489606743816,0.08089644778125156,-0.10058632025112488,-1.637931506677948,1.1771369125384041,-0.7287846944406162,2,0.4,0,116,-1.3235944577699055,0.32458164370061293,0.9705186533100747,-0.32375687843324574,0.3245321745619058,0.9704690277969767,-1.3237049055424386,-0.6754512025263589,0.9705576220205074
24.402,1,-0.33694238531015785,0.3237358487890356,0.9733563142797383,-0.15115197741175865,0.04491786080502951,0.023394588039729963,0.21990899767808264,1.586917196473825,0.13829877848391084,7,0.4,0,114,-1.3235944577699055,0.32458164370061293,0.9705186533100747,-0.32375687843324574,0.3245321745619058,0.9704690277969767,-1.3237049055424386,-0.6754512025263589,0.9705576220205074
24.402,2,-1.3318942818189299,-0.6840168338263468,0.9797416014335956,-0.09900084972975266,-0.18002940417069466,0.040633037912014426,-3.958288171411084,11.384379931557204,6.835983564093084,4,0.4,0,105,-1.3235944577699055,0.32458164370061293,0.9705186533100747,-0.32375687843324574,0.3245321745619058,0.9704690277969767,-1.3237049055424386,-0.6754512025263589,0.9705576220205074
24.602,0,-1.359807366199201,0.30269146285014537,0.9931486260604185,0.003559696375337053,-0.2243625061493312,0.07856608761773576,1.6755432852485992,-1.5262947696529192,0.8957620393443063,4,0.4,0,117,-1.339389169118173,0.30312138394243243,0.9723785929029027,-0.33954505050610684,0.3031260531360301,0.9726076577954733,-1.3394875999624507,-0.6969127714193809,0.9723657420624352
24.602,1,-0.3408402834891331,0.28458119825920014,0.9821156310603403,-0.01948949089487624,-0.19577325264917803,0.0437965839030101,0.6583124325844143,-1.203455567271042,0.10200997931640103,6,0.4,0,115,-1.339389169118173,0.30312138394243243,0.9723785929029027,-0.33954505050610684,0.3031260531360301,0.9726076577954733,-1.3394875999624507,-0.6969127714193809,0.9723657420624352
24.602,2,-1.3681768584866583,-0.7262915965105705,0.9700615686255798,-0.18141288333864256,-0.21137381342111924,-0.048400164040079026,-0.41206016804445095,-0.1567220462521235,-0.44516600976046883,2,0.4,0,106,-1.339389169118173,0.30312138394243243,0.9723785929029027,-0.33954505050610684,0.3031260531360301,0.9726076577954733,-1.3394875999624507,-0.6969127714193809,0.9723657420624352
24.803,0,-1.3493897835631854,0.3026537769442772,1.0205488071396323,0.05182876933341059,-0.00018749206899585912,0.13631930885180835,0.24014464158245477,1.1152985775141033,0.28732945887598227,2,0.4,0,118,-1.35380892973758,0.286874144176238,0.971742379739956,-0.3539651141878042,0.2868844726994678,0.972242110972407,-1.353922121255569,-0.7131618484801456,0.9718945795131211
24.803,1,-0.3550548960896076,0.2755152168616255,0.9921900212787973,-0.0707194656740024,-0.04510438506256029,0.0501213443704328,-0.25487549641356233,0.7495963561523251,0.03146646998717755,3,0.4,0,116,-1.35380892973758,0.286874144176238,0.971742379739956,-0.3539651141878042,0.2868844726994678,0.972242110972407,-1.353922121255569,-0.7131618484801456,0.9718945795131211
24.803,2,-1.3749981652651673,-0.7849888271300922,0.956330312906201,-0.03393684964432333,-0.2920260229826943,-0.06831470507153659,0.7337116104194967,-0.4012547739381834,-0.09907731856446522,1,0.4,0,107,-1.35380892973758,0.286874144176238,0.971742379739956,-0.3539651141878042,0.2868844726994678,0.972242110972407,-1.353922121255569,-0.7131618484801456,0.9718945795131211
25.003,0,-1.3454029144325692,0.26328517117131356,1.0119536464310075,0.019934345653081012,-0.1968430288648189,-0.042975803543122845,-0.15947211840164843,-0.9832776839791186,-0.896475561974659,3,0.4,0,119,-1.3676942371491605,0.2506695155311009,0.9902729051977905,-0.3678248899376838,0.25078812579193266,0.9908101231821805,-1.3677985480430397,-0.749342649781993,0.9904455094013638
25.003,1,-0.3663871401783234,0.24872609476585028,1.014772127512083,-0.05666122044357922,-0.13394561047887657,0.11291053116642787,0.07029122615211617,-0.44420612708158297,0.3139459339799765,6,0.4,0,117,-1.3676942371491605,0.2506695155311009,0.9902729051977905,-0.3678248899376838,0.25078812579193266,0.9908101231821805,-1.3677985480430397,-0.749342649781993,0.9904455094013638
25.003,2,-1.359153827173846,-0.774025441409051,0.9769797357444568,0.07922169045660704,0.05481692860520601,0.10324711419127977,0.5657927005046539,1.734214757939508,0.8578090963140849,2,0.4,0,108,-1.3676942371491605,0.2506695155311009,0.9902729051977905,-0.3678248899376838,0.25078812579193266,0.9908101231821805,-1.3677985480430397,-0.749342649781993,0.9904455094013638
25.203000000000003,0,-1.388984475580514,0.1865109701241825,0.9950387720272006,-0.21790780573972124,-0.3838710052356499,-0.08457437201903385,-1.1892107569639943,-0.9351398818541417,-0.2079928423795521,2,0.4,0,120,-1.377040431627038,0.20633054345429366,1.0059727370926452,-0.37713109163681763,0.20639993966309142,1.0061788489110113,-1.377145027789671,-0.7936544687292421,1.0061202263453966
25.203000000000003,1,-0.3632726058772834,0.20998845678268485,1.0284608112927345,0.01557267150519992,-0.1936881899158244,0.06844341890325747,0.36116945974389053,-0.2987128971847349,-0.2223355613158488,8,0.4,0,118,-1.377040431627038,0.20633054345429366,1.0059727370926452,-0.37713109163681763,0.20639993966309142,1.0061788489110113,-1.377145027789671,-0.7936544687292421,1.0061202263453966
25.203000000000003,2,-1.3900713631029071,-0.7995565025877918,1.0068384564117694,-0.15458767964530387,-0.12765530589370175,0.14929360333656005,-1.169046850509538,-0.9123611724945259,0.23023244572639814,1,0.4,0,109,-1.377040431627038,0.20633054345429366,1.0059727370926452,-0.37713109163681763,0.20639993966309142,1.0061788489110113,-1.377145027789671,-0.7936544687292421,1.0061202263453966
25.402,0,-1.3474662572815155,0.19931564437030902,1.0255529177634983,0.2086342628090402,0.06434509671420427,0.1533374157602922,2.1434274801445508,2.2523422208535604,1.195536622006675,1,0.4,0,121,-1.3867407630990591,0.17076617447698397,1.0161821101288708,-0.3868607240997541,0.17079491320618517,1.0166109239779544,-1.3868747583376433,-0.829262978707507,1.016631122411094
25.402,1,-0.3801407376066004,0.161666592012079,1.0127144564477264,-0.08476448105184506,-0.2428234410583232,-0.07912741128144841,-0.5042067967690751,-0.24691080976130295,-0.7415619607271725,4,0.4,0,119,-1.3867407630990591,0.17076617447698397,1.0161821101288708,-0.3868607240997541,0.17079491320618517,1.0166109239779544,-1.3868747583376433,-0.829262978707507,1.016631122411094
25.402,2,-1.3859050178515717,-0.8077774129334654,1.028598286932246,0.020936408298168105,-0.04131110726469199,0.10934588201244677,0.8820305926807722,0.43389044537191257,-0.2007423182116265,2,0.4,0,110,-1.3867407630990591,0.17076617447698397,1.0161821101288708,-0.3868607240997541,0.17079491320618517,1.0166109239779544,-1.3868747583376433,-0.829262978707507,1.016631122411094
25.602,0,-1.377978287033869,0.1259261270617964,1.0368996689288068,-0.15256014876176838,-0.3669475865425644,0.05673375582654203,-1.8059720578540492,-2.156463416283851,-0.48301829966875254,4,0.4,0,122,-1.3962971036875478,0.1415086193581396,1.0223259444566202,-0.39641132705980353,0.14157148167451727,1.0228834911538953,-1.3964236169147328,-0.8584758063813379,1.0229186393265344
25.602,1,-0.37799298862966646,0.14576049768006327,1.0380963844380529,0.010738744884669676,-0.07953047166007893,0.1269096399516333,0.4775161296825754,0.8164648469912243,1.0301852561654121,7,0.4,0,120,-1.3962971036875478,0.1415086193581396,1.0223259444566202,-0.39641132705980353,0.14157148167451727,1.0228834911538953,-1.3964236169147328,-0.8584758063813379,1.0229186393265344
25.602,2,-1.3803772326693153,-0.8428284862646964,1.0532927126936942,0.027638925911282017,-0.17525536665615576,0.12347212880724201,0.03351258806556968,-0.6697212969573212,0.07063123397397644,1,0.4,0,111,-1.3962971036875478,0.1415086193581396,1.0223259444566202,-0.39641132705980353,0.14157148167451727,1.0228834911538953,-1.3964236169147328,-0.8584758063813379,1.0229186393265344
25.801000000000002,0,-1.3731378291255614,0.09231267061561366,1.0409659322240912,0.024323909086973027,-0.16891184143810287,0.020433483895900616,0.888864612305226,0.9951544980123613,-0.18241342678714134,2,0.4,0,123,-1.4055794065816503,0.11720405309870752,1.0261415103106204,-0.40566945534718435,0.11730875216211957,1.0266349759095572,-1.4056797725732497,-0.8827285167920523,1.0266644660051647
25.801000000000002,1,-0.39136723295254416,0.11980158048203227,1.0304776934408482,-0.06720725790390751,-0.130446820090607,-0.038284879382937835,-0.3916884562240028,-0.25586104738958626,-0.8301232127365316,5,0.4,0,121,-1.4055794065816503,0.11720405309870752,1.0261415103106204,-0.40566945534718435,0.11730875216211957,1.0266349759095572,-1.4056797725732497,-0.8827285167920523,1.0266644660051647
25.801000000000002,2,-1.368269816666933,-0.901791967215734,1.0625944871965616,0.06084128644413222,-0.2962988992514425,0.04674258544154322,0.1668460328283916,-0.608258957765255,-0.3855755948025033,2,0.4,0,112,-1.4055794065816503,0.11720405309870752,1.0261415103106204,-0.40566945534718435,0.11730875216211957,1.0266349759095572,-1.4056797725732497,-0.8827285167920523,1.0266644660051647
26.003,0,-1.43267633300513,0.13458280379593246,1.05182229255914,-0.2947450687107383,0.20925808505108506,0.053744358094302454,-1.5795493950381891,1.8721283489563927,0.164905317813872,1,0.4,0,124,-1.415111289584862,0.09750488178145818,1.0309176249132181,-0.4151805125789108,0.09763539848921955,1.031312237804428,-1.4151892181891286,-0.9023933197169544,1.0313310025419749
26.003,1,-0.4039111122379867,0.10938114645015573,1.056838029125376,-0.06209841230417154,-0.051586307088498165,0.13049671130954466,0.025291314850178298,0.39039857921836413,0.8355524291707129,5,0.4,0,122,-1.415111289584862,0.09750488178145818,1.0309176249132181,-0.4151805125789108,0.09763539848921955,1.031312237804428,-1.4151892181891286,-0.9023933197169544,1.0313310025419749
26.003,2,-1.34956191975097,-0.9731929951958782,1.0711402945446893,0.10919042703145666,-0.39566705237586175,0.029257063428378787,0.16412946497358868,-0.4177882854513839,-0.1291971637876446,0,0.4,1,112,-1.415111289584862,0.09750488178145818,1.0309176249132181,-0.4151805125789108,0.09763539848921955,1.031312237804428,-1.4151892181891286,-0.9023933197169544,1.0313310025419749
26.202,0,-1.381420697606182,0.05808355733148529,1.09209431526922,0.25756600702988713,-0.3844183239419424,0.2023719734174853,2.7754325414101553,-2.9832985376533805,0.746872438809958,2,0.4,0,125,-1.4114075963951596,0.04769557080936859,1.0560247807232135,-0.41148111317191066,0.04784951991346461,1.0563388191427294,-1.4114868096206072,-0.9521730868365909,1.056340788132357
26.202,1,-0.4122204517850867,0.05100899500433598,1.0786351475135931,-0.04175547511105495,-0.29332739420009685,0.10953325823224627,0.10222581504078605,-1.214779332219079,-0.10534398531305635,6,0.4,0,123,-1.4114075963951596,0.04769557080936859,1.0560247807232135,-0.41148111317191066,0.04784951991346461,1.0563388191427294,-1.4114868096206072,-0.9521730868365909,1.056340788132357
26.202,2,-1.396734855237852,-0.966744344069868,1.0738398166635048,-0.21083947722747476,-0.042783747199460424,-0.03731087864602727,-1.6081904736629589,1.7732829405849169,-0.334512271730681,2,0.4,0,113,-1.4114075963951596,0.04769557080936859,1.0560247807232135,-0.41148111317191066,0.04784951991346461,1.0563388191427294,-1.4114868096206072,-0.9521730868365909,1.056340788132357
26.403000000000002,0,-1.399335616578483,0.003481196765624528,1.087164157021507,-0.08912895011094957,-0.27165353515353546,-0.024528150486134437,-1.7248505330389843,0.5610188496935655,-1.1288563378289511,2,0.4,0,126,-1.407581507424775,0.00692649340292973,1.070549432843503,-0.4076569312347723,0.0070886905010659855,1.0707976661116771,-1.4076613435842145,-0.9929215695463566,1.0707628043891804
26.403000000000002,1,-0.3990017496185915,-0.007936836066846142,1.081513037255898,0.06576468739549851,-0.29326284115015905,0.014317859414451406,0.5349261816246428,0.0003211594524268592,-0.473708451829824,6,0.4,0,124,-1.407581507424775,0.00692649340292973,1.070549432843503,-0.4076569312347723,0.0070886905010659855,1.0707976661116771,-1.4076613435842145,-0.9929215695463566,1.0707628043891804
26.403000000000002,2,-1.3584742744754772,-1.0150950467211768,1.0866341790756637,0.190351148071516,-0.2405507594592472,0.06365354433910006,1.9959732601939788,-0.9839154838795336,0.5023105621150601,1,0.4,0,114,-1.407581507424775,0.00692649340292973,1.070549432843503,-0.4076569312347723,0.0070886905010659855,1.0707976661116771,-1.4076613435842145,-0.9929215695463566,1.0707628043891804
26.602,0,-1.4055191234324955,-0.026504141855681507,1.094618566729427,-0.031072898763882653,-0.15068009357440365,0.03745934526593111,0.2917389514928014,0.6079067416036834,0.3114949535279706,2,0.4,0,127,-1.4065460226131083,-0.027050516321780516,1.079341464781019,-0.4066176325803585,-0.026887469170195553,1.07953820083327,-1.4066200201067005,-1.0269006122163267,1.079502257478541
26.602,1,-0.37732960979256835,-0.05003565721797254,1.0958089282885033,0.10890522525639863,-0.21155186508103924,0.07183864840505252,0.21678662241658564,0.4106079199453297,0.2890491909075461,3,0.4,0,125,-1.4065460226131083,-0.027050516321780516,1.079341464781019,-0.4066176325803585,-0.026887469170195553,1.07953820083327,-1.4066200201067005,-1.0269006122163267,1.079502257478541
26.602,2,-1.4068607786400646,-0.9978772576260608,1.1157814061385034,-0.24314826213360766,0.08652155324178955,0.1464684777027128,-2.1783889960056677,1.643579460809246,0.416155444038259,2,0.4,0,115,-1.4065460226131083,-0.027050516321780516,1.079341464781019,-0.4066176325803585,-0.026887469170195553,1.07953820083327,-1.4066200201067005,-1.0269006122163267,1.079502257478541
26.803,0,-1.4075460561672146,-0.028346070846714477,1.1296523736691897,-0.01008424246128903,-0.009163825826034656,0.17429754696399233,0.10442117563479389,0.7040610335739733,0.6807870731246809,2,0.4,0,128,-1.4071900270261979,-0.05554149948940484,1.0843422802357638,-0.40725685148965596,-0.05539800043467513,1.0845493422224832,-1.4072795930651973,-1.0554654853907044,1.084873246346517
26.803,1,-0.38697502915190884,-0.05926731660506834,1.1099628753638033,-0.04798716099174361,-0.04592865366714318,0.07041764714079606,-0.7805591355628948,0.8239960766860479,-0.007069658031126694,5,0.4,0,126,-1.4071900270261979,-0.05554149948940484,1.0843422802357638,-0.40725685148965596,-0.05539800043467513,1.0845493422224832,-1.4072795930651973,-1.0554654853907044,1.084873246346517
26.803,2,-1.4082943984233234,-1.0699733187260927,1.1002479749913243,-0.007132436732630493,-0.3586868711444362,-0.07728075197601517,1.1742080865720226,-2.2149672855036053,-1.1131802471578478,2,0.4,0,116,-1.4071900270261979,-0.05554149948940484,1.0843422802357638,-0.40725685148965596,-0.05539800043467513,1.0845493422224832,-1.4072795930651973,-1.0554654853907044,1.084873246346517
27.002000000000002,0,-1.4058257679618889,-0.04184144337507689,1.0877371900664365,0.008644664348370636,-0.06781594235357942,-0.21062906333041556,0.09411510959627896,-0.2947342539072577,-1.9343045743437426,1,0.4,0,129,-1.4101582261956902,-0.07905094211005338,1.0869348986683953,-0.4092697978274542,-0.07934280140370398,1.0870088883019808,-1.409294022731017,-1.0793747945024437,1.0874315155119008
27.002000000000002,1,-0.383397223275185,-0.09683749866769542,1.0885895858399413,0.01797892400363729,-0.18879488473681794,-0.10740346494403025,0.3314878642983938,-0.7179207591440884,-0.893573427561934,3,0.4,0,127,-1.4101582261956902,-0.07905094211005338,1.0869348986683953,-0.4092697978274542,-0.07934280140370398,1.0870088883019808,-1.409294022731017,-1.0793747945024437,1.0874315155119008
27.002000000000002,2,-1.3395093686002948,-1.0671544743377859,1.1150695266575887,0.3456534161961207,0.014165047177421081,0.07448015912695684,1.7727932307977303,1.873627730260574,0.7626176437335215,1,0.4,0,117,-1.4101582261956902,-0.07905094211005338,1.0869348986683953,-0.4092697978274542,-0.07934280140370398,1.0870088883019808,-1.409294022731017,-1.0793747945024437,1.0874315155119008
27.202,0,-1.4112812044139444,-0.15643616886796963,1.0987130761554917,-0.027277182260278074,-0.5729736274644657,0.054879430445276184,-0.17960923304324417,-2.52578842555444,1.3275424688784634,1,0.4,0,130,-1.400447372050712,-0.11479102167826226,1.1060532052051713,-0.403243812660499,-0.11142705657534047,1.1035877498947548,-1.4032727281987536,-1.1114170757694113,1.1039729303493118
27.202,1,-0.3872481686647732,-0.11142912178533915,1.1173728157451548,-0.019254726947941017,-0.0729581155882189,0.14391614952606874,-0.1861682547578922,0.5791838457429973,1.2565980723504995,5,0.4,0,128,-1.400447372050712,-0.11479102167826226,1.1060532052051713,-0.403243812660499,-0.11142705657534047,1.1035877498947548,-1.4032727281987536,-1.1114170757694113,1.1039729303493118
27.202,2,-1.3910333370780503,-1.100532683620353,1.106208166970616,-0.25761984238877855,-0.1668910464128365,-0.04430679843486456,-3.016366292924507,-0.9052804679512911,-0.5939347878091091,3,0.4,0,118,-1.400447372050712,-0.11479102167826226,1.1060532052051713,-0.403243812660499,-0.11142705657534047,1.1035877498947548,-1.4032727281987536,-1.1114170757694113,1.1039729303493118
27.402,0,-1.3480827754342908,-0.1841539797958065,1.1213566697259854,0.31599214489826943,-0.13858905463918486,0.11321796785246792,1.7163466357927437,2.1719228641264117,0.2916926870359597,2,0.4,0,131,-1.3799761429973592,-0.15668695538348595,1.1218073548070309,-0.382151208242961,-0.15435066136976772,1.1205335759915824,-1.3821928880014047,-1.1543041772559735,1.1208495640079654
27.402,1,-0.3908865327201978,-0.1753420745154879,1.1528320981620315,-0.018191820277123138,-0.3195647636507448,0.1772964120843846,0.0053145333540894155,-1.2330332403126338,0.16690131279157988,3,0.4,0,129,-1.3799761429973592,-0.15668695538348595,1.1218073548070309,-0.382151208242961,-0.15435066136976772,1.1205335759915824,-1.3821928880014047,-1.1543041772559735,1.1208495640079654
27.402,2,-1.4372936319806235,-1.1299456475640213,1.0940137104973302,-0.2890077110927938,-0.15098533857558047,-0.07689833745631751,-0.5770623657992765,-0.039205188572405125,-0.15926055089887758,0,0.4,1,118,-1.3799761429973592,-0.15668695538348595,1.1218073548070309,-0.382151208242961,-0.15435066136976772,1.1205335759915824,-1.3821928880014047,-1.1543041772559735,1.1208495640079654
27.602,0,-1.368637179431601,-0.1469983068748384,1.1526524090897672,-0.10277201998655153,0.1857783646048412,0.1564786968189097,-2.093820824424112,1.621837096220136,0.21630364483220962,1,0.4,0,132,-1.3657535979532958,-0.19185084315843884,1.1315742328894278,-0.3674623995820061,-0.1897909359687275,1.1307407488320047,-1.3675063754923806,-1.1897212758272102,1.1309905099351831
27.602,1,-0.3417579926306633,-0.1768577773159392,1.168657767422233,0.2456427004476733,-0.007578514002256647,0.07912834630100701,1.319172603623987,1.5599312482424466,-0.49084032891688967,2,0.4,0,130,-1.3657535979532958,-0.19185084315843884,1.1315742328894278,-0.3674623995820061,-0.1897909359687275,1.1307407488320047,-1.3675063754923806,-1.1897212758272102,1.1309905099351831
27.602,2,-1.4088396258779161,-1.1599787548502687,1.1359416141631054,0.002408282918926483,-0.15116010172018743,0.183349923586364,1.4570799700586063,-0.0008738157230348019,1.3012413052134122,1,0.4,0,119,-1.3657535979532958,-0.19185084315843884,1.1315742328894278,-0.3674623995820061,-0.1897909359687275,1.1307407488320047,-1.3675063754923806,-1.1897212758272102,1.1309905099351831
27.803,0,-1.322394681331051,-0.18725551708414034,1.1597662191457438,0.23006217960472594,-0.20028462790697438,0.03539208983072959,1.6558915402551075,-1.9207114055314158,-0.6024209302894518,3,0.4,0,133,-1.3556025823433862,-0.2221275076087524,1.1372917509424831,-0.35696011685078166,-0.22033853903130968,1.136756921060237,-1.357000744632799,-1.2202561703300574,1.1369530709494324
27.803,1,-0.35990225696299283,-0.22909332389383064,1.153176924126672,-0.09026997180263419,-0.25987834118353875,-0.077019120873437,-1.6712073246283914,-1.2552230208023956,-0.7768530705196199,4,0.4,0,131,-1.3556025823433862,-0.2221275076087524,1.1372917509424831,-0.35696011685078166,-0.22033853903130968,1.136756921060237,-1.357000744632799,-1.2202561703300574,1.1369530709494324
27.803,2,-1.3979300416231828,-1.2105114979775466,1.1501451758460792,0.05427653858076264,-0.2514066822252628,0.07066448598494503,0.25805102319321405,-0.49873920649291104,-0.5606240676687497,2,0.4,0,120,-1.3556025823433862,-0.2221275076087524,1.1372917509424831,-0.35696011685078166,-0.22033853903130968,1.136756921060237,-1.357000744632799,-1.2202561703300574,1.1369530709494324
28.003,0,-1.3643576928601853,-0.20023600365060545,1.1743169792057238,-0.20981505764567218,-0.06490243283232579,0.07275380029989979,-2.1993861862519983,0.6769109753732454,0.18680855234585167,2,0.4,0,134,-1.3485316135569103,-0.24832396480516133,1.1404476993499162,-0.3496123927033847,-0.24675780328010585,1.140135902551576,-1.3496468720296857,-1.2466703956648337,1.1402903422180963
28.003,1,-0.3545407383593787,-0.2373494758733934,1.1495047656521242,0.026807593018070657,-0.041280759897813914,-0.018360792372739753,0.5853878241035263,1.092987906428628,0.29329164250348727,4,0.4,0,132,-1.3485316135569103,-0.24832396480516133,1.1404476993499162,-0.3496123927033847,-0.24675780328010585,1.140135902551576,-1.3496468720296857,-1.2466703956648337,1.1402903422180963
28.003,2,-1.3828195941510513,-1.266908689454311,1.1684599719078368,0.09701979427897345,-0.302383561634573,0.10175438920291625,0.21467556918314806,-0.20397604250752216,0.10180408894128797,0,0.4,1,120,-1.3485316135569103,-0.24832396480516133,1.1404476993499162,-0.3496123927033847,-0.24675780328010585,1.140135902551576,-1.3496468720296857,-1.2466703956648337,1.1402903422180963
28.202,0,-1.3946145154527503,-0.26442083791228366,1.1776946561954054,-0.15204433463600386,-0.32253685558632,0.016973251204430065,0.29030514075209973,-1.2946453404723224,-0.2803042668114034,1,0.4,0,135,-1.3448909739555825,-0.27052571627821026,1.1413798597409692,-0.3448464178386789,-0.2695207440764145,1.141240948303847,-1.344873771623001,-1.2694334215486363,1.1413634596195856
28.202,1,-0.34955225363475606,-0.24437615616521624,1.1634971197024238,0.02506776243528952,-0.03530995121518992,0.07031333693617851,-0.008742867250156397,0.030004063731778614,0.44559863974330427,2,0.4,0,133,-1.3448909739555825,-0.27052571627821026,1.1413798597409692,-0.3448464178386789,-0.2695207440764145,1.141240948303847,-1.344873771623001,-1.2694334215486363,1.1413634596195856
28.202,2,-1.3814887570979608,-1.2364280130659275,1.1373670739754025,0.09179147250814122,0.10209769858121721,-0.1723092249938664,-0.02627297372277479,2.0325691468129996,-1.3772040914411077,1,0.41631013241636233,0,121,-1.3448909739555825,-0.27052571627821026,1.1413798597409692,-0.3448464178386789,-0.2695207440764145,1.141240948303847,-1.344873771623001,-1.2694334215486363,1.1413634596195856
28.401000000000003,0,-1.3718871997933955,-0.302850346846504,1.1682395088137696,0.1142076163786665,-0.19311311022221134,-0.047513303425305575,1.3379495025862724,0.6503705797191337,-0.32405303834037746,2,0.4,0,136,-1.3268925216824523,-0.2999601480050388,1.1542326218746901,-0.331161946626672,-0.29661093399650895,1.1520717326440253,-1.3311822777079079,-1.2965288831930286,1.1521751097229591
28.401000000000003,1,-0.33834756893545226,-0.28190537688708117,1.1604917593831523,0.05630494823770709,-0.1885890488535911,-0.01510231316216855,0.15697078292672018,-0.7702467218010046,-0.4292243723534993,3,0.4,0,134,-1.3268925216824523,-0.2999601480050388,1.1542326218746901,-0.331161946626672,-0.29661093399650895,1.1520717326440253,-1.3311822777079079,-1.2965288831930286,1.1521751097229591
28.401000000000003,2,-1.3636634085942818,-1.248078564806674,1.1294941235658382,0.10173961278932969,-0.03966626062535001,-0.05150717884460878,0.12226127832113483,0.18974095988998552,-0.12004637158217131,0,0.4,1,121,-1.3268925216824523,-0.2999601480050388,1.1542326218746901,-0.331161946626672,-0.29661093399650895,1.1520717326440253,-1.3311822777079079,-1.2965288831930286,1.1521751097229591
28.602,0,-1.3044338474713832,-0.35772115514034564,1.1811413733044673,0.3355888175224539,-0.27298909598926585,0.06418838055073657,1.1013990106656255,-0.3973929640152026,0.5557297710250937,1,0.4,0,137,-1.2934848782480077,-0.33360614283185097,1.1666119253584688,-0.2968056758293327,-0.3310635727876343,1.1656262837869207,-1.2968260921496368,-1.3309821861186864,1.1657087844747067
28.602,1,-0.28630886764527974,-0.32456923954049466,1.196320850719535,0.25889901139389704,-0.2122580231513141,0.17825418575315147,1.007930662468622,-0.11775609103344951,0.9619726314195172,3,0.4,0,135,-1.2934848782480077,-0.33360614283185097,1.1666119253584688,-0.2968056758293327,-0.3310635727876343,1.1656262837869207,-1.2968260921496368,-1.3309821861186864,1.1657087844747067
28.602,2,-1.2717275205739287,-1.3540804830385218,1.2068824633859725,0.4234358175139382,-0.4819344833666545,0.32818504894332495,1.6004786304707135,-2.200339416623439,1.889016058646465,1,0.47271403119434885,0,122,-1.2934848782480077,-0.33360614283185097,1.1666119253584688,-0.2968056758293327,-0.3310635727876343,1.1656262837869207,-1.2968260921496368,-1.3309821861186864,1.1657087844747067
28.802000000000003,0,-1.29084766884095,-0.40031663258231887,1.1981657530731729,0.06793089315216508,-0.21297738720986312,0.0851218988435264,-1.3382896218514249,0.3000585438970094,0.10466759146394768,2,0.4,0,138,-1.2681494771257218,-0.36331985529824407,1.1743073037464409,-0.27083931434646447,-0.3609710106653604,1.1737557614129965,-1.270856526101086,-1.3608929868802808,1.1738198105989468
28.802000000000003,1,-0.2811588430313605,-0.3462745365389268,1.1932155773131878,0.025750123069595756,-0.10852648499215924,-0.0155263670317366,-1.16574444162149,0.5186576907957668,-0.9689027639244265,2,0.4,0,136,-1.2681494771257218,-0.36331985529824407,1.1743073037464409,-0.27083931434646447,-0.3609710106653604,1.1737557614129965,-1.270856526101086,-1.3608929868802808,1.1738198105989468
28.802000000000003,2,-1.2059923197068343,-1.3273279138512755,1.1961511144619894,0.3286760043354673,0.13376284593622978,-0.05365674461991411,-0.47379906589234794,3.0784866465143774,-1.9092089678161681,1,0.4,0,123,-1.2681494771257218,-0.36331985529824407,1.1743073037464409,-0.27083931434646447,-0.3609710106653604,1.1737557614129965,-1.270856526101086,-1.3608929868802808,1.1738198105989468
29.003,0,-1.2843666484440392,-0.3985397105726962,1.2260596752230433,0.03224388257169594,0.00884040800807302,0.13877573208890961,-0.17754731632074466,1.1035711204872611,0.26693449375812944,1,0.4,0,139,-1.2483234912530543,-0.3900114630491704,1.1783057329670616,-0.2505155313787833,-0.3878751700461686,1.178036902734874,-1.2505283441258885,-1.3878007120756433,1.1780825250475284
29.003,1,-0.26982717081592333,-0.39062682959774797,1.1836415418716328,0.05637647868376793,-0.22065817442199914,-0.047632017122164326,0.1523699284287196,-0.557869101641003,-0.15972960243994136,2,0.4,0,137,-1.2483234912530543,-0.3900114630491704,1.1783057329670616,-0.2505155313787833,-0.3878751700461686,1.178036902734874,-1.2505283441258885,-1.3878007120756433,1.1780825250475284
29.003,2,-1.2155981116270809,-1.3770473872705948,1.1810401889625615,-0.047790009553466274,-0.2473605642752245,-0.07517873382800085,-1.8729652432285535,-1.8961363692112438,-0.10707457317456248,1,0.4,0,124,-1.2483234912530543,-0.3900114630491704,1.1783057329670616,-0.2505155313787833,-0.3878751700461686,1.178036902734874,-1.2505283441258885,-1.3878007120756433,1.1780825250475284
29.202,0,-1.2438170923109055,-0.3917554347228396,1.2024657051169778,0.2037666137343386,0.03409183844149036,-0.11856266384957417,0.8619232721740767,0.12689161021817652,-1.293157768535084,2,0.4,0,140,-1.2327896150231195,-0.41403684027405846,1.179742415336493,-0.23457682561555424,-0.41213558640665904,1.1799286545547196,-1.23461405174854,-1.4120062982535957,1.1797145611996915
29.202,1,-0.23815897656578366,-0.41016099364370207,1.1925271098926857,0.15913665452331363,-0.09816162837162781,0.044651095583180554,0.516382793163542,0.6155605329164339,0.46373423470022174,3,0.4,0,138,-1.2327896150231195,-0.41403684027405846,1.179742415336493,-0.23457682561555424,-0.41213558640665904,1.1799286545547196,-1.23461405174854,-1.4120062982535957,1.1797145611996915
29.202,2,-1.2278923808725875,-1.4178327197398217,1.156233562119612,-0.11545420877505894,-0.2309726674146211,-0.1496627605513505,-0.5394367970874583,-0.2615200801132931,-0.251320042765045,0,0.4,1,124,-1.2327896150231195,-0.41403684027405846,1.179742415336493,-0.23457682561555424,-0.41213558640665904,1.1799286545547196,-1.23461405174854,-1.4120062982535957,1.1797145611996915
29.402,0,-1.1953300111229466,-0.43810976280319514,1.1813358276071506,0.2424354059397957,-0.2317716404017786,-0.10564938754913693,0.1933439610272862,-1.3293173942163496,0.06456638150218647,3,0.4,0,141,-1.2207569307820672,-0.43566900619482113,1.179675362144585,-0.22224129953330837,-0.43390656296987595,1.1800106322694783,-1.2222138040847423,-1.433799475397757,1.1795244685580442
29.402,1,-0.238683980769114,-0.43177811046344483,1.2136703505886364,-0.0026250210166517502,-0.10808558409871422,0.10571620347975356,-0.8088083776998297,-0.04961977863543219,0.3053255394828661,3,0.4,0,139,-1.2207569307820672,-0.43566900619482113,1.179675362144585,-0.22224129953330837,-0.43390656296987595,1.1800106322694783,-1.2222138040847423,-1.433799475397757,1.1795244685580442
29.402,2,-1.1927394868813408,-1.4130613939209398,1.2094283189216033,-0.0055092692187031144,0.02086360075352685,0.1759946152941245,0.5497246977817811,1.2591813408407444,1.6282868792273808,2,0.4,0,125,-1.2207569307820672,-0.43566900619482113,1.179675362144585,-0.22224129953330837,-0.43390656296987595,1.1800106322694783,-1.2222138040847423,-1.433799475397757,1.1795244685580442
29.602,0,-1.1948177225214012,-0.4361332562420144,1.1942343417661165,0.0025614430077269914,0.009882532805903822,0.06449257079483096,-1.199369814660348,1.2082708660384165,0.8507097917198425,3,0.4,0,142,-1.214135780778071,-0.4542650060385513,1.176921775502047,-0.21482523202529782,-0.4527004046223264,1.1779273495443,-1.214766371471384,-1.4526549452770732,1.1775190312490287
29.602,1,-0.2365183964753913,-0.46121571923751103,1.2191737213344243,0.010827921468613593,-0.14718804387033155,0.027516853728938404,0.06726471242632696,-0.19551229885808735,-0.3909967487540772,2,0.4,0,140,-1.214135780778071,-0.4542650060385513,1.176921775502047,-0.21482523202529782,-0.4527004046223264,1.1779273495443,-1.214766371471384,-1.4526549452770732,1.1775190312490287
29.602,2,-1.2013287017009675,-1.4367941151476065,1.224266275575419,-0.06461084089825692,-0.1185387886572173,0.09027759700835387,-0.21664766800123625,0.001248174761154186,0.16087813739274698,0,0.4,1,125,-1.214135780778071,-0.4542650060385513,1.176921775502047,-0.21482523202529782,-0.4527004046223264,1.1779273495443,-1.214766371471384,-1.4526549452770732,1.1775190312490287
29.803,0,-1.183792079406022,-0.49126219714592145,1.1941482924808504,0.05485394584765775,-0.27427333783038277,-0.0004281058968474767,0.26016170567129665,-1.413710799185502,-0.3229884412521308,3,0.4,0,143,-1.1820205185389734,-0.4800413735317884,1.1886882436698014,-0.1869643437673511,-0.4778211227368853,1.1878044801573027,-1.1868899871692105,-1.477807580697971,1.1874930597957665
29.803,1,-0.21878551898931897,-0.49914900669919815,1.2105285621981714,0.0882232710749865,-0.18872282319247272,-0.04301074197140658,0.38505149057896865,-0.2066406931449804,-0.3508835606982328,3,0.4,0,141,-1.1820205185389734,-0.4800413735317884,1.1886882436698014,-0.1869643437673511,-0.4778211227368853,1.1878044801573027,-1.1868899871692105,-1.477807580697971,1.1874930597957665
29.803,2,-1.218691871938976,-1.4605951979134444,1.2456618913885005,-0.10815702216650552,-0.1182879055302253,0.1226141026242961,-0.21664766800123625,0.001248174761154186,0.16087813739274698,0,0.4754543981686234,2,125,-1.1820205185389734,-0.4800413735317884,1.1886882436698014,-0.1869643437673511,-0.4778211227368853,1.1878044801573027,-1.1868899871692105,-1.477807580697971,1.1874930597957665
30.003,0,-1.1841008381759688,-0.5484331797614139,1.1995771194748293,-0.02260311579269022,-0.32192954152269493,0.03469593586404593,-0.21059321942956283,-0.3607462844523113,0.07551800894151545,0,0.4,1,143,-1.142373202787698,-0.5013616966085179,1.195359067759966,-0.1464263173955715,-0.49939508379653,1.1949657244079266,-1.1462096409405653,-1.4994131040454084,1.194761797313551
30.003,1,-0.16020389385685596,-0.5113260489598086,1.194214022009358,0.2929081256623161,-0.06088521130305246,-0.08157270094406673,1.0234242729366516,0.6391880594471036,-0.1928097948633014,3,0.4,0,142,-1.142373202787698,-0.5013616966085179,1.195359067759966,-0.1464263173955715,-0.49939508379653,1.1949657244079266,-1.1462096409405653,-1.4994131040454084,1.194761797313551
30.003,2,-1.2446562297323018,-1.4842278155242665,1.2734022746612146,-0.15148655576675263,-0.11803827057799447,0.15478973010284539,-0.21664766800123625,0.001248174761154186,0.16087813739274698,0,0.8334977720701126,3,125,-1.142373202787698,-0.5013616966085179,1.195359067759966,-0.1464263173955715,-0.49939508379653,1.1949657244079266,-1.1462096409405653,-1.4994131040454084,1.194761797313551
30.202,0,-1.1405023809594423,-0.49519817944365685,1.251756573575295,0.16695967349968127,0.20594263169481092,0.30955864101544184,0.9525768306149244,2.6526239860175953,1.38121962387635,1,0.4,0,144,-1.1100958403254433,-0.5224917265901753,1.1984169203679802,-0.1134996649696361,-0.5205330333293394,1.1982718153551626,-1.113305838115229,-1.5205694918616925,1.1981055733165902
30.202,1,-0.12285239050386554,-0.5118877667161508,1.2045861680696235,0.18769599674869406,-0.002822702293176724,0.052121336986257184,-0.5287041653950814,0.2917714020596747,0.6718293363332806,1,0.4,0,143,-1.1100958403254433,-0.5224917265901753,1.1984169203679802,-0.1134996649696361,-0.5205330333293394,1.1982718153551626,-1.113305838115229,-1.5205694918616925,1.1981055733165902
30.202,2,-1.2790917864801445,-1.5076927168849297,1.3073908985111262,-0.194599441698999,-0.11778988380052478,0.1868044794440023,-0.21664766800123625,0.001248174761154186,0.16087813739274698,0,1.2942443745932637,4,125,-1.1100958403254433,-0.5224917265901753,1.1984169203679802,-0.1134996649696361,-0.5205330333293394,1.1982718153551626,-1.113305838115229,-1.5205694918616925,1.1981055733165902
30.403000000000002,0,-1.0772572654153394,-0.5349180538889962,1.1862012769688053,0.31465231613981487,-0.19761131564845377,-0.32614575426114156,0.7347892668663344,-2.0077310813097693,-3.16270843421185,1,0.4,0,145,-1.0833980301435617,-0.5429351896040582,1.19906065553712,-0.08625278500792788,-0.5410369208628064,1.1991151756733278,-1.086072429420897,-1.5410903925359618,1.1989797032591898
30.403000000000002,1,-0.06741098364999443,-0.5105255252323468,1.2427512632939117,0.27582789479537795,0.006777320814944896,0.18987609564322458,0.4384671544611128,0.04776130899562983,0.685347057994861,1,0.4,0,144,-1.0833980301435617,-0.5429351896040582,1.19906065553712,-0.08625278500792788,-0.5410369208628064,1.1991151756733278,-1.086072429420897,-1.5410903925359618,1.1989797032591898
30.403000000000002,2,-1.3225826654791024,-1.5313432697745726,1.3481884176937728,-0.23814562296724762,-0.11753900067353279,0.21914098505994453,-0.21664766800123625,0.001248174761154186,0.16087813739274698,0,1.8783277542747738,5,125,-1.0833980301435617,-0.5429351896040582,1.19906065553712,-0.08625278500792788,-0.5410369208628064,1.1991151756733278,-1.086072429420897,-1.5410903925359618,1.1989797032591898
30.601000000000003,0,-1.0657015865892987,-0.5790442636030186,1.2007410716156284,0.05836201427293268,-0.2228596450203151,0.07343330629708561,-1.2943954639741497,-0.12751681500940043,2.0180760634253856,3,0.4,0,146,-1.0613502631956218,-0.5624936100989011,1.198053761130952,-0.06373574183458239,-0.5607167049889978,1.1985540712303784,-1.0635721962875768,-1.5607821093841667,1.1984435684017793
30.601000000000003,1,-0.06522463952123903,-0.5575436488233811,1.2335593462109902,0.0110421420644212,-0.2374652706617889,-0.04642382365111774,-1.3373017814694756,-1.2335484418016833,-1.1934339358300095,3,0.4,0,145,-1.0613502631956218,-0.5624936100989011,1.198053761130952,-0.06373574183458239,-0.5607167049889978,1.1985540712303784,-1.0635721962875768,-1.5607821093841667,1.1984435684017793
30.601000000000003,2,-1.0485940529693834,-1.58113535789182,1.2369100646522049,1.4025851336831205,-0.27167396988473125,-0.5699658484288322,8.286518972981641,-0.7784594404605967,-3.9853880479231067,3,2.5,0,126,-1.0613502631956218,-0.5624936100989011,1.198053761130952,-0.06373574183458239,-0.5607167049889978,1.1985540712303784,-1.0635721962875768,-1.5607821093841667,1.1984435684017793
30.803,0,-1.011516089293042,-0.5879889146413437,1.2297620542983516,0.26824503612008543,-0.04428045068477808,0.14366823110259158,1.0390248606294783,0.8840554175026666,0.3476976475520129,2,0.4,0,147,-1.0432155107529664,-0.5810746404667241,1.1960332360367938,-0.04524153559640304,-0.5793578549637973,1.1966475292957919,-1.0450961531405787,-1.5794310326965544,1.1965562979012052
30.803,1,-0.02733701552713652,-0.5801668406984115,1.2031653155849478,0.1875624950203111,-0.11199599938133947,-0.1504654981487272,0.8738631334450074,0.6211350063388642,-0.5150577945426257,3,0.4,0,146,-1.0432155107529664,-0.5810746404667241,1.1960332360367938,-0.04524153559640304,-0.5793578549637973,1.1966475292957919,-1.0450961531405787,-1.5794310326965544,1.1965562979012052
30.803,2,-1.0040873468407332,-1.6134251934965178,1.2396273424055546,0.23598790608495207,-0.16278689084507775,0.011493117315542532,0.15502651213164825,-0.029071480541491782,-0.019393591589549508,0,0.4,1,126,-1.0432155107529664,-0.5810746404667241,1.1960332360367938,-0.04524153559640304,-0.5793578549637973,1.1966475292957919,-1.0450961531405787,-1.5794310326965544,1.1965562979012052
31.003000000000004,0,-1.0103838434729115,-0.632769891355824,1.2106210300161573,0.00566122910065184,-0.22390488357239793,-0.09570512141096918,-1.3129190350971491,-0.8981221644380866,-1.196866762567787,1,0.4,0,148,-1.0284274680599093,-0.5985203239884025,1.1929653878332627,-0.03013796020435607,-0.5968741772607401,1.1935961154139318,-1.0300108375605954,-1.5969517966132056,1.1935196590325217
31.003000000000004,1,-0.023347501029919226,-0.5923133078409655,1.210097669774814,0.01994757248608619,-0.06073233571276895,0.034661770949331934,-0.8380746126711126,0.25631831834284896,0.9256363454902825,2,0.4,0,147,-1.0284274680599093,-0.5985203239884025,1.1929653878332627,-0.03013796020435607,-0.5968741772607401,1.1935961154139318,-1.0300108375605954,-1.5969517966132056,1.1935196590325217
31.003000000000004,2,-1.0021071869557783,-1.6150741214880382,1.2146928555296597,0.017837889753289118,0.0010302243508908257,-0.15218204344741032,-1.0907500816582993,0.8190855759798311,-0.8183758038147526,2,0.7086542147284869,0,127,-1.0284274680599093,-0.5985203239884025,1.1929653878332627,-0.03013796020435607,-0.5968741772607401,1.1935961154139318,-1.0300108375605954,-1.5969517966132056,1.1935196590325217
31.203000000000003,0,-1.0133187867073679,-0.6243194419562683,1.1806248122681708,-0.014674716172281606,0.04225224699777834,-0.14998108873993274,-0.1016797263646676,1.3307856528508861,-0.27137983664481874,1,0.4,0,149,-1.0190477673805052,-0.6151394606436966,1.188581766411436,-0.020787249823091953,-0.6130315035185048,1.1886042526784406,-1.0206787707929064,-1.6131091076819566,1.188533368787487
31.203000000000003,1,-0.01010948843073245,-0.6069928409374215,1.2008303278800927,0.06619006299593412,-0.07339766548228015,-0.04633670947360741,0.23121245254924047,-0.06332664884755619,-0.4049924021146981,3,0.4,0,148,-1.0190477673805052,-0.6151394606436966,1.188581766411436,-0.020787249823091953,-0.6130315035185048,1.1886042526784406,-1.0206787707929064,-1.6131091076819566,1.188533368787487
31.203000000000003,2,-0.978743591949631,-1.6277805986995681,1.1974178846591998,0.11486021743382087,-0.05506019875991239,-0.0980151388126028,-0.019577575969148303,0.08472187297738397,-0.11640284460302953,0,0.4,1,127,-1.0190477673805052,-0.6151394606436966,1.188581766411436,-0.020787249823091953,-0.6130315035185048,1.1886042526784406,-1.0206787707929064,-1.6131091076819566,1.188533368787487
31.402,0,-1.0091522460261773,-0.6296783353493898,1.2048490624610153,0.020937390357741913,-0.026929112528248783,0.12172990046655628,0.1789553091960998,-0.3476450227438583,1.3653818553090031,1,0.4,0,150,-0.9764081606220688,-0.632391018678656,1.1988047910691415,0.018684867896319367,-0.6314439282841494,1.1987476630413514,-0.9812258642688814,-1.6315235973040176,1.198686616711647
31.402,1,0.04411527533454984,-0.6438260528891577,1.1762111052613666,0.27248625007679805,-0.18509151734541024,-0.12371468652626284,1.0366642566877686,-0.5612756375031718,-0.3888340555409859,2,0.4,0,149,-0.9764081606220688,-0.632391018678656,1.1988047910691415,0.018684867896319367,-0.6314439282841494,1.1987476630413514,-0.9812258642688814,-1.6315235973040176,1.198686616711647
31.402,2,-0.956274054473278,-1.637060042806902,1.17560803751093,0.1109642798159604,-0.038200546037413144,-0.12117930488860545,-0.019577575969148303,0.08472187297738397,-0.11640284460302953,0,0.4842813658393533,2,127,-0.9764081606220688,-0.632391018678656,1.1988047910691415,0.018684867896319367,-0.6314439282841494,1.1987476630413514,-0.9812258642688814,-1.6315235973040176,1.198686616711647
31.602,0,-0.9281622240876195,-0.6321937865302703,1.1998186847416474,0.4049501096927902,-0.01257725590440244,-0.025151888596840567,1.9200635966752484,0.07175928311923196,-0.7344089453169869,3,0.4,0,151,-0.9354231264877764,-0.6427099294296565,1.1991503254286355,0.060411558221344114,-0.6415575051897164,1.1993770901315477,-0.939506812477128,-1.6416345823931422,1.199327194874917
31.602,1,0.10074176505600885,-0.6813779481873472,1.1482739385636698,0.31807194039453746,-0.20470237278315273,-0.15746421195796964,0.34939491787241544,-0.16942896292203233,-0.17778378469484707,0,0.4,1,149,-0.9354231264877764,-0.6427099294296565,1.1991503254286355,0.060411558221344114,-0.6415575051897164,1.1993770901315477,-0.939506812477128,-1.6416345823931422,1.199327194874917
31.602,2,-0.9344727500294687,-1.6430057145548367,1.149044119641148,0.10704876462213075,-0.021256171441936412,-0.14445987380921127,-0.019577575969148303,0.08472187297738397,-0.11640284460302953,0,0.8525977700477115,3,127,-0.9354231264877764,-0.6427099294296565,1.1991503254286355,0.060411558221344114,-0.6415575051897164,1.1993770901315477,-0.939506812477128,-1.6416345823931422,1.199327194874917
31.803,0,-0.9111599279981333,-0.6430664981728569,1.218610565889225,0.08458853775863771,-0.054093092749187076,0.09349194600784892,-1.5938386663390631,-0.20654645196410212,0.5902678338541751,1,0.4,0,152,-0.8998179145356662,-0.6553475251044437,1.1974181456003132,0.09661404216480225,-0.6541089371515955,1.1980958541238318,-0.9033920243668452,-1.654127988427616,1.197732671718482
31.803,1,0.13161834516928528,-0.6624978992499742,1.2090041352954244,0.23807519358162177,0.06045368352102388,0.3018646758227629,-0.3979937652383855,1.3191843597222683,2.285218347167818,3,0.4,0,150,-0.8998179145356662,-0.6553475251044437,1.1974181456003132,0.09661404216480225,-0.6541089371515955,1.1980958541238318,-0.9033920243668452,-1.654127988427616,1.197732671718482
31.803,2,-0.8926664805926232,-1.6458543962980356,1.195442417010054,0.1276752571630919,-0.023043967990537678,0.2982751465756857,0.10261936587542826,-0.008894510192046078,2.202661792959681,1,1.3317948997315816,0,128,-0.8998179145356662,-0.6553475251044437,1.1974181456003132,0.09661404216480225,-0.6541089371515955,1.1980958541238318,-0.9033920243668452,-1.654127988427616,1.197732671718482
32.001000000000005,0,-0.8789150294468275,-0.657375981921664,1.230183142750705,0.1628530229863894,-0.07227011994346896,0.058447357886261736,0.39527517791792993,-0.09180316764788649,-0.17699286930094185,2,0.4,0,153,-0.8689360021005508,-0.6691254115021782,1.194911649471354,0.12794082441333257,-0.667811853317973,1.1958291260805047,-0.8720540596134884,-1.6678162735599042,1.195297939973978
32.001000000000005,1,0.15303699100546908,-0.6507602608901792,1.1909373480951557,0.10817497897062311,0.05928100181714483,-0.09124640000135618,-0.6560616899545255,-0.005922634868075877,-1.9854094738591477,3,0.4,0,151,-0.8689360021005508,-0.6691254115021782,1.194911649471354,0.12794082441333257,-0.667811853317973,1.1958291260805047,-0.8720540596134884,-1.6678162735599042,1.195297939973978
32.001000000000005,2,-0.8062545820802636,-1.713665787014873,1.2102512536543673,0.4364237298603935,-0.34248177129715174,0.07479210426420606,1.5593357206934115,-1.6133222389222612,-1.1287022338963393,1,0.4,0,129,-0.8689360021005508,-0.6691254115021782,1.194911649471354,0.12794082441333257,-0.667811853317973,1.1958291260805047,-0.8720540596134884,-1.6678162735599042,1.195297939973978
32.203,0,-0.8060335383629007,-0.6164686721933874,1.2065202760362657,0.3607994608115222,0.20251143429840088,-0.11714290452692823,0.9799328605204682,1.3603047239696648,-0.86925872481778,1,0.4,0,154,-0.8424288220262548,-0.6834836419555866,1.191426708898397,0.15481227733136513,-0.6820975075553005,1.1923475740567173,-0.8451364154231557,-1.6821221971926617,1.1918666134189624
32.203,1,0.1911098559315349,-0.6459513706407631,1.1826266478461727,0.1884795293369612,0.02380638737334729,-0.041142080440509474,0.3975472790412812,-0.17561690318711812,0.24804118594478794,2,0.4,0,152,-0.8424288220262548,-0.6834836419555866,1.191426708898397,0.15481227733136513,-0.6820975075553005,1.1923475740567173,-0.8451364154231557,-1.6821221971926617,1.1918666134189624
32.203,2,-0.7003962031312887,-1.799545692599687,1.2317296512339189,0.577633674222606,-0.478011966958923,0.12500197191450285,0.5305177553176489,-0.5234051436568783,0.18488387154091662,0,0.4,1,129,-0.8424288220262548,-0.6834836419555866,1.191426708898397,0.15481227733136513,-0.6820975075553005,1.1923475740567173,-0.8451364154231557,-1.6821221971926617,1.1918666134189624
32.402,0,-0.7896647902417773,-0.7012852505129366,1.2055332060557085,0.08225501568403815,-0.4262139614047737,-0.004960150656067486,-1.3997208297863657,-3.159424099010958,0.5637324315118685,1,0.4,0,155,-0.8197544060501099,-0.698109571555168,1.1872482143975127,0.17781715164770087,-0.6966762939307898,1.1880899615513782,-0.8221029197949812,-1.696721699791505,1.1877020051513474
32.402,1,0.1880947094206324,-0.7103208337830842,1.1645953504825077,-0.015151490004535379,-0.32346463890613913,-0.09060953449077999,-1.0232714539773797,-1.745080534067788,-0.24858017110688943,2,0.4,0,153,-0.8197544060501099,-0.698109571555168,1.1872482143975127,0.17781715164770087,-0.6966762939307898,1.1880899615513782,-0.8221029197949812,-1.696721699791505,1.1877020051513474
32.402,2,-0.795122439420862,-1.7004815226809655,1.198908323594609,-0.3071070037474974,0.374828173601412,-0.23594182600639677,-4.445933055126191,4.285628847036901,-1.8137879292507693,2,0.4,0,130,-0.8197544060501099,-0.698109571555168,1.1872482143975127,0.17781715164770087,-0.6966762939307898,1.1880899615513782,-0.8221029197949812,-1.696721699791505,1.1877020051513474
32.603,0,-0.8055308144176092,-0.7154081477228513,1.2069652934209982,-0.07893544366085521,-0.07026317019858079,0.007124812762636202,-0.8019425838054375,1.7708994587372735,0.06012419611295351,1,0.4,0,156,-0.8004887869285193,-0.7127618353348287,1.1828645045195108,0.19739172454424478,-0.7112776777848125,1.1833934974778602,-0.8025158438861039,-1.7113397134522796,1.1830890232974616
32.603,1,0.18187597217305274,-0.7203198257395083,1.1827424358557668,-0.030938991281490733,-0.04974622863892556,0.09028400683213375,-0.07854478247241449,1.3617831356577754,0.8999678672781756,2,0.4,0,154,-0.8004887869285193,-0.7127618353348287,1.1828645045195108,0.19739172454424478,-0.7112776777848125,1.1833934974778602,-0.8025158438861039,-1.7113397134522796,1.1830890232974616
32.603,2,-0.7962629089087174,-1.6894773284830706,1.1935911652732367,-0.05243050772915528,0.095115700219541,-0.035760192030883486,-0.46523910624513476,0.40167627267803685,-0.09260366212892523,0,0.4,1,130,-0.8004887869285193,-0.7127618353348287,1.1828645045195108,0.19739172454424478,-0.7112776777848125,1.1833934974778602,-0.8025158438861039,-1.7113397134522796,1.1830890232974616
32.802,0,-0.7563137231114538,-0.7546353158865542,1.178248270533107,0.24732206686510477,-0.19712144805881027,-0.1443066476778474,1.6394849775174027,-0.6374787832172397,-0.7609621127662567,3,0.4,0,157,-0.7842930549119538,-0.7271520477137958,1.178121721582703,0.213911171550514,-0.725697559071503,1.1786049325031607,-0.7859946855824183,-1.7257714195705085,1.1783669635663596
32.802,1,0.17109053909324778,-0.7621906615964171,1.1889562712665684,-0.054198156179924906,-0.21040621033622753,0.031225303571869114,-0.11688022562027336,-0.8073365914437364,-0.29677740331791563,1,0.4,0,155,-0.7842930549119538,-0.7271520477137958,1.178121721582703,0.213911171550514,-0.725697559071503,1.1786049325031607,-0.7859946855824183,-1.7257714195705085,1.1783669635663596
32.802,2,-0.7493883961354721,-1.7328872938781439,1.19020259269386,0.08241143062068255,-0.09252298096539911,-0.10197720584894653,0.6775976801499454,-0.9429079456529744,-0.3327488131560989,1,0.47437727671252455,0,131,-0.7842930549119538,-0.7271520477137958,1.178121721582703,0.213911171550514,-0.725697559071503,1.1786049325031607,-0.7859946855824183,-1.7257714195705085,1.1783669635663596
33.003,0,-0.7161788124896498,-0.7983616685425523,1.1456834192906067,0.2209353505829938,-0.2308174001851192,-0.18747091197864915,0.21153411278817813,-0.13207320517862467,-0.253300763110234,0,0.4,1,157,-0.7721049716627368,-0.7426099772828006,1.174037182643985,0.22510460453656164,-0.7409436904358411,1.1733847008160978,-0.7747920873318144,-1.7410239491306985,1.1732311264710378
33.003,1,0.22211279430208242,-0.7608208525352809,1.1691536209387938,0.25384206571559453,0.006814970453414223,-0.0985206483968895,1.53253841739064,1.0807023919882648,-0.6455022486007874,1,0.4,0,156,-0.7721049716627368,-0.7426099772828006,1.174037182643985,0.22510460453656164,-0.7409436904358411,1.1733847008160978,-0.7747920873318144,-1.7410239491306985,1.1732311264710378
33.003,2,-0.741676830169826,-1.738468051951377,1.1813073597171477,0.019801125281690923,-0.017186426626178593,-0.05120464289284262,-0.18472511987456947,0.10525909365467012,-0.06915176578545185,0,0.4,1,131,-0.7721049716627368,-0.7426099772828006,1.174037182643985,0.22510460453656164,-0.7409436904358411,1.1733847008160978,-0.7747920873318144,-1.7410239491306985,1.1732311264710378
33.202000000000005,0,-0.6680241965233702,-0.8469094466785316,1.1033612260468901,0.26303063902784235,-0.2570999680156662,-0.23787776383758702,0.21153411278817813,-0.13207320517862467,-0.253300763110234,0,0.4,2,157,-0.7271026324364018,-0.7483284061531676,1.1795745133677071,0.2682443267066765,-0.7482437561549861,1.1797114337039407,-0.7316496147285233,-1.7483593332489704,1.1796492353903052
33.202000000000005,1,0.25437605205525393,-0.7855418946452293,1.188139938629758,0.1621269233827672,-0.12422634226104405,0.0954086316128838,-0.46088011222525094,-0.6584990588666073,0.9745189950239611,3,0.4,0,157,-0.7271026324364018,-0.7483284061531676,1.1795745133677071,0.2682443267066765,-0.7482437561549861,1.1797114337039407,-0.7316496147285233,-1.7483593332489704,1.1796492353903052
33.202000000000005,2,-0.741394055974846,-1.7398039681660773,1.1697483962430368,-0.016959173573349355,0.003760133011101306,-0.0649658442841479,-0.18472511987456947,0.10525909365467012,-0.06915176578545185,0,0.47140964385768597,2,131,-0.7271026324364018,-0.7483284061531676,1.1795745133677071,0.2682443267066765,-0.7482437561549861,1.1797114337039407,-0.7316496147285233,-1.7483593332489704,1.1796492353903052
33.402,0,-0.6587644770347942,-0.7731512879127256,1.1969920004345038,0.14857709453463191,0.4084742112670779,0.4337561399542615,-0.5722677224660644,3.3278708964137915,3.358169518959314,1,0.6463706756380311,0,158,-0.6864704469130865,-0.7505640578613157,1.1757016665796183,0.3094165035141745,-0.7501389799735316,1.176082438227179,-0.6904698714734064,-1.750238355826699,1.1760585675564121
33.402,1,0.2957073509805392,-0.7802459972676608,1.214903196111142,0.20665649462643068,0.026479486887843195,0.13381628740692328,0.2226478562183221,0.7535291457444523,0.19203827897020145,1,0.4,0,158,-0.6864704469130865,-0.7505640578613157,1.1757016665796183,0.3094165035141745,-0.7501389799735316,1.176082438227179,-0.6904698714734064,-1.750238355826699,1.1760585675564121
33.402,2,-0.748480393087007,-1.7369467596907637,1.1553721920704985,-0.053904197548262464,0.02481195174203488,-0.07879619744123798,-0.18472511987456947,0.10525909365467012,-0.06915176578545185,0,0.8304732995835703,3,131,-0.6864704469130865,-0.7505640578613157,1.1757016665796183,0.3094165035141745,-0.7501389799735316,1.176082438227179,-0.6904698714734064,-1.750238355826699,1.1760585675564121
33.601,0,-0.6302775467634996,-0.7509999150237707,1.1834965619611202,0.14315040337334148,0.11131343160278931,-0.06781627373559738,-0.027269804830605475,-1.4932702495693038,-2.520464390401325,1,0.4,0,159,-0.6496199562317421,-0.7560443897897432,1.1710412649590114,0.3466385605237831,-0.755428894370835,1.1714565747760877,-0.6532077822976856,-1.7554869025234592,1.1715068554239105
33.601,1,0.35426143496187923,-0.7520800805696015,1.1960782259119505,0.2942416280469376,0.14153726983949502,-0.09459784019694421,0.44012629859551644,0.5781798138274017,-1.1478096864516065,1,0.4,0,159,-0.6496199562317421,-0.7560443897897432,1.1710412649590114,0.3466385605237831,-0.755428894370835,1.1714565747760877,-0.6532077822976856,-1.7554869025234592,1.1715068554239105
33.601,2,-0.6664101051333533,-1.7386670947955292,1.1464912051650669,0.4448815709990943,-0.03957299222926424,0.010445983693911932,2.5064611484792043,-0.32354243201658167,0.44845317153342096,1,1.2927907474894917,0,132,-0.6496199562317421,-0.7560443897897432,1.1710412649590114,0.3466385605237831,-0.755428894370835,1.1714565747760877,-0.6532077822976856,-1.7554869025234592,1.1715068554239105
33.802,0,-0.5687277713465932,-0.7223983911726592,1.1878124506626113,0.30621778814381173,0.1422961385627433,0.021472083091996736,0.8112805212461186,0.15414282069628818,0.44422068073429793,1,0.4,0,160,-0.6166450668162357,-0.7636753934476367,1.1661598639797177,0.3800306599691245,-0.762883342489075,1.1666367008094771,-0.6198516874074846,-1.7629392621366238,1.1666662587869505
33.802,1,0.38218010046138384,-0.7787834042595678,1.1905514602377236,0.13889883333086836,-0.1328523566664987,-0.02749634663794436,-0.7728497249555664,-1.3651225199303136,0.3338382764129338,2,0.4,0,160,-0.6166450668162357,-0.7636753934476367,1.1661598639797177,0.3800306599691245,-0.762883342489075,1.1666367008094771,-0.6198516874074846,-1.7629392621366238,1.1666662587869505
33.802,2,-0.6461606126738901,-1.7311685213291854,1.1300645455571212,0.10115166125276542,0.04616529348771174,-0.0870676345868926,0.004058882321850837,0.08814883417174035,-0.05316378030344311,0,0.4,1,132,-0.6166450668162357,-0.7636753934476367,1.1661598639797177,0.3800306599691245,-0.762883342489075,1.1666367008094771,-0.6198516874074846,-1.7629392621366238,1.1666662587869505
34.003,0,-0.5847196362361833,-0.7525585332188802,1.1911655928002425,-0.07956151686363182,-0.15005045794139749,0.01668229919219368,-1.9193000249126497,-1.454460679125075,-0.023829770645786293,2,0.4,0,161,-0.5874682170996367,-0.7729261541969694,1.1607550380810823,0.40958115019070346,-0.7719992185009183,1.1612685319381597,-0.5903194690360427,-1.7720531674214663,1.161283582265717
34.003,1,0.4001010720429734,-0.737812584630511,1.1723091884231365,0.089159062594973,0.20383492352764523,-0.09075757121685182,-0.24746154594972752,1.6750610954932492,-0.31473246059157867,3,0.4,0,161,-0.5874682170996367,-0.7729261541969694,1.1607550380810823,0.40958115019070346,-0.7719992185009183,1.1612685319381597,-0.5903194690360427,-1.7720531674214663,1.161283582265717
34.003,2,-0.6257471373097419,-1.7201086468134692,1.1114900160611358,0.10196749659945745,0.0638832091562316,-0.09775355442788469,0.004058882321850837,0.08814883417174035,-0.05316378030344311,0,0.5789453755727024,2,132,-0.5874682170996367,-0.7729261541969694,1.1607550380810823,0.40958115019070346,-0.7719992185009183,1.1612685319381597,-0.5903194690360427,-1.7720531674214663,1.161283582265717
34.202000000000005,0,-0.5188694155324429,-0.7736985449488376,1.1455644306479495,0.33090563167707865,-0.10623121472340119,-0.22915156860448113,2.062648987641708,0.22019720210047816,-1.235346069329992,1,0.4,0,162,-0.561794656222193,-0.7833605812936448,1.1549315460751863,0.43560072331426863,-0.7823353783190397,1.155466890160169,-0.5643046755755501,-1.7823853184211003,1.1554715646867981
34.202000000000005,1,0.44605125295177556,-0.7906658974341148,1.1752120739550658,0.23090543170251712,-0.26559453670151933,0.014587364482057521,0.7122933120981931,-2.3589420112017705,0.5293715361754101,3,0.4,0,162,-0.561794656222193,-0.7833605812936448,1.1549315460751863,0.43560072331426863,-0.7823353783190397,1.155466890160169,-0.5643046755755501,-1.7823853184211003,1.1554715646867981
34.202000000000005,2,-0.6053752375870354,-1.7056504972003612,1.090984389298088,0.10277521418150579,0.08142482715640838,-0.10833314670827014,0.004058882321850837,0.08814883417174035,-0.05316378030344311,0,1.007815482395913,3,132,-0.561794656222193,-0.7833605812936448,1.1549315460751863,0.43560072331426863,-0.7823353783190397,1.155466890160169,-0.5643046755755501,-1.7823853184211003,1.1554715646867981
34.402,0,-0.5250237626493206,-0.7978181869722949,1.1646744554336235,-0.03077173558438905,-0.12059821011728901,0.09555012392837163,-1.8083868363073772,-0.07183497696944062,1.6235084626642984,1,0.4,0,163,-0.5393344594222843,-0.7946445908882476,1.148951210341843,0.4583812463925631,-0.7935522113467756,1.1494980348334007,-0.5414511836676367,-1.7936873512773028,1.1500739403971294
34.402,1,0.48965201417057114,-0.8506853586304941,1.176501042258303,0.22894153143719748,-0.3624328012243993,0.016144210943305284,0.10937725343214982,-0.6233549524249798,0.09699369427119225,0,0.4,1,162,-0.5393344594222843,-0.7946445908882476,1.148951210341843,0.4583812463925631,-0.7935522113467756,1.1494980348334007,-0.5414511836676367,-1.7936873512773028,1.1500739403971294
34.402,2,-0.5847390171042974,-1.687602555085645,1.0682544843503656,0.10358699064587594,0.09905459399075607,-0.11896590276895853,0.004058882321850837,0.08814883417174035,-0.05316378030344311,0,1.5529612961312496,4,132,-0.5393344594222843,-0.7946445908882476,1.148951210341843,0.4583812463925631,-0.7935522113467756,1.1494980348334007,-0.5414511836676367,-1.7936873512773028,1.1500739403971294
34.602000000000004,0,-0.5253435338632004,-0.8168846078078151,1.168957831038131,-0.0015988560693991122,-0.09533210417759982,0.021416878022537916,0.14586439757494762,0.12633052969844413,-0.3706662295291633,2,0.4,0,164,-0.5198079985475713,-0.8064954723745208,1.1431592919497755,0.4782049054137453,-0.805361447705366,1.1437035520292125,-0.5216889917185109,-1.8054866079153953,1.1444496492572576
34.602000000000004,1,0.4772005136820889,-0.8046779022135633,1.1531206560046947,-0.028478065702106554,0.10390312257050857,-0.055393978970552975,-1.2870979856965017,2.331679618974506,-0.3576909495692862,1,0.4,0,163,-0.5198079985475713,-0.8064954723745208,1.1431592919497755,0.4782049054137453,-0.805361447705366,1.1437035520292125,-0.5216889917185109,-1.8054866079153953,1.1444496492572576
34.602000000000004,2,-0.5639404413286848,-1.6660286596040588,1.0433980281905046,0.10439876711024612,0.11668436082510439,-0.1295986588296473,0.004058882321850837,0.08814883417174035,-0.05316378030344311,0,2.2242841816061594,5,132,-0.5198079985475713,-0.8064954723745208,1.1431592919497755,0.4782049054137453,-0.805361447705366,1.1437035520292125,-0.5216889917185109,-1.8054866079153953,1.1444496492572576
34.803000000000004,0,-0.491632589905168,-0.8490180065409612,1.1479061731043099,0.16771613909468824,-0.15986765538878578,-0.10473461658617508,0.842363160020333,-0.3210723940855014,-0.6276193761627497,2,0.4,0,165,-0.5031607801459427,-0.8186321824336255,1.1376395974691584,0.49512507080033064,-0.8174805615572786,1.138170742813594,-0.5048427824278817,-1.817564162828268,1.1387948261932972
34.803000000000004,1,0.4467644562660799,-0.8849728597689248,1.1485694033936165,-0.15142317122392482,-0.3994774007729419,-0.022643047816309086,-0.6116671916508356,-2.504380713151489,0.16293995599126274,1,0.4,0,164,-0.5031607801459427,-0.8186321824336255,1.1376395974691584,0.49512507080033064,-0.8174805615572786,1.138170742813594,-0.5048427824278817,-1.817564162828268,1.1387948261932972
34.803000000000004,2,-0.5428742976871828,-1.6407944525535263,1.0162747628217257,0.10521460245693814,0.13440227649362424,-0.1402845786706394,0.004058882321850837,0.08814883417174035,-0.05316378030344311,0,2.5,6,132,-0.5031607801459427,-0.8186321824336255,1.1376395974691584,0.49512507080033064,-0.8174805615572786,1.138170742813594,-0.5048427824278817,-1.817564162828268,1.1387948261932972
35.002,0,-0.43458783723111616,-0.8789039565537013,1.1749446972691069,0.28665704861332864,-0.15018065333035419,0.13587198072762563,0.5976930126564902,0.04867840230367682,1.209078378461322,1,0.4,0,166,-0.4846951111467167,-0.8311621192595926,1.1372247949614993,0.5138838976249053,-0.830029551658588,1.1378103414382417,-0.4861500469090672,-1.8300867420363731,1.1382801078578781
35.002,1,0.47104538932208956,-0.8242929213980137,1.1445906895591609,0.122014738974924,0.3049243134216669,-0.01999353685656091,1.3740598502454848,3.5397071065056065,0.01331412542587035,1,0.4,0,165,-0.4846951111467167,-0.8311621192595926,1.1372247949614993,0.5138838976249053,-0.830029551658588,1.1378103414382417,-0.4861500469090672,-1.8300867420363731,1.1382801078578781
35.002,2,-0.47188084286091214,-1.8536791417647298,1.1505513854648195,0.38633593229985197,-1.0817776096325709,0.6858373678678089,1.412669999210636,-6.111456714202045,4.151366565519881,1,2.5,0,133,-0.4846951111467167,-0.8311621192595926,1.1372247949614993,0.5138838976249053,-0.830029551658588,1.1378103414382417,-0.4861500469090672,-1.8300867420363731,1.1382801078578781
35.201,0,-0.3907982055099486,-0.8162774337683776,1.1521284242672882,0.22004840060888436,0.31470614464987123,-0.11465463820009486,-0.3347168241429393,2.3361145627147235,-1.2589277333051403,1,0.4,0,167,-0.4403585933679086,-0.8260503631493622,1.1375575954048092,0.5583951335918425,-0.824938361387372,1.1380294933490538,-0.44170275130021147,-1.8250070862903325,1.1384088341357381
35.201,1,0.5641303149859478,-0.8086901539760998,1.1640184147165995,0.4677634455470311,0.0784058664417792,0.0976267595851191,1.7374306862920124,-1.138283653165276,0.5910567660385988,1,0.4,0,166,-0.4403585933679086,-0.8260503631493622,1.1375575954048092,0.5583951335918425,-0.824938361387372,1.1380294933490538,-0.44170275130021147,-1.8250070862903325,1.1384088341357381
35.201,2,-0.4371160460489879,-1.8873158864353994,1.1638557378580452,0.17926104703450013,-0.1803490783518283,0.07515407267585891,0.04586508158586578,-0.11377096140722248,0.0833972914456844,0,0.4,1,133,-0.4403585933679086,-0.8260503631493622,1.1375575954048092,0.5583951335918425,-0.824938361387372,1.1380294933490538,-0.44170275130021147,-1.8250070862903325,1.1384088341357381
35.401,0,-0.38498455620229066,-0.862855732420579,1.1424965756051,0.029068246538289242,-0.2328914932610038,-0.04815924331094055,-0.9549007703529621,-2.7379881895543363,0.33247697444576685,1,0.4,0,168,-0.40167630994924947,-0.8227877861326497,1.130794196123615,0.5973190033104744,-0.821768274434243,1.1314926407628654,-0.40290521005475094,-1.8217877752543017,1.1315064287982175
35.401,1,0.6057852353421705,-0.831963023188917,1.1506362915898465,0.20827460178111062,-0.11636434606408454,-0.06691061563376415,-1.2974442188295838,-0.9738510625293049,-0.8226868760944045,2,0.4,0,167,-0.40167630994924947,-0.8227877861326497,1.130794196123615,0.5973190033104744,-0.821768274434243,1.1314926407628654,-0.40290521005475094,-1.8217877752543017,1.1315064287982175
35.401,2,-0.39635104046171565,-1.807353777597442,1.132090413495382,0.25161433120717314,0.39062874118691027,-0.1455587097018636,0.36176642086335986,2.8548890976936523,-1.103563911888597,2,0.7943528536106479,0,134,-0.40167630994924947,-0.8227877861326497,1.130794196123615,0.5973190033104744,-0.821768274434243,1.1314926407628654,-0.40290521005475094,-1.8217877752543017,1.1315064287982175
35.602000000000004,0,-0.38186036642349974,-0.7909396936890181,1.1408181857587412,0.015543232730303046,0.3577912374704515,-0.008350198240591116,-0.06728862591037892,2.938720053390317,0.19805495059875292,1,0.4,0,169,-0.36598158862252844,-0.8227503849538058,1.122969754073841,0.633123007471234,-0.8217935541505947,1.123677683104518,-0.36708981592714157,-1.821789186278215,1.1235795903008379
35.602000000000004,1,0.6074009133302152,-0.8129691514252606,1.149081319940752,0.00803819894549578,0.09449687444605155,-0.007736177358679443,-0.9962010091324096,1.0490607985578884,0.29440019042330623,2,0.4,0,168,-0.36598158862252844,-0.8227503849538058,1.122969754073841,0.633123007471234,-0.8217935541505947,1.123677683104518,-0.36708981592714157,-1.821789186278215,1.1235795903008379
35.602000000000004,2,-0.407707559076686,-1.802946537887153,1.14727271733138,-0.05650009261179256,0.021926565722830797,0.07553384993033785,-1.5329075811888802,-1.834339181413326,1.0999629832447806,2,0.4,0,135,-0.36598158862252844,-0.8227503849538058,1.122969754073841,0.633123007471234,-0.8217935541505947,1.123677683104518,-0.36708981592714157,-1.821789186278215,1.1235795903008379
35.803000000000004,0,-0.34570996519116526,-0.8278264524428787,1.129141350334958,0.17985274244942484,-0.18351621270577367,-0.05809370857603553,0.8174602473588127,-2.693071891423999,-0.2474801509226084,1,0.4,0,170,-0.33315460571470895,-0.8253289753021378,1.1154096479534121,0.6660403571478543,-0.8244261287050778,1.116042984345606,-0.3341395598414891,-1.824407037300847,1.1159450705721181
35.803000000000004,1,0.6842812253139936,-0.8099468472771898,1.1556852829168223,0.38248911434715505,0.015036339045128366,0.03285553719437979,1.8629398776201906,-0.3953260467707611,0.20194882862218472,2,0.4,0,169,-0.33315460571470895,-0.8253289753021378,1.1154096479534121,0.6660403571478543,-0.8244261287050778,1.116042984345606,-0.3341395598414891,-1.824407037300847,1.1159450705721181
35.803000000000004,2,-0.4271057896121886,-1.7933031903702261,1.1646630411168268,-0.1361352948673018,0.04821440832645447,0.1026290857598271,-0.39429537550184895,0.002363731426973159,0.16029912389685547,0,0.4,1,135,-0.33315460571470895,-0.8253289753021378,1.1154096479534121,0.6660403571478543,-0.8244261287050778,1.116042984345606,-0.3341395598414891,-1.824407037300847,1.1159450705721181
36.002,0,-0.31520029533932337,-0.8567723884920628,1.1173150722482434,0.16536035070980387,-0.1883696066916763,-0.06444597702389024,0.12105956614271474,-0.4312828303557483,-0.05042657210874858,0,0.4,1,170,-0.30326141021068564,-0.8301178006665946,1.1082444763934416,0.6960242446614849,-0.8292655792600627,1.108800083650118,-0.304125594903123,-1.829237035631803,1.1087250231010068
36.002,1,0.6860957142444792,-0.8132811327273841,1.1311365712724373,0.009118034826561212,-0.016755203267308297,-0.12336036002203633,-1.876236580505515,-0.1597564940323466,-0.7850045086252143,4,0.4,0,170,-0.30326141021068564,-0.8301178006665946,1.1082444763934416,0.6960242446614849,-0.8292655792600627,1.108800083650118,-0.304125594903123,-1.829237035631803,1.1087250231010068
36.002,2,-0.22155897685412862,-1.8286268304687496,1.1152361696255968,0.9051500994501599,-0.1409811678633955,-0.2718025805657131,5.232589921193325,-0.9507315386424714,-1.8815661624399187,2,0.40503895838503473,0,136,-0.30326141021068564,-0.8301178006665946,1.1082444763934416,0.6960242446614849,-0.8292655792600627,1.108800083650118,-0.304125594903123,-1.829237035631803,1.1087250231010068
36.202000000000005,0,-0.1954227285842488,-0.8499144143032629,1.0888997285792485,0.6673556087218901,-0.09554733727733386,-0.14199964750120772,2.509976290060396,0.4641113470717056,-0.3877683523865819,1,0.4,0,171,-0.2762514021668404,-0.8367486342976871,1.1017100806414273,0.723124643832905,-0.8359460844324302,1.1022018557745326,-0.27700025467852957,-1.8359115789324305,1.102149707265449
36.202000000000005,1,0.7685671663858669,-0.8402387984343291,1.1034776564384963,0.41235726070693224,-0.1347883285347232,-0.13829457416970306,2.0161961294018265,-0.5901656263370662,-0.07467107073833258,1,0.4,0,171,-0.2762514021668404,-0.8367486342976871,1.1017100806414273,0.723124643832905,-0.8359460844324302,1.1022018557745326,-0.27700025467852957,-1.8359115789324305,1.102149707265449
36.202000000000005,2,-0.10804784367408071,-1.8495711846664928,1.0954441549792517,0.6380941405420639,-0.12505028453781736,-0.11632786751278203,0.7053847464183118,-0.20328513549104502,-0.1736779428105819,0,0.4,1,136,-0.2762514021668404,-0.8367486342976871,1.1017100806414273,0.723124643832905,-0.8359460844324302,1.1022018557745326,-0.27700025467852957,-1.8359115789324305,1.102149707265449
36.402,0,-0.2629321003394999,-0.858501585345226,1.130488174122355,-0.33754685877626256,-0.042935855209816715,0.20794222771553572,-5.0245123374908705,0.26305741033759134,1.7497093760837545,2,0.4,0,172,-0.2522035329255788,-0.8447889499230545,1.0954237359992511,0.7472589885714492,-0.844035633646887,1.0958638348746386,-0.2528860346671695,-1.843961826214294,1.0955817048751724
36.402,1,0.7472080812494915,-0.8715430153382826,1.1110925087869437,-0.10679542568187933,-0.15652108451977065,0.03807426174223775,-2.5957634319441136,-0.10866377992523958,0.8818441795597228,1,0.4,0,172,-0.2522035329255788,-0.8447889499230545,1.0954237359992511,0.7472589885714492,-0.844035633646887,1.0958638348746386,-0.2528860346671695,-1.843961826214294,1.0955817048751724
36.402,2,-0.19873418442104096,-1.8522927392506703,1.0940030299140808,-0.28248819486235355,-0.24051073632420497,0.05737065896963833,-4.602911677022186,-0.5773022589319504,0.8684926324121203,2,0.4672683799245934,0,137,-0.2522035329255788,-0.8447889499230545,1.0954237359992511,0.7472589885714492,-0.844035633646887,1.0958638348746386,-0.2528860346671695,-1.843961826214294,1.0955817048751724
36.601,0,-0.2107374611491375,-0.8586701541287352,1.1033155095576885,0.2622846190470497,-0.0008470793141162219,-0.13654605308877713,3.014228531775468,0.2115013864105573,-1.7310968884639004,1,0.4,0,173,-0.23102280444574083,-0.8538486606090382,1.0890635367890196,0.7685202491777036,-0.8531441090350952,1.089460082115559,-0.2315805725903804,-1.8530730004271019,1.089153380786885
36.601,1,0.7689034757444799,-0.8970462614465848,1.098334776987729,0.1090220828893901,-0.12815701561961046,-0.06410920502117996,1.0845100933229723,0.14253300954854506,-0.5134847576051191,1,0.4,0,173,-0.23102280444574083,-0.8538486606090382,1.0890635367890196,0.7685202491777036,-0.8531441090350952,1.089460082115559,-0.2315805725903804,-1.8530730004271019,1.089153380786885
36.601,2,-0.1912632924277965,-1.8709747266361823,1.0780872396653867,0.008884170844228254,-0.10289792091683767,-0.08650071161715206,-0.28802010026227254,-0.090639068555773,-0.06554639343040465,0,0.4,1,137,-0.23102280444574083,-0.8538486606090382,1.0890635367890196,0.7685202491777036,-0.8531441090350952,1.089460082115559,-0.2315805725903804,-1.8530730004271019,1.089153380786885
36.802,0,-0.24163447108441838,-0.8496250636969607,1.0930867500623491,-0.1537164673397055,0.04500044990932567,-0.05088935072308207,-2.069657146202757,0.2280971603156307,0.42615274808803405,2,0.4,0,174,-0.2124890586671013,-0.8636637336398347,1.0829179921033856,0.7871281201033712,-0.8630076168383414,1.0832766052236316,-0.21293351557199175,-1.8629476510366565,1.0830281799776542
36.802,1,0.7750956325123995,-0.930918325998142,1.0904841793451947,0.014722487463517432,-0.17866623933364664,-0.03670083184792088,-0.16004241418542137,-0.10098015170446961,0.023451421554020302,0,0.4,1,173,-0.2124890586671013,-0.8636637336398347,1.0829179921033856,0.7871281201033712,-0.8630076168383414,1.0832766052236316,-0.21293351557199175,-1.8629476510366565,1.0830281799776542
36.802,2,-0.19713186755990275,-1.810107689991197,1.10339623263024,-0.23519778698720242,0.35105449054581495,0.1670973755927607,-1.214338098663831,2.2584697087694106,1.2616820259199606,2,0.46498488747785993,0,138,-0.2124890586671013,-0.8636637336398347,1.0829179921033856,0.7871281201033712,-0.8630076168383414,1.0832766052236316,-0.21293351557199175,-1.8629476510366565,1.0830281799776542
37.003,0,-0.20069719761511706,-0.8814725418581433,1.0988496529611447,0.2036680272104538,-0.15844516498100758,0.028671158700475312,1.778032311194818,-1.012167238260362,0.39582342996794617,2,0.4,0,175,-0.1973416724689889,-0.8750253485147177,1.0766790901822711,0.800921209212732,-0.8750555242572715,1.0759422756284749,-0.19909964407895875,-1.8750075477662695,1.0757825094026199
37.003,1,0.7739960346367402,-0.8532166995793431,1.1642538902432429,-0.022562158328906744,0.42304088489279285,0.38627065725645865,-0.18549575021106507,2.9935677822210844,2.10433576668845,1,0.4,0,174,-0.1973416724689889,-0.8750253485147177,1.0766790901822711,0.800921209212732,-0.8750555242572715,1.0759422756284749,-0.19909964407895875,-1.8750075477662695,1.0757825094026199
37.003,2,-0.214079123399044,-1.7782244220280559,1.112688718165484,-0.11403927150498692,0.18486826905696369,0.05830871620653246,-0.295766824254905,0.26114472994770344,0.12017358096428611,0,0.4,1,138,-0.1973416724689889,-0.8750253485147177,1.0766790901822711,0.800921209212732,-0.8750555242572715,1.0759422756284749,-0.19909964407895875,-1.8750075477662695,1.0757825094026199
37.202000000000005,0,-0.1561317857831459,-0.8831256850627911,1.109648224211765,0.22394679312547738,-0.008307252284662208,0.05426417713879425,0.10190334630664855,0.7544618728459371,0.12860813285587072,2,0.4,0,176,-0.15464122302970898,-0.8657767764347367,1.0787476457939063,0.842471934937133,-0.8674815548602853,1.0792759969238133,-0.15752979633147024,-1.8674296400914467,1.0792052634109652
37.202000000000005,1,0.8526839413744103,-0.844479238123351,1.102590523962296,0.39541661677220113,0.04390684148739624,-0.3098661622158051,2.1003958547793817,-1.9051961980170187,-3.4981749722223396,3,0.4,0,175,-0.15464122302970898,-0.8657767764347367,1.0787476457939063,0.842471934937133,-0.8674815548602853,1.0792759969238133,-0.15752979633147024,-1.8674296400914467,1.0792052634109652
37.202000000000005,2,-0.17315713639397678,-1.9234974726913898,1.1141877198313637,0.27046532262546763,-0.6441512706937955,0.02342927595506611,1.9321838901027366,-4.165927335430842,-0.17527356910284145,2,0.47098413992133603,0,139,-0.15464122302970898,-0.8657767764347367,1.0787476457939063,0.842471934937133,-0.8674815548602853,1.0792759969238133,-0.15752979633147024,-1.8674296400914467,1.0792052634109652
37.401,0,-0.07986159092415734,-0.8730685428609348,1.0869416640543,0.38326731084919247,0.05053840302440387,-0.1141033173741975,0.8006056167020936,0.2957068105983249,-0.8460678116230824,2,0.4,0,177,-0.11646489295127063,-0.8565338727366291,1.0718156553291445,0.8807849919234116,-0.8578459101856901,1.0725019564783413,-0.11926616652577615,-1.8577588295651444,1.0722154392911536
37.401,1,0.8989566258768593,-0.8588894016984465,1.0931766866369221,0.23252605277612834,-0.07241288228691278,-0.04730571520288509,-0.8185455477189667,-0.5845212249965334,1.3193992312207166,3,0.4,0,176,-0.11646489295127063,-0.8565338727366291,1.0718156553291445,0.8807849919234116,-0.8578459101856901,1.0725019564783413,-0.11926616652577615,-1.8577588295651444,1.0722154392911536
37.401,2,-0.15305833864719132,-1.8822911037373684,1.0994848680501241,0.10099898365218926,0.20706718067347643,-0.07388367729266114,-0.8515896430818091,4.277479655111961,-0.48900981531521703,2,0.4,0,140,-0.11646489295127063,-0.8565338727366291,1.0718156553291445,0.8807849919234116,-0.8578459101856901,1.0725019564783413,-0.11926616652577615,-1.8577588295651444,1.0722154392911536
37.602000000000004,0,-0.06842542449919908,-0.8639103606157033,1.0570448697672257,0.05689635037292653,0.04556309574742064,-0.14874027008494617,-1.6237361217724633,-0.02475277252230458,-0.17232314781466954,2,0.4,0,178,-0.08050791805799548,-0.851023906774523,1.0641726264354394,0.916907147837522,-0.8520181433278241,1.06490434017642,-0.08311724614012476,-1.8519278082315438,1.0645740721119437
37.602000000000004,1,0.9627314431080782,-0.8718273598720359,1.0699784437008866,0.3344852393854338,-0.07825310870869989,-0.11531545981007853,0.17112031312360476,-0.13816077210264413,0.0009819318437546132,0,0.4,1,176,-0.08050791805799548,-0.851023906774523,1.0641726264354394,0.916907147837522,-0.8520181433278241,1.06490434017642,-0.08311724614012476,-1.8519278082315438,1.0645740721119437
37.602000000000004,2,-0.13012987013832067,-1.835912340461499,1.08187933684499,0.12495863208290052,0.28279984083870474,-0.10297509476326867,0.10832487016619985,0.518007214312028,-0.15308843059740504,0,0.4,1,140,-0.08050791805799548,-0.851023906774523,1.0641726264354394,0.916907147837522,-0.8520181433278241,1.06490434017642,-0.08311724614012476,-1.8519278082315438,1.0645740721119437
37.802,0,-0.024655321781458128,-0.8634852937697719,1.0700248796812986,0.21885051358870944,0.0021253342296568174,0.06490004957036638,0.8097708160789318,-0.21718880758882375,1.0682015982765856,1,0.4,0,179,-0.0470411187315887,-0.8486468769049608,1.0569145720884532,0.9504986371012006,-0.8493867195280519,1.057608324386601,-0.04948180308035796,-1.8493015127966925,1.0573279372802449
37.802,1,0.9471800362880332,-0.8085337077833956,1.0326054148057011,-0.091352292643197,0.17834934006334338,-0.22116165184830922,-2.129187660143199,1.2830122438602438,-0.5292309601911647,2,0.4,0,177,-0.0470411187315887,-0.8486468769049608,1.0569145720884532,0.9504986371012006,-0.8493867195280519,1.057608324386601,-0.04948180308035796,-1.8493015127966925,1.0573279372802449
37.802,2,-0.10297164631841726,-1.768992228007519,1.058222549280389,0.14662360611614003,0.38640128370110816,-0.13359278088274903,0.10832487016619985,0.518007214312028,-0.15308843059740504,0,0.4,2,140,-0.0470411187315887,-0.8486468769049608,1.0569145720884532,0.9504986371012006,-0.8493867195280519,1.057608324386601,-0.04948180308035796,-1.8493015127966925,1.0573279372802449
38.001000000000005,0,0.013079496977094207,-0.8299433684108637,1.0677099709249758,0.18962220481684097,0.16855238873822784,-0.011632707318204656,-0.14687592347672215,0.8363168568269682,-0.38458671803301026,1,0.4,0,180,-0.01624762463672455,-0.8489034064718373,1.049772631094468,0.9813912313200853,-0.8493941443849354,1.0502403083841412,-0.01846696089907137,-1.8493457870913135,1.0503433941154443
38.001000000000005,1,1.0243568500478095,-0.8140817141170227,1.0593451874606319,0.3878231847224834,-0.02787942881219558,0.13437071685894456,2.4079169716867734,-1.0363254717363497,1.7865948176243445,1,0.4,0,178,-0.01624762463672455,-0.8489034064718373,1.049772631094468,0.9813912313200853,-0.8493941443849354,1.0502403083841412,-0.01846696089907137,-1.8493457870913135,1.0503433941154443
38.001000000000005,2,-0.07164866210957865,-1.6818415707040106,1.028606358414677,0.16818025527921437,0.4894847193492044,-0.16405737857163344,0.10832487016619985,0.518007214312028,-0.15308843059740504,0,0.6893773558685462,3,140,-0.01624762463672455,-0.8489034064718373,1.049772631094468,0.9813912313200853,-0.8493941443849354,1.0502403083841412,-0.01846696089907137,-1.8493457870913135,1.0503433941154443
38.201,0,-0.018752872650092067,-0.8323089462880184,1.074856644450036,-0.15916184813593476,-0.011827889385773978,0.035733367625301535,-1.7439202647639156,-0.9019013906200283,0.236830374717536,1,0.4,0,181,0.011895930281251731,-0.8514371814340935,1.0429246342856815,1.0097283179412375,-0.8517115253772469,1.0433196174376562,0.009906924923966744,-1.851692130779563,1.0437247988737237
38.201,1,1.0476772897989837,-0.8179632560252754,1.0852444705988236,0.11660219875587434,-0.01940770954126411,0.12949641569096113,-1.356104929833074,0.04235859635465826,-0.024371505839917672,1,0.4,0,179,0.011895930281251731,-0.8514371814340935,1.0429246342856815,1.0097283179412375,-0.8517115253772469,1.0433196174376562,0.009906924923966744,-1.851692130779563,1.0437247988737237
38.201,2,0.07293890230626421,-1.8765342700787913,1.0447595101015357,0.6372355472003696,-0.7305134073960717,0.07762273645333494,2.345276459605826,-6.099990633726511,1.2084005751248676,2,1.0962082721757107,0,141,0.011895930281251731,-0.8514371814340935,1.0429246342856815,1.0097283179412375,-0.8517115253772469,1.0433196174376562,0.009906924923966744,-1.851692130779563,1.0437247988737237
38.401,0,0.017892704837502937,-0.8909533405939136,1.0698731830832555,0.18322788743797241,-0.29322197152947177,-0.024917306833901677,1.7119486778695114,-1.4069704107184688,-0.30325337229601174,2,0.4,0,182,0.03733985146742208,-0.8558245216278243,1.036173855155959,1.0353061270147834,-0.8558949868918972,1.0362933554187117,0.03547836548156525,-1.8559187256835574,1.036956856828121
38.401,1,1.0653583218852047,-0.8146527283621539,1.0929810010009025,0.08840516043110354,0.01655263831560759,0.038682652010393344,-0.140985191623852,0.17980173928435594,-0.4540688184028325,1,0.4,0,180,0.03733985146742208,-0.8558245216278243,1.036173855155959,1.0353061270147834,-0.8558949868918972,1.0362933554187117,0.03547836548156525,-1.8559187256835574,1.036956856828121
38.401,2,0.07706476210787377,-1.8599450616334292,1.0595459546822448,0.02062929900804754,0.08294604222680906,0.07393222290354334,-3.0830312409615663,4.067297248114346,-0.018452567748957704,2,0.4,0,142,0.03733985146742208,-0.8558245216278243,1.036173855155959,1.0353061270147834,-0.8558949868918972,1.0362933554187117,0.03547836548156525,-1.8559187256835574,1.036956856828121
38.602000000000004,0,0.04224266241852126,-0.901050129811253,1.042787095536466,0.12114406756725503,-0.0502327821758176,-0.13475665446163915,-0.30887472572496133,1.2089014395704156,-0.546464416058394,1,0.4,0,183,0.06014403620636939,-0.8616946594820546,1.029398539343328,1.0583255340648283,-0.8616237657599233,1.029517164596321,0.05844678180018393,-1.8616522979294305,1.0302119614948704
38.602000000000004,1,1.0710815969250715,-0.8126224237913955,1.108188086630468,-0.005931430764136464,0.012761349997972894,0.07517528976399855,-0.3423426461453001,0.026470967492577227,-0.004794553946785851,0,0.4,1,180,0.06014403620636939,-0.8616946594820546,1.029398539343328,1.0583255340648283,-0.8616237657599233,1.029517164596321,0.05844678180018393,-1.8616522979294305,1.0302119614948704
38.602000000000004,2,0.045751198716008634,-1.8443627728367638,1.0256247292349165,-0.15578887259634358,0.07752382485903192,-0.16876231565834843,-0.8777023462905008,-0.026976205809836423,-1.2074355152332894,2,0.4,0,143,0.06014403620636939,-0.8616946594820546,1.029398539343328,1.0583255340648283,-0.8616237657599233,1.029517164596321,0.05844678180018393,-1.8616522979294305,1.0302119614948704
38.803000000000004,0,0.04724526042932348,-0.9067843520324947,1.0275612329500206,0.024888547317423904,-0.028528468762396734,-0.0757505601315691,-0.4788831853225417,0.10798165877323787,0.2935626583585567,1,0.4,0,184,0.0804660115254754,-0.8687962425255439,1.0231591376493634,1.0788449447715298,-0.8686107494021794,1.0233155378653749,0.07887166437252265,-1.8686607677562708,1.0240067841627591
38.803000000000004,1,1.0776115657793435,-0.8650362481171898,1.0382626743922918,-0.00020225584347465637,-0.2608156903962549,-0.38864454608502025,0.028503357814237774,-1.3610798029563538,-2.3075613723831725,1,0.4,0,181,0.0804660115254754,-0.8687962425255439,1.0231591376493634,1.0788449447715298,-0.8686107494021794,1.0233155378653749,0.07887166437252265,-1.8686607677562708,1.0240067841627591
38.803000000000004,2,0.053044518608420466,-1.8754250060306545,1.0512661276645807,0.03628517359408862,-0.15453847360144632,0.1275691464162388,0.9555922696041379,-1.1545387983108342,1.4742858809680919,2,0.4,0,144,0.0804660115254754,-0.8687962425255439,1.0231591376493634,1.0788449447715298,-0.8686107494021794,1.0233155378653749,0.07887166437252265,-1.8686607677562708,1.0240067841627591
39.003,0,0.11948127459952307,-0.8924810525150906,1.0401467253047398,0.3611800708510057,0.07151649758702236,0.06292746177359833,1.6814576176679448,0.5002248317471061,0.6933901095258519,2,0.4,0,185,0.09573185064531786,-0.8789888545407186,1.0155403954913909,1.0947253344309045,-0.8785631405100129,1.0161300839794989,0.09471156215698082,-1.8786039245437924,1.0167778404102463
39.003,1,1.05698190023714,-0.8875448647786088,1.0325930832656245,-0.10314832771102009,-0.11254308330709746,-0.028347955633337744,-0.5147303593377381,0.7413630354458031,1.8014829522584508,1,0.4,0,182,0.09573185064531786,-0.8789888545407186,1.0155403954913909,1.0947253344309045,-0.8785631405100129,1.0161300839794989,0.09471156215698082,-1.8786039245437924,1.0167778404102463
39.003,2,0.04283004735644136,-1.873245435589587,1.047998533121766,-0.051072356259896624,0.010897852205338465,-0.016337972714073126,-0.4367876492699355,0.8271816290339415,-0.7195355956515749,2,0.4,0,145,0.09573185064531786,-0.8789888545407186,1.0155403954913909,1.0947253344309045,-0.8785631405100129,1.0161300839794989,0.09471156215698082,-1.8786039245437924,1.0167778404102463
39.201,0,0.1308424614952194,-0.8817555076009334,1.0435664451522477,0.05737973179644593,0.05416941875836972,0.01727131236115034,-1.5343451467401976,-0.08761150923561922,-0.23058661319418128,1,0.4,0,186,0.13152549380902567,-0.8708559905146069,1.0201192568390978,1.1275493421079499,-0.873238632983734,1.0197931858664626,0.12751457807472993,-1.8732711289292758,1.0204735031762453
39.201,1,1.158362806250359,-0.8332828255118079,1.0384200337779514,0.51202477784454,0.27405070336768106,0.029429042991549664,3.1069348765432268,1.952493872094837,0.2918030233580166,2,0.4,0,183,0.13152549380902567,-0.8708559905146069,1.0201192568390978,1.1275493421079499,-0.873238632983734,1.0197931858664626,0.12751457807472993,-1.8732711289292758,1.0204735031762453
39.201,2,0.09412994161159777,-1.8473906578325718,1.0382133598906669,0.25909037502604193,0.13057968564148992,-0.04942006682373311,1.5664784408380705,0.6044537042229859,-0.16708128338212078,2,0.4,0,146,0.13152549380902567,-0.8708559905146069,1.0201192568390978,1.1275493421079499,-0.873238632983734,1.0197931858664626,0.12751457807472993,-1.8732711289292758,1.0204735031762453
39.401,0,0.18759467444982741,-0.8436694513144931,1.0312404983232355,0.2837610647730361,0.19043028143219848,-0.06162973414506025,1.1319066648829348,0.6813043133691341,-0.39450523253104736,1,0.4,0,187,0.16888791795260102,-0.855643040124505,1.0143803280670802,1.1654643660065187,-0.8574782539590508,1.014698283635335,0.1653599781985461,-1.8575448221468214,1.0152591860782623
39.401,1,1.1990725075358375,-0.8468173282489482,0.9906569452444378,0.20354850642738997,-0.06767251368570053,-0.23881544266756394,-1.5423813570857283,-1.7086160852668837,-1.3412224282955492,1,0.4,0,184,0.16888791795260102,-0.855643040124505,1.0143803280670802,1.1654643660065187,-0.8574782539590508,1.014698283635335,0.1653599781985461,-1.8575448221468214,1.0152591860782623
39.401,2,0.19696079637189723,-1.8309873580237293,0.975014498643014,0.51415427380149,0.08201649904421177,-0.31599430623825997,1.2753194938772223,-0.24281593298638732,-1.3328711970726153,1,0.4,0,147,0.16888791795260102,-0.855643040124505,1.0143803280670802,1.1654643660065187,-0.8574782539590508,1.014698283635335,0.1653599781985461,-1.8575448221468214,1.0152591860782623
39.603,0,0.1810966267926385,-0.8331179662955788,1.0091821840468647,-0.032168552758361287,0.05223507435106157,-0.10919957562559919,-1.564008007581189,-0.684134688520486,-0.2354942647551454,1,0.4,0,188,0.203982789653573,-0.8448314354362227,1.006689215375911,1.2007354028899953,-0.8462752465663289,1.0071047224078908,0.2005816763705539,-1.84635552506013,1.0075522057480157
39.603,1,1.2230285672414172,-0.8134056668640075,1.0375399737424351,0.1185943549781183,0.165404264281886,0.232094200485137,-0.42056510618451703,1.153845435483112,2.3312358571916096,1,0.4,0,185,0.203982789653573,-0.8448314354362227,1.006689215375911,1.2007354028899953,-0.8462752465663289,1.0071047224078908,0.2005816763705539,-1.84635552506013,1.0075522057480157
39.603,2,0.33720921854966635,-1.8059280260644934,0.8919005901214786,0.801562043125786,0.1379205937778842,-0.4813588629294236,1.0620091429094514,0.1372722274236177,-0.6921175272133887,0,0.4,1,147,0.203982789653573,-0.8448314354362227,1.006689215375911,1.2007354028899953,-0.8462752465663289,1.0071047224078908,0.2005816763705539,-1.84635552506013,1.0075522057480157
39.802,0,0.1716455608183145,-0.8151383277081123,0.9814950746483382,-0.08879524666804688,0.08833808695380133,-0.15982166554305732,-0.41510002841429905,-0.020219655244064383,-0.20794434708930196,0,0.4,1,188,0.2370024696526703,-0.837428936941552,0.9989043913871404,1.2339525532920654,-0.8385306784652335,0.9993378801241034,0.23376611047049284,-1.8386105348215918,0.999692692959334
39.802,1,1.2190248096707132,-0.8179848944402752,1.0254545655433525,-0.020119384777406855,-0.023011193850591777,-0.060730694467753206,-0.6970539686207361,-0.9468113473993951,-1.4714818841853923,1,0.4,0,186,0.2370024696526703,-0.837428936941552,0.9989043913871404,1.2339525532920654,-0.8385306784652335,0.9993378801241034,0.23376611047049284,-1.8386105348215918,0.999692692959334
39.802,2,0.5177483771658744,-1.7757637691635932,0.7824059033009358,1.0129018625647648,0.16523776703518386,-0.6190902508448866,1.0620091429094514,0.1372722274236177,-0.6921175272133887,0,0.4,2,147,0.2370024696526703,-0.837428936941552,0.9989043913871404,1.2339525532920654,-0.8385306784652335,0.9993378801241034,0.23376611047049284,-1.8386105348215918,0.999692692959334
40.003,0,0.14541248811405394,-0.7977908193761563,0.9451703400908061,-0.17223035237932122,0.08427393624974437,-0.2016184793080071,-0.41510002841429905,-0.020219655244064383,-0.20794434708930196,0,0.4,2,188,0.26798580798390836,-0.8330820693441249,0.9919900030067376,1.2651431402985887,-0.8338801281854502,0.992433119155205,0.2649380164521603,-1.833950747330399,0.9927141883957233
40.003,1,1.2678006989200883,-0.8644526850288319,1.0171162099636444,0.24266611566853136,-0.23118303775401264,-0.04148435611794943,1.3073905494822764,-1.0356808154399022,0.09575292711345139,4,0.4,0,187,0.26798580798390836,-0.8330820693441249,0.9919900030067376,1.2651431402985887,-0.8338801281854502,0.992433119155205,0.2649380164521603,-1.833950747330399,0.9927141883957233
40.003,2,0.2610635170955795,-1.8814930879687344,0.9727804622614905,-1.1717708543128573,-0.5230767838022751,0.8246398454451589,-10.86901849192844,-3.4244505016788915,7.182736797462894,1,0.657730430809106,0,148,0.26798580798390836,-0.8330820693441249,0.9919900030067376,1.2651431402985887,-0.8338801281854502,0.992433119155205,0.2649380164521603,-1.833950747330399,0.9927141883957233
40.202000000000005,0,0.2674777816470768,-0.8651914793556461,1.0219144937290237,0.5183575310477292,-0.38944024327457627,0.3443915314245565,3.4702908714926255,-2.380473263941248,2.743768898153515,1,0.6629953605112336,0,189,0.2964959289756717,-0.8313761019812869,0.9851286067433388,1.293864294114581,-0.83191004966192,0.9855784052067451,0.29365143725830223,-1.8319669156394351,0.9858020158254562
40.202000000000005,1,1.3305035358664998,-0.8094323565179375,0.9899154791895327,0.3150896328965328,0.27648406286880856,-0.13668708931714108,0.36393727250251034,2.5510909579035577,-0.4784056944682873,1,0.4,0,188,0.2964959289756717,-0.8313761019812869,0.9851286067433388,1.293864294114581,-0.83191004966192,0.9855784052067451,0.29365143725830223,-1.8319669156394351,0.9858020158254562
40.202000000000005,2,0.26705480134488113,-1.9166189003950729,0.9850239609960061,-0.012609035479440978,-0.2065050065711186,0.09393626550467687,-0.4293064472972914,-0.3014410687262823,0.32574016317342036,0,0.4,1,148,0.2964959289756717,-0.8313761019812869,0.9851286067433388,1.293864294114581,-0.83191004966192,0.9855784052067451,0.29365143725830223,-1.8319669156394351,0.9858020158254562
40.403000000000006,0,0.32719967831812946,-0.7770410732686903,0.9822471028761992,0.2971238640350872,0.43855923426346055,-0.19735020324788205,-1.1006650100131412,4.119400385761367,-2.6952325108081445,1,0.4,0,190,0.3226103744753998,-0.8319166205030508,0.9784444385634642,1.3201912707915464,-0.8322225519370542,0.9788992540944601,0.3199789175230437,-1.832263759584895,0.9790789929279616
40.403000000000006,1,1.3094928951789495,-0.8649798554537367,0.9930728903423116,-0.10453055068433023,-0.27635571609850246,0.01570851319790521,-2.0876626048799105,-2.7504466615289034,0.758187077189283,2,0.4,0,189,0.3226103744753998,-0.8319166205030508,0.9784444385634642,1.3201912707915464,-0.8322225519370542,0.9788992540944601,0.3199789175230437,-1.832263759584895,0.9790789929279616
40.403000000000006,2,0.32870817676556646,-1.8219053251552673,0.9405490068093518,0.08484635351080438,0.40984953123854767,-0.08141477173322764,0.484852681543508,3.066440486615247,-0.8723932200890749,1,0.5135469985507639,0,149,0.3226103744753998,-0.8319166205030508,0.9784444385634642,1.3201912707915464,-0.8322225519370542,0.9788992540944601,0.3199789175230437,-1.832263759584895,0.9790789929279616
40.603,0,0.34213322520356326,-0.7902294280861555,0.9789150908203996,0.07466773442717033,-0.06594177408732722,-0.016660060278998266,-1.1122806480396081,-2.522505041753993,0.9034507148444382,1,0.4,0,191,0.34632987590086434,-0.8343712410682559,0.9721091374969496,1.3441212151642097,-0.8344827489848389,0.9725636987331864,0.3439151840111108,-1.8345081768506202,0.9727095701047108
40.603,1,1.3439890492669773,-0.8162855817888315,0.9490630273823143,0.17248077044014243,0.24347136832453117,-0.22004931479999154,1.385056605622393,2.5991354221152236,-1.1787891399895087,1,0.4,0,190,0.34632987590086434,-0.8343712410682559,0.9721091374969496,1.3441212151642097,-0.8344827489848389,0.9725636987331864,0.3439151840111108,-1.8345081768506202,0.9727095701047108
40.603,2,0.3788772617248055,-1.833928816653879,0.9678841172999954,0.25084542479620076,-0.06011745749305981,0.13667555245322052,0.8299953564269995,-2.3498349436580876,1.090451620932264,2,0.4,0,150,0.34632987590086434,-0.8343712410682559,0.9721091374969496,1.3441212151642097,-0.8344827489848389,0.9725636987331864,0.3439151840111108,-1.8345081768506202,0.9727095701047108
40.802,0,0.3221953196443675,-0.8265300095547063,0.9865657232726517,-0.10019048019696454,-0.18241498225402622,0.03844538920729771,-0.8786844955986762,-0.5852925033502518,0.2769118064638016,2,0.4,0,192,0.3676231209452175,-0.838349463047059,0.9657936706506203,1.3656198736431995,-0.838297502888186,0.9662408794118678,0.36542405440992554,-1.8383080727337133,0.9663604704224364
40.802,1,1.363021538685339,-0.7744526147927289,0.9600320199503843,0.09564065034352744,0.2102159145532815,0.055120565668694235,-0.38613125676691323,-0.16711283302135674,1.3827632184356204,2,0.4,0,191,0.3676231209452175,-0.838349463047059,0.9657936706506203,1.3656198736431995,-0.838297502888186,0.9662408794118678,0.36542405440992554,-1.8383080727337133,0.9663604704224364
40.802,2,0.35421509169950977,-1.8390076681785623,0.9889212533037155,-0.12393050263967847,-0.025521866958208024,0.10571425127497663,-1.8832961177682557,0.17384718861734733,-0.15558442803137784,2,0.4,0,151,0.3676231209452175,-0.838349463047059,0.9657936706506203,1.3656198736431995,-0.838297502888186,0.9662408794118678,0.36542405440992554,-1.8383080727337133,0.9663604704224364
41.001000000000005,0,0.2874874535307951,-0.8847626528446217,1.00185512579576,-0.23278243874048032,-0.36556565145276887,0.10434986456779614,-0.5866437310059734,-0.7330583242436594,0.27656981015042115,0,0.4,1,192,0.38540424401817647,-0.8459938884034163,0.9594129698215675,1.3842624646711226,-0.8447724468312304,0.960077059884036,0.3840798131170965,-1.8447684982585055,0.9601711669839952
41.001000000000005,1,1.3686782548460337,-0.8125212264731618,0.9585131897424645,0.028425709350222976,-0.19129955618307523,-0.007632312602612237,-0.33776352257941067,-2.0176656820921925,-0.31534109684072786,4,0.4,0,192,0.38540424401817647,-0.8459938884034163,0.9594129698215675,1.3842624646711226,-0.8447724468312304,0.960077059884036,0.3840798131170965,-1.8447684982585055,0.9601711669839952
41.001000000000005,2,0.3192074552706262,-1.8499312990741994,1.0217205118563852,-0.24006811132543487,-0.0651363122582405,0.18573570025831482,-0.6447270384524912,-0.10295170544950137,0.21020407559079674,0,0.4,1,151,0.38540424401817647,-0.8459938884034163,0.9594129698215675,1.3842624646711226,-0.8447724468312304,0.960077059884036,0.3840798131170965,-1.8447684982585055,0.9601711669839952
41.202000000000005,0,0.2288476866557722,-0.9730494934655125,1.0284162970238306,-0.3506978286726813,-0.5129103746257447,0.15994039640803093,-0.5866437310059734,-0.7330583242436594,0.27656981015042115,0,0.4,2,192,0.4159700178926002,-0.835961096603755,0.966288141916079,1.4118226063525012,-0.838778065855837,0.9654446872663316,0.41166658848387755,-1.8387468003698382,0.9655000060363307
41.202000000000005,1,1.3900635284264138,-0.8240818193693897,1.0026665170893665,0.10639439592228886,-0.057515387543422274,0.21966829525821904,0.3879039132938591,0.6655928788042419,1.130848795327516,2,0.4,0,193,0.4159700178926002,-0.835961096603755,0.966288141916079,1.4118226063525012,-0.838778065855837,0.9654446872663316,0.41166658848387755,-1.8387468003698382,0.9655000060363307
41.202000000000005,2,0.25792995635395405,-1.8651033737640383,1.0632996150372787,-0.3696582460543859,-0.08582960505359033,0.22798671945206506,-0.6447270384524912,-0.10295170544950137,0.21020407559079674,0,0.4,2,151,0.4159700178926002,-0.835961096603755,0.966288141916079,1.4118226063525012,-0.838778065855837,0.9654446872663316,0.41166658848387755,-1.8387468003698382,0.9655000060363307
41.403000000000006,0,0.4081433784111956,-0.8183268872307257,0.9898888141970916,0.7618177075908104,0.6087489536822798,-0.1368146399989529,5.534903165489993,5.580394668199113,-1.4763932159551398,2,0.6964960208890364,0,193,0.4520276810784521,-0.815874672964173,0.9635532990051389,1.4486932472375103,-0.8179881717782641,0.964089650398358,0.44859184777592215,-1.8180033735807664,0.9643543106482168
41.403000000000006,1,1.467453954650836,-0.8340093426852788,1.007075158167563,0.3850269961414039,-0.04939066326312966,0.02193353770246952,1.386231841886141,0.04042151383230146,-0.9837550127151692,2,0.4,0,194,0.4520276810784521,-0.815874672964173,0.9635532990051389,1.4486932472375103,-0.8179881717782641,0.964089650398358,0.44859184777592215,-1.8180033735807664,0.9643543106482168
41.403000000000006,2,0.42538604410050435,-1.8045788537595322,0.9844845062502245,0.5139268211223819,0.14060988315735834,-0.25280182185648065,4.395945607844604,1.1265646179649158,-2.391982792579823,1,0.6679727287983035,0,152,0.4520276810784521,-0.815874672964173,0.9635532990051389,1.4486932472375103,-0.8179881717782641,0.964089650398358,0.44859184777592215,-1.8180033735807664,0.9643543106482168
41.602000000000004,0,0.46204465977876996,-0.7831877746566422,0.9737594728201118,0.27086071038982357,0.17657845514614956,-0.08105196671849224,-2.4671205889497063,-2.1717110479202733,0.28021443859528244,2,0.4,0,194,0.4855626075784014,-0.8008198813551607,0.957707633640984,1.4823205834050475,-0.8025332428794926,0.9583027831586833,0.4822892887348206,-1.8025459606151075,0.9588451526902384
41.602000000000004,1,1.4879312221277092,-0.8024840579337935,0.9944791671508574,0.10290084159232907,0.15841851633912368,-0.06329643726987805,-1.4177193695933548,1.0442672341821877,-0.4282913315193386,3,0.4,0,195,0.4855626075784014,-0.8008198813551607,0.957707633640984,1.4823205834050475,-0.8025332428794926,0.9583027831586833,0.4822892887348206,-1.8025459606151075,0.9588451526902384
41.602000000000004,2,0.4528869513506038,-1.7840552392705806,0.9717955087861294,0.15458210669428205,0.11813269755722769,-0.08358987705531172,0.16468937562498165,0.15074328046950475,-0.19925699199069774,0,0.4,1,152,0.4855626075784014,-0.8008198813551607,0.957707633640984,1.4823205834050475,-0.8025332428794926,0.9583027831586833,0.4822892887348206,-1.8025459606151075,0.9588451526902384
41.802,0,0.5024765976606392,-0.7557962156617939,0.9950171149052631,0.2021596894093509,0.13695779497424468,0.10628821042575846,-0.3435051049023707,-0.19810330085952862,0.9367008857212735,1,0.4,0,195,0.5171866348119251,-0.7895420133169766,0.9515119512230003,1.5141651203658182,-0.7908058932393143,0.9520330093795424,0.5140971319647776,-1.7908626152204525,0.9526798985546682
41.802,1,1.5342571659017736,-0.7812583447235584,0.9658818067306569,0.2316297188703264,0.10612856605117797,-0.14298680210100556,0.6436443863900004,-0.26144975143973415,-0.39845182415564606,3,0.4,0,196,0.5171866348119251,-0.7895420133169766,0.9515119512230003,1.5141651203658182,-0.7908058932393143,0.9520330093795424,0.5140971319647776,-1.7908626152204525,0.9526798985546682
41.802,2,0.48709716020195903,-1.7574138341497458,0.9510923935352538,0.18751998181927768,0.148281353651128,-0.12344127545345042,0.16468937562498165,0.15074328046950475,-0.19925699199069774,0,0.5121415641662006,2,152,0.5171866348119251,-0.7895420133169766,0.9515119512230003,1.5141651203658182,-0.7908058932393143,0.9520330093795424,0.5140971319647776,-1.7908626152204525,0.9526798985546682
42.003,0,0.5428700141405564,-0.7661859101623141,0.9745395897927029,0.20096227104436334,-0.05169002239064756,-0.10187823439084613,-0.005957305298445487,-0.9385463550492127,-1.0356539543114631,3,0.4,0,196,0.5467779625391752,-0.7814896402858627,0.9453064452506125,1.5439421906090625,-0.7824685889090611,0.9458702933370992,0.5437804479663777,-1.782492534477167,0.9461844309735958
42.003,1,1.579031698722355,-0.7782672097377374,0.9425147094565371,0.22275886975413528,0.01488126858617375,-0.11625421529412744,-0.044133577692493056,-0.45396665405474623,0.13299794431282613,3,0.4,0,197,0.5467779625391752,-0.7814896402858627,0.9453064452506125,1.5439421906090625,-0.7824685889090611,0.9458702933370992,0.5437804479663777,-1.782492534477167,0.9461844309735958
42.003,2,0.5281154842799464,-1.724564192428745,0.922255606302402,0.22062254631989908,0.17858075302549853,-0.16349193084358077,0.16468937562498165,0.15074328046950475,-0.19925699199069774,0,0.8997466453528331,3,152,0.5467779625391752,-0.7814896402858627,0.9453064452506125,1.5439421906090625,-0.7824685889090611,0.9458702933370992,0.5437804479663777,-1.782492534477167,0.9461844309735958
42.203,0,0.6263222893739204,-0.7833994944393896,0.920369588460777,0.4172613761668142,-0.08606792138537644,-0.2708500066596262,1.081495525612239,-0.17188949497364198,-0.8448588613438883,1,0.4,0,197,0.5741635840468725,-0.7762904793463571,0.9388970761558865,1.571530959881667,-0.7769933024485457,0.9394767737904799,0.5713608633726625,-1.7770054974358254,0.9396731681862946
42.203,1,1.5839553144813698,-0.7866004871764138,0.9723519633408271,0.024618078795074144,-0.041666387193381414,0.14918626942144725,-0.9907039547952916,-0.2827382788977718,1.3272024235778546,2,0.4,0,198,0.5741635840468725,-0.7762904793463571,0.9388970761558865,1.571530959881667,-0.7769933024485457,0.9394767737904799,0.5713608633726625,-1.7770054974358254,0.9396731681862946
42.203,2,0.5755337810564266,-1.6858331762142544,0.8855720802938714,0.2535604214448959,0.2087294091193999,-0.20334332924172088,0.16468937562498165,0.15074328046950475,-0.19925699199069774,0,1.3935372533462695,4,152,0.5741635840468725,-0.7762904793463571,0.9388970761558865,1.571530959881667,-0.7769933024485457,0.9394767737904799,0.5713608633726625,-1.7770054974358254,0.9396731681862946
42.402,0,0.613275510585764,-0.8272900982113076,0.9356556364749958,-0.06556170245304771,-0.22055579784883633,0.07681431162924145,-2.4262466262304856,-0.6758184746907597,1.7470568758234726,1,0.4,0,198,0.5993977004975625,-0.7735450787913913,0.9325755958700002,1.596966089642007,-0.7740082313822574,0.9331484669694441,0.5968097653590132,-1.7740041887795468,0.9333235765918918
42.402,1,1.6087718380846068,-0.805829945735689,0.9373791316512935,0.12470614875998583,-0.09663044502148414,-0.17574287281172823,0.5029551254518224,-0.27620129561860934,-1.6328097599657219,3,0.4,0,199,0.5993977004975625,-0.7735450787913913,0.9325755958700002,1.596966089642007,-0.7740082313822574,0.9331484669694441,0.5968097653590132,-1.7740041887795468,0.9333235765918918
42.402,2,0.6292532369060228,-1.6413112314745577,0.8411613697048574,0.2863336071942669,0.23872732193283105,-0.24299547064786936,0.16468937562498165,0.15074328046950475,-0.19925699199069774,0,2.0043893324863826,5,152,0.5993977004975625,-0.7735450787913913,0.9325755958700002,1.596966089642007,-0.7740082313822574,0.9331484669694441,0.5968097653590132,-1.7740041887795468,0.9333235765918918
42.602000000000004,0,0.6057180224896841,-0.7474312736459607,0.9350754805729948,-0.03778744048039936,0.3992941228267287,-0.002900779510005239,0.13887130986323978,3.099249603377781,-0.39857545569622777,1,0.4,0,199,0.6224576982557155,-0.7728894140479803,0.926413633367565,1.6202274745457081,-0.7731461422575318,0.9269712928692173,0.6201214646195741,-1.7731513695211396,0.9273936246535022
42.602000000000004,1,1.6308260210224261,-0.7562964959761098,0.9308837409100035,0.11027091468909521,0.2476672487978924,-0.03247695370644935,-0.07217617035445206,1.7214884690968582,0.7163295955263843,2,0.4,0,200,0.6224576982557155,-0.7728894140479803,0.926413633367565,1.6202274745457081,-0.7731461422575318,0.9269712928692173,0.6201214646195741,-1.7731513695211396,0.9273936246535022
42.602000000000004,2,0.6898137458573766,-1.5905509014786006,0.7885771357354688,0.3192714823192637,0.2688759780267324,-0.2828468690460095,0.16468937562498165,0.15074328046950475,-0.19925699199069774,0,2.5,6,152,0.6224576982557155,-0.7728894140479803,0.926413633367565,1.6202274745457081,-0.7731461422575318,0.9269712928692173,0.6201214646195741,-1.7731513695211396,0.9273936246535022
42.802,0,0.6521342583284007,-0.7181413570088795,0.9184099619787458,0.2320811791935876,0.14644958318540935,-0.08332759297124664,1.3493430983699635,-1.2642226982066238,-0.4021340673062156,3,0.4,0,200,0.6434235999051885,-0.7740022219764066,0.9207868071091823,1.6413870259294896,-0.7740859080991245,0.9213267214418608,0.6412337173656965,-1.7740797445175436,0.9216235419078841
42.802,1,1.6248067130410682,-0.7545249790762103,0.916414218071274,-0.030096539906790485,0.008857584499497773,-0.07234761419364898,-0.7018372729794435,-1.1940483214919986,-0.19935330243600236,2,0.4,0,201,0.6434235999051885,-0.7740022219764066,0.9207868071091823,1.6413870259294896,-0.7740859080991245,0.9213267214418608,0.6412337173656965,-1.7740797445175436,0.9216235419078841
42.802,2,0.6332263302991212,-1.8196780996437076,0.9404014343766836,-0.26776679627166194,-1.1556058624410206,0.7503928900578024,-2.9351913929546907,-7.122409202338917,5.166198795519169,1,2.5,0,153,0.6434235999051885,-0.7740022219764066,0.9207868071091823,1.6413870259294896,-0.7740859080991245,0.9213267214418608,0.6412337173656965,-1.7740797445175436,0.9216235419078841
43.002,0,0.639082395500012,-0.7703882661565715,0.9596588344925654,-0.06525931414194182,-0.26123454573845645,0.20624436256909529,-1.486702466677626,-2.0384206446193,1.447859777701689,3,0.4,0,201,0.6627811883919329,-0.7759721209801057,0.9190705371287892,1.660148585185854,-0.7775771265222573,0.9179642927622079,0.6599538814594045,-1.7775552199887867,0.9179217108785553
43.002,1,1.6128824536102424,-0.7400013968832977,0.9016460601018076,-0.08849177324395768,0.07392260049410675,-0.07683053135485293,-0.28870476089828995,0.013046895295449668,-0.029897415075218224,0,0.4,1,201,0.6627811883919329,-0.7759721209801057,0.9190705371287892,1.660148585185854,-0.7775771265222573,0.9179642927622079,0.6599538814594045,-1.7775552199887867,0.9179217108785553
43.002,2,0.6854713724491482,-1.8179361617657572,0.9208447968588145,0.2612252107501316,0.008709689389751906,-0.09778318758934451,2.6449600351089297,5.821577759153779,-4.2408803882356745,1,0.4,0,154,0.6627811883919329,-0.7759721209801057,0.9190705371287892,1.660148585185854,-0.7775771265222573,0.9179642927622079,0.6599538814594045,-1.7775552199887867,0.9179217108785553
43.202000000000005,0,0.6583511081549561,-0.7904754113755437,0.9618422301988317,0.09634356327471895,-0.1004357260948593,0.010916978531331346,0.8080143870832923,0.8039940982179744,-0.9766369201888059,1,0.4,0,202,0.6985008996161854,-0.7493937869128007,0.9271261715466923,1.6951457572527049,-0.7520995341513769,0.9271396958848104,0.6949656402095385,-1.7520729061132,0.9270613156323714
43.202000000000005,1,1.681855133907212,-0.7330837196437332,0.9252146674830892,0.3303497630997773,0.03591135776681524,0.10176831421397187,2.094207681718645,-0.19005621363645483,0.8929942278441113,1,0.4,0,202,0.6985008996161854,-0.7493937869128007,0.9271261715466923,1.6951457572527049,-0.7520995341513769,0.9271396958848104,0.6949656402095385,-1.7520729061132,0.9270613156323714
43.202000000000005,2,0.7284177296534708,-1.7844989496307857,0.9106506491739749,0.21473178602160983,0.16718606067485525,-0.05097073842419708,-0.23246712364260558,0.7923818564255054,0.23406224582573382,2,0.4,0,155,0.6985008996161854,-0.7493937869128007,0.9271261715466923,1.6951457572527049,-0.7520995341513769,0.9271396958848104,0.6949656402095385,-1.7520729061132,0.9270613156323714
43.400000000000006,0,0.7441355050315763,-0.7106450021809296,0.940009591616597,0.43325452967989886,0.4031838848212822,-0.11026585142542766,1.7015705373998953,2.543533388465356,-0.6120344947311049,1,0.4,0,203,0.7307790006234257,-0.7278958223173955,0.9254191912482296,1.7276177274260363,-0.7300395069058717,0.9257307213776054,0.7274639508052003,-1.729979097530123,0.9256858778091581
43.400000000000006,1,1.7267590188760316,-0.6815376494825394,0.921074008476827,0.22678729782232013,0.26033368768279663,-0.020912419223546724,-0.5230427539265504,1.1334461106867724,-0.6195996638258502,2,0.4,0,203,0.7307790006234257,-0.7278958223173955,0.9254191912482296,1.7276177274260363,-0.7300395069058717,0.9257307213776054,0.7274639508052003,-1.729979097530123,0.9256858778091581
43.400000000000006,2,0.8184806136835674,-1.736213446202341,0.9214322075971086,0.4548630506570525,0.243866178931538,0.05445231526835257,1.2127841648254656,0.3872733245287,0.5324396651138861,1,0.4,0,156,0.7307790006234257,-0.7278958223173955,0.9254191912482296,1.7276177274260363,-0.7300395069058717,0.9257307213776054,0.7274639508052003,-1.729979097530123,0.9256858778091581
43.602000000000004,0,0.7723214004104079,-0.7156151023500148,0.9488716316141166,0.13953413553877153,-0.02460445628260006,0.043871485136235816,-1.4540613571343068,-2.117764064870723,0.7630561215924003,2,0.4,0,204,0.7614336038317379,-0.7109383276853738,0.922099570026681,1.758461632696145,-0.7126605896856228,0.922524952890188,0.7582506865286499,-1.7125915484392984,0.9222229861456329
43.602000000000004,1,1.76213692831516,-0.6485290300992967,0.924224825367425,0.1751381655402414,0.1634090068477372,0.015598103418802871,-0.2556887736736594,-0.47982515264881337,0.1807451615957917,1,0.4,0,204,0.7614336038317379,-0.7109383276853738,0.922099570026681,1.758461632696145,-0.7126605896856228,0.922524952890188,0.7582506865286499,-1.7125915484392984,0.9222229861456329
43.602000000000004,2,0.7779254683593659,-1.660722962080615,0.9033389775240974,-0.20076804615941496,0.3737152679293405,-0.08957044590599697,-3.2456984990914526,0.6428172722663549,-0.7129839662096575,1,0.4,0,157,0.7614336038317379,-0.7109383276853738,0.922099570026681,1.758461632696145,-0.7126605896856228,0.922524952890188,0.7582506865286499,-1.7125915484392984,0.9222229861456329
43.802,0,0.8176284735914063,-0.7023937056022129,0.9507127595087417,0.2292388937815621,0.05991107083742578,0.012935758285813101,0.027035278765646154,-0.0619591290158531,0.03730118812687355,0,0.4,1,204,0.7901331989107545,-0.697879372235527,0.918115573062792,1.7873491718958225,-0.6992361982511859,0.9185867101156876,0.7871758737530566,-1.6991421882544466,0.91820602473399
43.802,1,1.7951623242054568,-0.6740871526003147,0.921960519469234,0.16512697945148777,-0.12779061250509255,-0.011321529490955459,-0.05005593044376917,-1.45599809676418,-0.13459816454879453,3,0.4,0,205,0.7901331989107545,-0.697879372235527,0.918115573062792,1.7873491718958225,-0.6992361982511859,0.9185867101156876,0.7871758737530566,-1.6991421882544466,0.91820602473399
43.802,2,0.7304094991098844,-1.5668249884421717,0.8897195369939831,-0.33310648202183213,0.5228253451298418,-0.07668955629900788,-0.955266357744212,0.5333547693761527,-0.08592353648434642,0,0.4,1,157,0.7901331989107545,-0.697879372235527,0.918115573062792,1.7873491718958225,-0.6992361982511859,0.9185867101156876,0.7871758737530566,-1.6991421882544466,0.91820602473399
44.003,0,0.8683202348631403,-0.6884961640385825,0.8725911187932043,0.21179845911656972,0.10269062202605017,-0.3839923441546341,-0.08676833166662849,0.2128335880031059,-1.9747666788081901,1,0.4,0,205,0.8168335423589614,-0.6881929638585822,0.9137760417184889,1.8142428262333905,-0.6892324803034403,0.9142768017066539,0.8141261235154672,-1.6891185860771625,0.9139480773798533
44.003,1,1.814139391098421,-0.7052669313723605,0.9342789782314801,0.09441326812419916,-0.1551232774728643,0.06128586448878629,-0.35180950909098724,-0.13598340779985915,0.3612308158196098,3,0.4,0,206,0.8168335423589614,-0.6881929638585822,0.9137760417184889,1.8142428262333905,-0.6892324803034403,0.9142768017066539,0.8141261235154672,-1.6891185860771625,0.9139480773798533
44.003,2,0.6441582381638838,-1.4509630610522901,0.8725692377791304,-0.5251150199284192,0.6300296537744488,-0.09396018713236155,-0.955266357744212,0.5333547693761527,-0.08592353648434642,0,0.4,2,157,0.8168335423589614,-0.6881929638585822,0.9137760417184889,1.8142428262333905,-0.6892324803034403,0.9142768017066539,0.8141261235154672,-1.6891185860771625,0.9139480773798533
44.202000000000005,0,0.8504105800901904,-0.6958010849093643,0.9118833637579349,-0.08999826519070052,-0.03670814507930471,0.19744846715944486,-1.5165664538053385,-0.7004963171123179,2.9218131221812254,2,0.4,0,206,0.8414032383797343,-0.6813797248450539,0.9087885465062439,1.8390058500867537,-0.6821464406322163,0.909305537161396,0.8389606391457057,-1.6820205762000007,0.9091523203595286
44.202000000000005,1,1.8385081137886654,-0.6866125761594675,0.9343782534319506,0.12245589291579824,0.09374047845674655,0.0004988703541230188,0.14091771252059473,1.250571637837208,-0.3054622820837271,3,0.4,0,207,0.8414032383797343,-0.6813797248450539,0.9087885465062439,1.8390058500867537,-0.6821464406322163,0.909305537161396,0.8389606391457057,-1.6820205762000007,0.9091523203595286
44.202000000000005,2,0.8304932044119755,-1.7261301481610065,0.9081342732545974,0.6436350726950195,-1.5734520609504188,0.28651149815298477,5.873116043333711,-11.072772435803067,1.9119180165092282,1,0.6660772508430274,0,158,0.8414032383797343,-0.6813797248450539,0.9087885465062439,1.8390058500867537,-0.6821464406322163,0.909305537161396,0.8389606391457057,-1.6820205762000007,0.9091523203595286
44.402,0,0.8458662600562933,-0.6603388764097184,0.9301136627024372,-0.022721600169486253,0.17731104249823315,0.09115149472251394,0.3363833251060785,1.070095937887712,-0.531484862184666,2,0.4,0,207,0.8639882310103871,-0.6769899933594363,0.9036272382498116,1.8617831463486787,-0.6775222311566244,0.9041498450178839,0.8617711919168445,-1.6774115994421759,0.904144018149717
44.402,1,1.8534419044809491,-0.6302689183756209,0.9170540964156744,0.07466895346142026,0.28171828891923867,-0.08662078508138317,-0.238934697271895,0.9398890523124807,-0.43559827717754024,1,0.4,0,208,0.8639882310103871,-0.6769899933594363,0.9036272382498116,1.8617831463486787,-0.6775222311566244,0.9041498450178839,0.8617711919168445,-1.6774115994421759,0.904144018149717
44.402,2,0.8462078915924731,-1.6964220533016894,0.9292762806462581,0.07857343590248979,0.14854047429658884,0.10571003695830614,-2.8253081839627088,8.609962676235222,-0.9040073059734124,1,0.4,0,159,0.8639882310103871,-0.6769899933594363,0.9036272382498116,1.8617831463486787,-0.6775222311566244,0.9041498450178839,0.8617711919168445,-1.6774115994421759,0.904144018149717
44.601000000000006,0,0.873106388106394,-0.6555544637706325,0.9348253449091831,0.1368850655783918,0.024042274568270284,0.023676795008772716,0.8020435464717283,-0.7701948137183863,-0.33906884278261035,2,0.4,0,208,0.8846135198995015,-0.6746812065978052,0.8986993858946886,1.8826038983722515,-0.6750087770947185,0.8992149054590063,0.8825750530680899,-1.6748995660773929,0.8990922546929778
44.601000000000006,1,1.8647478591698896,-0.5623317539147474,0.897040489228466,0.04498763663795784,0.40118535098608415,-0.12040585074212061,-0.11885634190987646,0.600930299000449,-0.19934633521749862,0,0.4,1,208,0.8846135198995015,-0.6746812065978052,0.8986993858946886,1.8826038983722515,-0.6750087770947185,0.8992149054590063,0.8825750530680899,-1.6748995660773929,0.8990922546929778
44.601000000000006,2,0.864570521598633,-1.6710973244026648,0.9576692360191741,0.10122416171630379,0.1370025303891494,0.1642763455472832,0.08994612132951448,0.09791543892411314,0.21706711401196901,0,0.4,1,159,0.8846135198995015,-0.6746812065978052,0.8986993858946886,1.8826038983722515,-0.6750087770947185,0.8992149054590063,0.8825750530680899,-1.6748995660773929,0.8990922546929778
44.802,0,0.9075385037267276,-0.6527223393459693,0.926336340672208,0.17130405781261088,0.014090171266981482,-0.04223385192525078,0.17123876733442886,-0.049512951747707104,-0.32791366633843616,3,0.4,0,209,0.9067216843491266,-0.6675400529477522,0.9026722952967544,1.9035174253088212,-0.6707704720581097,0.9009089788763264,0.9035122867924509,-1.6706635727603807,0.9008013142381619
44.802,1,1.914306132345336,-0.6351375632854457,0.8895812299281086,0.25264458937859874,-0.20281800924588228,-0.07671058791981625,1.0331191678639189,-3.00499184195018,0.2173893672751532,2,0.4,0,209,0.9067216843491266,-0.6675400529477522,0.9026722952967544,1.9035174253088212,-0.6707704720581097,0.9009089788763264,0.9035122867924509,-1.6706635727603807,0.9008013142381619
44.802,2,0.8963806846773071,-1.646489586964464,0.9186076521779325,0.14329794311460903,0.4438315475221523,-0.18947698425366702,0.20932229551396328,1.5265125230498158,-1.7599668149301582,3,0.4,0,160,0.9067216843491266,-0.6675400529477522,0.9026722952967544,1.9035174253088212,-0.6707704720581097,0.9009089788763264,0.9035122867924509,-1.6706635727603807,0.9008013142381619
45.003,0,0.9581256055800476,-0.6166024996245447,0.9269726735975374,0.25167712364835754,0.17970069513146536,0.003165835449400198,0.3998659991828182,0.823932954549669,0.22586909141617345,1,0.4,0,210,0.9382354180448021,-0.6353172462227287,0.9110893379248758,1.9353578117006658,-0.6382678267711825,0.9110430360706705,0.9352832563223307,-1.6381815185111985,0.9105997236681856
45.003,1,1.9472818703870707,-0.5924781855469745,0.9081051906998596,0.1640583982175846,0.21223571014164708,0.09215900881468109,-0.44072731920902436,2.064943877549892,0.840147247435308,1,0.4,0,210,0.9382354180448021,-0.6353172462227287,0.9110893379248758,1.9353578117006658,-0.6382678267711825,0.9110430360706705,0.9352832563223307,-1.6381815185111985,0.9105997236681856
45.003,2,0.9583779081506748,-1.6632168004598529,0.8845055424982335,0.3084438978774503,-0.08321996763875034,-0.16966223721243245,0.8216216654867704,-2.622146841596524,0.09858083105091799,1,0.4,0,161,0.9382354180448021,-0.6353172462227287,0.9110893379248758,1.9353578117006658,-0.6382678267711825,0.9110430360706705,0.9352832563223307,-1.6381815185111985,0.9105997236681856
45.202000000000005,0,0.9896798704012915,-0.6023070441050988,0.9173056588953479,0.15856414483036727,0.07183645989671114,-0.04857796332758473,-0.4679044161707932,-0.5420313328379468,-0.2600190893315758,3,0.4,0,211,0.9667788628622603,-0.6106085373874666,0.9129782627965002,1.964038519476599,-0.6129930848703856,0.9134859789768841,0.9639703731394028,-1.6129068492573182,0.9128193002563559
45.202000000000005,1,1.9817619090492145,-0.6189600618319022,0.9273669821355572,0.17326652594041647,-0.1330747552006383,0.09679292178742326,0.046271998607194074,-1.7352284690566653,0.02328599483789974,2,0.4,0,211,0.9667788628622603,-0.6106085373874666,0.9129782627965002,1.964038519476599,-0.6129930848703856,0.9134859789768841,0.9639703731394028,-1.6129068492573182,0.9128193002563559
45.202000000000005,2,1.0319838725928863,-1.630206076792395,0.8981086626591589,0.3698792183025611,0.16588303350480946,0.06835738774334198,0.30872020314125226,1.2517738750932328,1.1960785173656696,1,0.4,0,162,0.9667788628622603,-0.6106085373874666,0.9129782627965002,1.964038519476599,-0.6129930848703856,0.9134859789768841,0.9639703731394028,-1.6129068492573182,0.9128193002563559
45.403000000000006,0,1.0063379811410162,-0.600130278532689,0.9260694070520954,0.08287617283445119,0.010829679464725678,0.04360073709824625,-0.3765570746065467,-0.30351632055714084,0.45860049963099875,3,0.4,0,212,0.9937282924062191,-0.5908636423937442,0.9125719953270385,1.991113319698621,-0.5928142058057144,0.9132323829951833,0.9911107216803372,-1.5926941329642688,0.9126223719634795
45.403000000000006,1,1.9748458023325828,-0.567779034573817,0.9143375360694413,-0.03440849112752069,0.25463197640838375,-0.06482311475679559,-1.0332090401389882,1.9288892119851793,-0.8040598833045693,1,0.4,0,212,0.9937282924062191,-0.5908636423937442,0.9125719953270385,1.991113319698621,-0.5928142058057144,0.9132323829951833,0.9911107216803372,-1.5926941329642688,0.9126223719634795
45.403000000000006,2,1.0182986975366353,-1.5575170059309968,0.9374363873107866,-0.06808544804105067,0.36163716846466615,0.19566032164988859,-2.17892868827667,0.9739011689545084,0.6333479298833149,1,0.4,0,163,0.9937282924062191,-0.5908636423937442,0.9125719953270385,1.991113319698621,-0.5928142058057144,0.9132323829951833,0.9911107216803372,-1.5926941329642688,0.9126223719634795
45.602000000000004,0,1.021671033071438,-0.5990310941359049,0.9327075658744255,0.058824065754391835,-0.009666057844828345,0.042097602179392235,-0.18318036641993823,-0.1526592716297558,0.087839398569167,0,0.4,1,212,1.0189466287298217,-0.575344070272586,0.9109433576235906,2.0164501162110122,-0.5769232207880076,0.9115635367800915,1.0165133480969402,-1.5767876769254157,0.9111283024298119
45.602000000000004,1,2.040221013867659,-0.5323586251898718,0.9011533231145938,0.32851865093003263,0.1779920069545002,-0.06625232640626952,1.8237544827012908,-0.38512547464263464,-0.007181968087808776,1,0.4,0,213,1.0189466287298217,-0.575344070272586,0.9109433576235906,2.0164501162110122,-0.5769232207880076,0.9115635367800915,1.0165133480969402,-1.5767876769254157,0.9111283024298119
45.602000000000004,2,1.0003179534690443,-1.468719531782606,0.9897764193654867,-0.15707714541413084,0.5121114294236073,0.31359095950183374,-0.670569322482823,0.6622408680036562,0.5082987240809314,0,0.4,1,163,1.0189466287298217,-0.575344070272586,0.9109433576235906,2.0164501162110122,-0.5769232207880076,0.9115635367800915,1.0165133480969402,-1.5767876769254157,0.9111283024298119
45.802,0,1.0297722388939174,-0.6040174911374656,0.9428838742816872,0.02218799247040497,-0.04019791217077885,0.059665481893225264,-0.18318036641993823,-0.1526592716297558,0.087839398569167,0,0.4,2,212,1.0423622660264094,-0.5633563966158834,0.9082687204533861,2.0399684980968615,-0.5646058191026758,0.9086273314605599,1.0401113406299451,-1.5644744579501324,0.9085507319837174
45.802,1,2.109066203499805,-0.48881903039506636,0.8815090387943402,0.38818756862397524,0.2384721941601134,-0.11816321148150799,0.4396162046323684,0.2077422018608241,-0.19941789880238125,0,0.4,1,213,1.0423622660264094,-0.5633563966158834,0.9082687204533861,2.0399684980968615,-0.5646058191026758,0.9086273314605599,1.0401113406299451,-1.5644744579501324,0.9085507319837174
45.802,2,0.9554911379365629,-1.353052428537814,1.0626605857474702,-0.2911910099106926,0.6445596030243357,0.41525070431801786,-0.670569322482823,0.6622408680036562,0.5082987240809314,0,0.4,2,163,1.0423622660264094,-0.5633563966158834,0.9082687204533861,2.0399684980968615,-0.5646058191026758,0.9086273314605599,1.0401113406299451,-1.5644744579501324,0.9085507319837174
46.001000000000005,0,1.048191404887211,-0.5559790870667407,0.9384734975503424,0.04029681482931098,0.19978281788837476,0.006800693028531643,0.09099910733118363,1.2059333168801376,-0.2656522053502123,3,0.6546587296091964,0,213,1.0639798008487273,-0.5543625515363044,0.9048443783718256,2.0617723300774604,-0.5553105383752803,0.9051888425346,1.0619065056615373,-1.5552071862163874,0.9051926107911559
46.001000000000005,1,2.195020150315802,-0.43724966428925716,0.8540459856042828,0.4756711933458188,0.27981289233041845,-0.15784737334318288,0.4396162046323684,0.2077422018608241,-0.19941789880238125,0,0.4,2,213,1.0639798008487273,-0.5543625515363044,0.9048443783718256,2.0617723300774604,-0.5553105383752803,0.9051888425346,1.0619065056615373,-1.5552071862163874,0.9051926107911559
46.001000000000005,2,0.8842665190945117,-1.2116723672290606,1.155360044792923,-0.42463430508477784,0.7763455357570667,0.5164021504101258,-0.670569322482823,0.6622408680036562,0.5082987240809314,0,0.6684460248028177,3,163,1.0639798008487273,-0.5543625515363044,0.9048443783718256,2.0617723300774604,-0.5553105383752803,0.9051888425346,1.0619065056615373,-1.5552071862163874,0.9051926107911559
46.201,0,1.07109295914575,-0.5382254013317387,0.9186471527041847,0.11450777129269862,0.088768428675012,-0.09913172423079031,0.3710547823169461,-0.5550719460668256,-0.529662086296621,3,0.4,0,214,1.083517233753211,-0.5492508130625707,0.9009026001752446,2.0817105994266494,-0.5488090498133308,0.901102918674095,1.081833323165615,-1.5487285804279518,0.9011144698398378
46.201,1,2.106934670705247,-0.5444269529073726,0.9198262840850133,-0.31387556912553133,-0.5573854795015561,0.2892851020951135,-3.9477338123568346,-4.185991859159962,2.2356623771915296,2,0.6712305660047295,0,214,1.083517233753211,-0.5492508130625707,0.9009026001752446,2.0817105994266494,-0.5488090498133308,0.901102918674095,1.081833323165615,-1.5487285804279518,0.9011144698398378
46.201,2,0.785928271627902,-1.0431584427175777,1.268806449356564,-0.5587481695813395,0.9087937093577951,0.6180618952263099,-0.670569322482823,0.6622408680036562,0.5082987240809314,0,1.0629111118932464,4,163,1.083517233753211,-0.5492508130625707,0.9009026001752446,2.0817105994266494,-0.5488090498133308,0.901102918674095,1.081833323165615,-1.5487285804279518,0.9011144698398378
46.402,0,1.1080550945799472,-0.46487223389561283,0.9299587147149172,0.18389122106565634,0.3649411315230133,0.05627642791409174,0.3451912924027738,1.3739935465074655,0.7731748862929435,2,0.4,0,215,1.1083157588206982,-0.5281947009487029,0.9130945188789453,2.1054300855338606,-0.5323617829550364,0.9113231478788169,1.1055375833003702,-1.5323109195113378,0.9113195135630091
46.402,1,2.1030314333720668,-0.5445919303407671,0.9543869195033602,-0.019419091209852843,-0.0008207832507188912,0.17194345979276976,1.464957601570536,2.768978588312616,-0.5837892651857882,2,0.4,0,215,1.1083157588206982,-0.5281947009487029,0.9130945188789453,2.1054300855338606,-0.5323617829550364,0.9113231478788169,1.1055375833003702,-1.5323109195113378,0.9113195135630091
46.402,2,0.6600740539432381,-0.8471133104825523,1.4033047786728496,-0.6935326034003872,1.0419041238265303,0.7202299387665774,-0.670569322482823,0.6622408680036562,0.5082987240809314,0,1.5745951334236912,5,163,1.1083157588206982,-0.5281947009487029,0.9130945188789453,2.1054300855338606,-0.5323617829550364,0.9113231478788169,1.1055375833003702,-1.5323109195113378,0.9113195135630091
46.602000000000004,0,1.1231405471150522,-0.49846009321947005,0.9462678120897019,0.07542726267552373,-0.1679392966192837,0.08154548687392205,-0.5423197919506553,-2.664402140711447,0.12634529479914974,2,0.4,0,216,1.1323495939213808,-0.49259479598092737,0.9226050259100083,2.129965768716579,-0.4957701390084467,0.9219466942097156,1.1300654418024603,-1.495733174637324,0.9219417699690815
46.602000000000004,1,2.08826168275284,-0.5521934283164307,0.9984474770048253,-0.10713345470969746,-0.05012247087653869,0.2510611290101305,-0.33284701613566264,-0.12114980998222197,0.30758341502807596,0,0.4,1,215,1.1323495939213808,-0.49259479598092737,0.9226050259100083,2.129965768716579,-0.4957701390084467,0.9219466942097156,1.1300654418024603,-1.495733174637324,0.9219417699690815
46.602000000000004,2,1.1187686649594233,-1.4704818115144471,0.9229948197597072,2.2973284523736717,-3.0985566119098267,-2.4120846359104204,14.954305278870082,-20.702303678681492,-15.661572873384765,1,2.2087583886400988,0,164,1.1323495939213808,-0.49259479598092737,0.9226050259100083,2.129965768716579,-0.4957701390084467,0.9219466942097156,1.1300654418024603,-1.495733174637324,0.9219417699690815
46.802,0,1.138042017161804,-0.4753550234052746,0.9282165857482855,0.07450735023376001,0.11552534907097979,-0.09025613170708378,-0.004599562208818687,1.4173232284513475,-0.8590080929050475,3,0.4,0,217,1.1552739597404764,-0.4647711404763913,0.9273479105034689,2.1529581643180706,-0.46737285883678553,0.9270495867603091,1.1530492800298777,-1.4673337368978578,0.9270381380923247
46.802,1,2.144866084699201,-0.47647856546054634,0.9281903887584232,0.2741315083907972,0.4914944756628619,-0.3479732550893871,1.9063248155025139,2.7080847326970607,-2.995171920497652,2,0.4122095333133326,0,216,1.1552739597404764,-0.4647711404763913,0.9273479105034689,2.1529581643180706,-0.46737285883678553,0.9270495867603091,1.1530492800298777,-1.4673337368978578,0.9270381380923247
46.802,2,1.191632025698178,-1.43909885247125,0.9255732485004611,0.3643168036937805,0.15691479521598886,0.01289214370376934,-9.665058243399661,16.277357035629425,12.124883898071207,1,0.4,0,165,1.1552739597404764,-0.4647711404763913,0.9273479105034689,2.1529581643180706,-0.46737285883678553,0.9270495867603091,1.1530492800298777,-1.4673337368978578,0.9270381380923247
47.003,0,1.1944893757956865,-0.4125382308065184,0.9038731335268313,0.28083263001931524,0.31252135621271643,-0.12111170259429907,1.0264939292813666,0.9800796375210754,-0.1535103029214687,1,0.4,0,218,1.1772940697585212,-0.44231735719108334,0.929743053673604,2.175040007578708,-0.4444355438410873,0.9293447984655007,1.1751887151351252,-1.4443944861886904,0.9296698041269278
47.003,1,2.1605292500208355,-0.40963399156821456,0.9121109222463737,0.07792619563002373,0.33256006911607766,-0.07999734583109211,-0.9761458346307113,-0.790718440531263,1.3332134788969865,1,0.4,0,217,1.1772940697585212,-0.44231735719108334,0.929743053673604,2.175040007578708,-0.4444355438410873,0.9293447984655007,1.1751887151351252,-1.4443944861886904,0.9296698041269278
47.003,2,1.1871946902341173,-1.4466105104100522,0.934043598765475,-0.02207629584109778,-0.037371432531353894,0.04214104609459704,-1.9223537290292403,-0.9665981479967276,0.14551692731755037,1,0.4,0,166,1.1772940697585212,-0.44231735719108334,0.929743053673604,2.175040007578708,-0.4444355438410873,0.9293447984655007,1.1751887151351252,-1.4443944861886904,0.9296698041269278
47.201,0,1.2506832051406644,-0.43140120651504454,0.9204501058771168,0.2838072189140301,-0.09526755408346511,0.08372208257719928,0.015023176235933597,-2.0595399509908114,1.0345140665227168,2,0.4,0,219,1.1980338489806197,-0.4243501505283618,0.9300033424612936,2.1959420723964667,-0.42603046765225466,0.9297183847642649,1.1960519425141642,-1.4260272621319454,0.9300973225947669
47.201,1,2.186979362959889,-0.42325176332775394,0.9252795986950133,0.1335864289851152,-0.06877662504817852,0.06650846691232144,0.28111228967217855,-2.0269530008295726,0.739928347188956,1,0.4,0,218,1.1980338489806197,-0.4243501505283618,0.9300033424612936,2.1959420723964667,-0.42603046765225466,0.9297183847642649,1.1960519425141642,-1.4260272621319454,0.9300973225947669
47.201,2,1.1859941689293652,-1.4550923112829128,0.9452164367365339,-0.0471196215901262,-0.067212566966886,0.06653758625569746,-0.41471093613370263,-0.2462140284962126,0.10211223893323518,0,0.4,1,166,1.1980338489806197,-0.4243501505283618,0.9300033424612936,2.1959420723964667,-0.42603046765225466,0.9297183847642649,1.1960519425141642,-1.4260272621319454,0.9300973225947669
47.402,0,1.2700602508190704,-0.42390932674789616,0.9195454881822864,0.09640321233037803,0.03727303366740478,-0.004500585546419948,-0.9323582417097095,0.6594059092083063,-0.43891874688367666,1,0.4,0,220,1.2174734145718724,-0.41008870552695775,0.9286479240056975,2.215532807539192,-0.41140922753995574,0.9284383863343765,1.2156176845543687,-1.4114333906170011,0.9288550869446218
47.402,1,2.2498490777434803,-0.40322610048562657,0.9348852430790267,0.3127846506646357,0.09963016339366824,0.047789275542355104,0.8915334411916419,0.8378447186161508,-0.09313030532321538,1,0.4,0,219,1.2174734145718724,-0.41008870552695775,0.9286479240056975,2.215532807539192,-0.41140922753995574,0.9284383863343765,1.2156176845543687,-1.4114333906170011,0.9288550869446218
47.402,2,1.168145756724381,-1.4735756837258949,0.9606532098564999,-0.13047651975300062,-0.11670158669462485,0.08706214628127779,-0.41471093613370263,-0.2462140284962126,0.10211223893323518,0,0.4,2,166,1.2174734145718724,-0.41008870552695775,0.9286479240056975,2.215532807539192,-0.41140922753995574,0.9284383863343765,1.2156176845543687,-1.4114333906170011,0.9288550869446218
47.602000000000004,0,1.2883404918064156,-0.4261418148580862,0.9237860042092934,0.06673816112979986,-0.025590812725338977,0.027109541314864233,-0.24663043806924673,-0.14428372174388351,0.059069611798298755,0,0.4,1,220,1.2357002530177494,-0.40131181035133423,0.9266259942716966,2.2337085150968568,-0.40123789043319813,0.9262087670020476,1.2337721941397624,-1.4012812308907912,0.9266945225256186
47.602000000000004,1,2.2580113600511296,-0.39351223728931783,0.9285498975321238,0.04081141153824461,0.048569315981542995,-0.03167672773451435,-1.3598661956319358,-0.2553042370606226,-0.3973300163843416,1,0.4,0,220,1.2357002530177494,-0.40131181035133423,0.9266259942716966,2.2337085150968568,-0.40123789043319813,0.9262087670020476,1.2337721941397624,-1.4012812308907912,0.9266945225256186
47.602000000000004,2,1.133756234051106,-1.501840281634745,0.9801078838914206,-0.21341870697974233,-0.16594439239386807,0.10748459406792511,-0.41471093613370263,-0.2462140284962126,0.10211223893323518,0,0.6887264412747163,3,166,1.2357002530177494,-0.40131181035133423,0.9266259942716966,2.2337085150968568,-0.40123789043319813,0.9262087670020476,1.2337721941397624,-1.4012812308907912,0.9266945225256186
47.803000000000004,0,1.2822785908947583,-0.379530360597375,0.9440127822419586,-0.10280497864312925,0.21730669576246978,0.13325464712222612,-0.8434982078255159,1.208445315859742,0.528085103519212,2,0.4,0,221,1.2557094504438717,-0.3692830044587807,0.9438903993849239,2.2541348138941877,-0.3739799623276235,0.9417590039322049,1.2541546473206426,-1.37405685201969,0.9421754393695341
47.803000000000004,1,2.3058446500349503,-0.36705921623506366,0.9075756162021583,0.2379765670836847,0.13160706992166224,-0.10434965835803668,0.9809211718678587,0.4131231539309405,-0.36155686877374205,1,0.4,0,221,1.2557094504438717,-0.3692830044587807,0.9438903993849239,2.2541348138941877,-0.3739799623276235,0.9417590039322049,1.2541546473206426,-1.37405685201969,0.9421754393695341
47.803000000000004,2,1.233511670317395,-1.4324404084595734,0.9479241171311239,0.17145532487369414,0.5594482915371511,0.045249092946793704,1.9147961783753011,3.6089188255274496,-0.30962935881159825,1,1.0995495675499318,0,167,1.2557094504438717,-0.3692830044587807,0.9438903993849239,2.2541348138941877,-0.3739799623276235,0.9417590039322049,1.2541546473206426,-1.37405685201969,0.9421754393695341
48.002,0,1.2541966026444793,-0.340278604041089,0.9740300499641081,-0.14111551884562432,0.19724500782053453,0.15084054131733574,-0.19251527739947458,-0.10081250222078111,0.088371327613617,3,0.4,0,222,1.2703654286262571,-0.3308093285745499,0.9565224774565803,2.268921522127545,-0.3342488787392983,0.9552200148703092,1.2689590997350575,-1.334379856010778,0.9557608864120198
48.002,1,2.2615835140224974,-0.28461970811317916,0.9425242432415144,-0.22241776890679985,0.41426888503459947,0.17562124140380084,-2.313539376836628,1.4204111312208036,1.4068889435268355,1,0.4,0,222,1.2703654286262571,-0.3308093285745499,0.9565224774565803,2.268921522127545,-0.3342488787392983,0.9552200148703092,1.2689590997350575,-1.334379856010778,0.9557608864120198
48.002,2,1.2350146739331995,-1.431131762808123,0.94998761513694,-0.00010352530913366326,0.006049697158441057,0.008101474883918311,-0.07694781204122764,-0.005290569274539553,-0.02279258119322161,0,0.4,1,167,1.2703654286262571,-0.3308093285745499,0.9565224774565803,2.268921522127545,-0.3342488787392983,0.9552200148703092,1.2689590997350575,-1.334379856010778,0.9557608864120198
48.203,0,1.2936523688852044,-0.32905364451282937,0.9785702421547264,0.1962973444812184,0.05584556979233636,0.022588020848847746,1.678670961825084,-0.7034797911850637,-0.6380722411367545,2,0.4,0,223,1.2859836687945922,-0.29995459843445776,0.964375498995301,2.2845005590378853,-0.30275074475108155,0.9636325837197236,1.2845557570373227,-1.3028956510580112,0.9644061309947655
48.203,1,2.2755512921921275,-0.28884281422944014,0.9863950159975355,0.0694914336797517,-0.02101047819035307,0.2182625510249805,1.4522845899828398,-2.165568971268415,0.2121458190108435,2,0.4,0,223,1.2859836687945922,-0.29995459843445776,0.964375498995301,2.2845005590378853,-0.30275074475108155,0.9636325837197236,1.2845557570373227,-1.3028956510580112,0.9644061309947655
48.203,2,1.2334394810689249,-1.430022645823907,0.9511555900522138,-0.015570035529420458,0.004986292734258604,0.0035201660640807554,-0.07694781204122764,-0.005290569274539553,-0.02279258119322161,0,0.5612981274277903,2,167,1.2859836687945922,-0.29995459843445776,0.964375498995301,2.2845005590378853,-0.30275074475108155,0.9636325837197236,1.2845557570373227,-1.3028956510580112,0.9644061309947655
48.401,0,1.292592919302364,-0.2720384495485977,0.9776078876705251,-0.005350755468889942,0.2879555301223817,-0.004860376182835343,-1.0184247472227674,1.1722725269194185,-0.138628267836783,4,0.4,0,224,1.301742229202045,-0.2747551738172461,0.9689050991947953,2.3002170387037233,-0.27706669679088775,0.9681562913458189,1.3002201012402959,-1.277250508233304,0.9689306000385762
48.401,1,2.272744519235311,-0.2830303926571236,0.9934504499850583,-0.01417562099402228,0.02935566450664913,0.03563350498748875,-0.42256088219077687,0.25437445806566716,-0.9223689193812696,2,0.4,0,224,1.301742229202045,-0.2747551738172461,0.9689050991947953,2.3002170387037233,-0.27706669679088775,0.9681562913458189,1.3002201012402959,-1.277250508233304,0.9689306000385762
48.401,2,1.2705443843719522,-1.266009435073244,0.9911945149857938,0.3689530383851222,0.5169181861599325,0.0007346039155398992,1.9420357268411206,2.5855146132609734,-0.014068495699701264,2,0.9748694521980001,0,168,1.301742229202045,-0.2747551738172461,0.9689050991947953,2.3002170387037233,-0.27706669679088775,0.9681562913458189,1.3002201012402959,-1.277250508233304,0.9689306000385762
48.603,0,1.3768981010704946,-0.2757011692997007,0.9992573441791256,0.41735238499074884,-0.01813227599555954,0.1071755272703005,2.0925898042556565,-1.5152861689007129,0.5546331854115686,1,0.4,0,225,1.317179414000484,-0.2542152134676355,0.9706397712337238,2.315718262584602,-0.25607689134173756,0.9700877243355543,1.315666990797899,-1.2562878039306584,0.9707265665067367
48.603,1,2.319316996630248,-0.2633103653583624,0.9973491938052191,0.23055681878681658,0.09762389751862073,0.019300711980994284,1.2115467315883222,0.3379615495642189,-0.08085541092324064,3,0.4,0,225,1.317179414000484,-0.2542152134676355,0.9706397712337238,2.315718262584602,-0.25607689134173756,0.9700877243355543,1.315666990797899,-1.2562878039306584,0.9707265665067367
48.603,2,1.2990764530618466,-1.219303256632701,0.9870969577500746,0.1412478648014578,0.23121870515120577,-0.020284936810491525,-1.1272533345726063,-1.4143538663798476,-0.10405713230708719,1,0.4,0,169,1.317179414000484,-0.2542152134676355,0.9706397712337238,2.315718262584602,-0.25607689134173756,0.9700877243355543,1.315666990797899,-1.2562878039306584,0.9707265665067367
48.801,0,1.478071906310082,-0.28230742029036326,1.0201122715280873,0.5925396819982878,-0.07082730499303476,0.11730453058925616,0.8238471480498741,-0.37840809090697075,0.12097590591322827,0,0.4,1,225,1.3328873127308747,-0.23994869967328136,0.9702289101984726,2.3308249176348843,-0.23931094313773985,0.9702972732846344,1.3307160129363096,-1.239481634910385,0.9706474543953201
48.801,1,2.314646691349723,-0.20357222587580082,1.000643319198114,-0.023587400406689798,0.30170777516445174,0.01663699693381129,-1.283556662593464,1.0307266547769223,-0.013453106298903984,2,0.4,0,226,1.3328873127308747,-0.23994869967328136,0.9702289101984726,2.3308249176348843,-0.23931094313773985,0.9702972732846344,1.3307160129363096,-1.239481634910385,0.9706474543953201
48.801,2,1.3116712744184413,-1.2076667183176992,0.9926262910514448,0.06361020887169044,0.058770395530311326,0.027925925764496345,-0.39210937338266255,-0.8709510586913843,0.24348920492418066,2,0.4,0,170,1.3328873127308747,-0.23994869967328136,0.9702289101984726,2.3308249176348843,-0.23931094313773985,0.9702972732846344,1.3307160129363096,-1.239481634910385,0.9706474543953201
49.003,0,1.6145730515882484,-0.3043348177696401,1.0462759371395585,0.7589568059043609,-0.14726573935624215,0.14174166358372806,0.8238471480498741,-0.37840809090697075,0.12097590591322827,0,0.4,2,225,1.3434775791951736,-0.20230238246168888,0.9893739410598965,2.3442906760594258,-0.2109841415686314,0.984998063052582,1.3441559332444957,-1.2111775494960915,0.9851156286234406
49.003,1,2.3261633976715475,-0.16324723658849316,1.0070642120934763,0.05701339763279479,0.1996286598381585,0.031786598491893386,0.39901385168062037,-0.5053421550806642,0.07499802751525858,2,0.4,0,227,1.3434775791951736,-0.20230238246168888,0.9893739410598965,2.3442906760594258,-0.2109841415686314,0.984998063052582,1.3441559332444957,-1.2111775494960915,0.9851156286234406
49.003,2,1.348258753222326,-1.1531372754412526,0.989179403762002,0.18112613269250064,0.26994773701211466,-0.01706379846258861,0.581761999112927,1.0454323835732933,-0.22272140706477903,1,0.4,0,171,1.3434775791951736,-0.20230238246168888,0.9893739410598965,2.3442906760594258,-0.2109841415686314,0.984998063052582,1.3441559332444957,-1.2111775494960915,0.9851156286234406
49.202000000000005,0,1.3659647577942582,-0.1404846135416591,1.027877116088793,-1.1527402720968098,0.7492476405479024,-0.03718746826535484,-9.60651797990513,4.505092361327242,-0.89914136607577,1,0.6587858706597889,0,226,1.346353968893042,-0.16134619508593095,1.0043666203847328,2.346934223046202,-0.1678751264364733,1.0018271070283666,1.3467868571821167,-1.16806801927805,1.0017564574455082
49.202000000000005,1,2.3422550903153656,-0.119159253163035,0.9972351491127602,0.08086277710461175,0.22154765540430663,-0.04939227628500322,0.11984612799907707,0.11014570636255053,-0.4079340441049975,2,0.4,0,228,1.346353968893042,-0.16134619508593095,1.0043666203847328,2.346934223046202,-0.1678751264364733,1.0018271070283666,1.3467868571821167,-1.16806801927805,1.0017564574455082
49.202000000000005,2,1.3519757889812385,-1.1430020377791097,0.9995731130109897,0.01867857165282543,0.05093084252332963,0.05222969471853004,-0.8163194022094019,-1.1005874094913535,0.3482085084478234,2,0.4,0,172,1.346353968893042,-0.16134619508593095,1.0043666203847328,2.346934223046202,-0.1678751264364733,1.0018271070283666,1.3467868571821167,-1.16806801927805,1.0017564574455082
49.402,0,1.3415650658234906,-0.08380990698168711,1.036900147771496,-0.16860370932703939,0.3077552781579644,0.04201726645012429,-0.4660524947319937,0.243817453580992,-0.030978919633919744,0,0.4,1,226,1.3527348784420812,-0.12761764203935994,1.0146582114034484,2.35271469801116,-0.13318338355400824,1.0132469373091075,1.352514199486144,-1.1333631124736823,1.0128195937115536
49.402,1,2.3606727136857026,-0.0910262216815314,1.0285022236728858,0.09208811685168601,0.14066515740752095,0.15633537280063087,0.056126698735372516,-0.40441248998393703,1.0286382454281924,2,0.4,0,229,1.3527348784420812,-0.12761764203935994,1.0146582114034484,2.35271469801116,-0.13318338355400824,1.0132469373091075,1.352514199486144,-1.1333631124736823,1.0128195937115536
49.402,2,1.3606826799975398,-1.1176628882482298,0.981481288620417,0.04353445508150848,0.1266957476544022,-0.09045912195286608,0.12427941714341789,0.3788245256553709,-0.7134440833569958,1,0.4,0,173,1.3527348784420812,-0.12761764203935994,1.0146582114034484,2.35271469801116,-0.13318338355400824,1.0132469373091075,1.352514199486144,-1.1333631124736823,1.0128195937115536
49.602000000000004,0,1.3833428560743555,-0.10150671819577406,1.036788125383472,0.03447478319274395,-0.005908587320564345,-0.02468972860363759,1.0153924625989021,-1.5683193273926213,-0.33353497526880466,4,0.5136892615359159,0,227,1.3609963198223727,-0.09946491532806857,1.0213577063469836,2.3605174580743395,-0.10427845857999125,1.0201765553166116,1.360334461504121,-1.104370050168346,1.019778732773961
49.602000000000004,1,2.3813358928563693,-0.06190466938371664,1.0562267562532268,0.11014472612214754,0.13412110746549194,0.16136647734817752,0.06828830268813856,-0.11486654023579877,0.22743814446473148,0,0.4,1,229,1.3609963198223727,-0.09946491532806857,1.0213577063469836,2.3605174580743395,-0.10427845857999125,1.0201765553166116,1.360334461504121,-1.104370050168346,1.019778732773961
49.602000000000004,2,1.3627775688604082,-1.1001826410046838,0.9636538356482476,-0.0034307357086956897,0.07762182578926699,-0.10679485363823178,-0.13905180023037006,-0.09779410428461757,-0.17657588777386532,0,0.4,1,173,1.3609963198223727,-0.09946491532806857,1.0213577063469836,2.3605174580743395,-0.10427845857999125,1.0201765553166116,1.360334461504121,-1.104370050168346,1.019778732773961
49.804,0,1.3751678627808497,-0.08290363999713812,1.021077510403249,-0.04047026382923642,0.0920944465279015,-0.07777532168427338,-0.37101508426723295,0.48516353390330064,-0.2627999657457241,1,0.4,0,228,1.3702970995437054,-0.07606353626086781,1.0247483801814425,2.369536841471001,-0.08013798591862714,1.0239748819146304,1.3693790525479166,-1.080183069270537,1.023665805317811
49.804,1,2.35141179852363,-0.0764884712783398,1.0394187139824829,-0.13047650939158054,-0.13072985972246762,-0.03851602240074936,-1.1911942352164864,-1.3111434019206036,-0.9895173254897459,1,0.4,0,230,1.3702970995437054,-0.07606353626086781,1.0247483801814425,2.369536841471001,-0.08013798591862714,1.0239748819146304,1.3693790525479166,-1.080183069270537,1.023665805317811
49.804,2,1.365867200487532,-1.0738567669354038,1.0340794259951835,0.03910407875317533,0.17785983696546798,0.3139905494411796,0.21056838842510595,0.49622777810000934,2.08309605484859,3,0.4,0,174,1.3702970995437054,-0.07606353626086781,1.0247483801814425,2.369536841471001,-0.08013798591862714,1.0239748819146304,1.3693790525479166,-1.080183069270537,1.023665805317811
50.002,0,1.3754463803991246,-0.04974792732968125,1.029028334373649,0.0014066546377515042,0.16745309428008487,0.04015567661818303,0.21149958821711032,0.3805992310716324,0.5956111025376574,4,0.4,0,229,1.3808818492543202,-0.055884787897455046,1.0278617817874967,2.3805886113267665,-0.06087005176459655,1.026118138777163,1.3804165752184836,-1.060923953298411,1.0255169717399024
50.002,1,2.357587993239397,-0.04602993036239944,1.0450741900639995,0.031192902604886146,0.1538310147269712,0.02856301051270958,0.8165121818003351,1.4371761335830213,0.3387829945124182,2,0.4,0,231,1.3808818492543202,-0.055884787897455046,1.0278617817874967,2.3805886113267665,-0.06087005176459655,1.026118138777163,1.3804165752184836,-1.060923953298411,1.0255169717399024
50.002,2,1.3681034509554308,-1.0066246500026694,1.0271688106635677,0.011294194282317,0.33955614612492024,-0.03490209763442344,-0.14045396197403168,0.816648026057838,-1.7620840761394057,2,0.4,0,175,1.3808818492543202,-0.055884787897455046,1.0278617817874967,2.3805886113267665,-0.06087005176459655,1.026118138777163,1.3804165752184836,-1.060923953298411,1.0255169717399024
50.201,0,1.3934041958579435,-0.028105221883395037,1.0539684133126448,0.09024027868753368,0.1087573138004343,0.12532702984419983,0.4464001208531811,-0.2949536707520158,0.42799674987948555,2,0.4,0,230,1.3713110867626506,-0.010772448573085753,1.0490431085727987,2.3723716399691828,-0.016181280949307965,1.0475972436649876,1.3722373734998612,-1.0161809711963337,1.0470024981008275
50.201,1,2.3361749934648177,-0.02536713390425538,1.0635504373903188,-0.10760301394261187,0.10383314803087569,0.09284546395135504,-0.6974669173241174,-0.2512455612869145,0.3230274042143019,2,0.4,0,232,1.3713110867626506,-0.010772448573085753,1.0490431085727987,2.3723716399691828,-0.016181280949307965,1.0475972436649876,1.3722373734998612,-1.0161809711963337,1.0470024981008275
50.201,2,1.3776704326135505,-1.0237103076531109,1.0724075953016885,0.04807528471416953,-0.08585757613287247,0.2273305760709616,0.18482960016006475,-2.137757398280386,1.317752129172802,4,0.4,0,176,1.3713110867626506,-0.010772448573085753,1.0490431085727987,2.3723716399691828,-0.016181280949307965,1.0475972436649876,1.3722373734998612,-1.0161809711963337,1.0470024981008275
50.402,0,1.3590561502745913,0.05178811460368893,1.1020064725856038,-0.1708857989221506,0.39747928600539184,0.23899531976596572,-1.2991347144760381,1.4364277224127204,0.565513880207789,3,0.4,0,231,1.3628443129300085,0.02635881082581993,1.0637457963998944,2.3631521212655664,0.021621590747101155,1.0623605352795862,1.3630136536429789,-0.9783120002013292,1.061874783395355
50.402,1,2.380956885746917,0.009910187872808951,1.0727072570667069,0.222795483990542,0.17550906356748378,0.045556316797949775,1.6437736215579755,0.35659659470949207,-0.23526938882291115,1,0.4,0,233,1.3628443129300085,0.02635881082581993,1.0637457963998944,2.3631521212655664,0.021621590747101155,1.0623605352795862,1.3630136536429789,-0.9783120002013292,1.061874783395355
50.402,2,1.3878224725510317,-1.0462781608334324,1.126078905658177,0.0563001671062853,-0.17136856126419336,0.3119019121766918,0.05763687289335223,-0.5879670123898659,0.446571817085053,0,0.4,1,176,1.3628443129300085,0.02635881082581993,1.0637457963998944,2.3631521212655664,0.021621590747101155,1.0623605352795862,1.3630136536429789,-0.9783120002013292,1.061874783395355
50.603,0,1.3542663915940891,0.036671354404598455,1.080378269751685,-0.023829645176628014,-0.07520776218452953,-0.10760299917372486,0.7316226554503594,-2.3516768566662694,-1.7243697459686054,3,0.4,0,232,1.3595623209833863,0.058634060716950064,1.0739092707742872,2.3594560100970954,0.054643021364747774,1.073237818542194,1.3593320131800193,-0.9452463876778713,1.0728619044349108
50.603,1,2.3263947823365787,0.06746268746999884,1.0726276033821733,-0.27145325079770116,0.28633084376711315,-0.0003962869877285701,-2.4589489292947357,0.5513521402966621,-0.22861991933173248,2,0.4,0,234,1.3595623209833863,0.058634060716950064,1.0739092707742872,2.3594560100970954,0.054643021364747774,1.073237818542194,1.3593320131800193,-0.9452463876778713,1.0728619044349108
50.603,2,1.3697244136023103,-0.9489768122185542,1.097717224542056,-0.08004238799672538,0.3516444909398968,-0.12398222165884638,-0.6783211696667181,2.602054986089994,-2.1685777802763035,4,0.4,0,177,1.3595623209833863,0.058634060716950064,1.0739092707742872,2.3594560100970954,0.054643021364747774,1.073237818542194,1.3593320131800193,-0.9452463876778713,1.0728619044349108
50.803000000000004,0,1.3547592080848558,0.100772720320637,1.1169417127979495,0.0024640824538340804,0.32050682958018817,0.18281721523131916,0.1314686381523086,1.9785729588235603,1.4521010720251994,4,0.4,0,233,1.359613788625654,0.08641528689961553,1.0801485417049344,2.3592094999729802,0.08296812901819228,1.0799143244995286,1.3591064300749267,-0.9168957374342513,1.0796260044484336
50.803000000000004,1,2.3117286884613737,0.11555405178904943,1.0906274516406593,-0.07333046937602401,0.24045682159524953,0.08999924129242814,0.9906139071083717,-0.22937011085931486,0.4519776414007772,2,0.4,0,235,1.359613788625654,0.08641528689961553,1.0801485417049344,2.3592094999729802,0.08296812901819228,1.0799143244995286,1.3591064300749267,-0.9168957374342513,1.0796260044484336
50.803000000000004,2,1.3615616529669645,-0.8759840569855624,1.055116219496358,-0.040813803176727975,0.3649637761649542,-0.21300502522848627,0.1961429240999842,0.06659642612528593,-0.4451140178481931,2,0.4,0,178,1.359613788625654,0.08641528689961553,1.0801485417049344,2.3592094999729802,0.08296812901819228,1.0799143244995286,1.3591064300749267,-0.9168957374342513,1.0796260044484336
51.003,0,1.3688604697267168,0.10840105018219437,1.126659834711771,0.07050630820930587,0.03814164930778766,0.04859060956910791,0.3402111287773662,-1.4118259013620325,-0.6711330283110706,3,0.4,0,234,1.3621526166345104,0.1103384591702852,1.0839087232327838,2.3615323220487516,0.10736620792853274,1.0839345771606317,1.3614520588372503,-0.8924853045338357,1.0837141984373146
51.003,1,2.2777464317459994,0.1751896872820804,1.1052701298571115,-0.19121943509237715,0.31494847648445795,0.07901126777223191,-0.21308151515504148,0.16770299019297769,0.05797876689969923,0,0.4,1,235,1.3621526166345104,0.1103384591702852,1.0839087232327838,2.3615323220487516,0.10736620792853274,1.0839345771606317,1.3614520588372503,-0.8924853045338357,1.0837141984373146
51.003,2,1.3493890142269305,-0.7890558152456846,0.9970827510275713,-0.07153360562880826,0.48429675727491855,-0.34995821873977057,-0.10670411928637125,0.4965554857552183,-0.5979087639583267,0,0.4,1,178,1.3621526166345104,0.1103384591702852,1.0839087232327838,2.3615323220487516,0.10736620792853274,1.0839345771606317,1.3614520588372503,-0.8924853045338357,1.0837141984373146
51.201,0,1.3535416851715008,0.1482329512729592,1.1151165918713297,-0.07736759876371681,0.20117121763012508,-0.05829920626485428,-0.7468379140051634,0.8233816581936216,-0.5398475547169796,5,0.4,0,235,1.3605849619118424,0.13744241035864357,1.0946962919457948,2.362457606005441,0.1326553507659574,1.0925448664479784,1.3623969760676475,-0.8671937622182238,1.0923656914991329
51.201,1,2.3527571993922525,0.14550921136853923,1.1348100359522229,0.3382775866085536,-0.18666069267185506,0.1492053516273803,2.6742273823279277,-2.533379642203596,0.35451557502600123,1,0.4,0,236,1.3605849619118424,0.13744241035864357,1.0946962919457948,2.362457606005441,0.1326553507659574,1.0925448664479784,1.3623969760676475,-0.8671937622182238,1.0923656914991329
51.201,2,1.3512944911024032,-0.8928027838204278,1.0971694445189746,0.00899728419834434,-0.4348066234333711,0.4383985206228131,0.4067216657936991,-4.641936266203474,3.9815996937504146,2,0.4,0,179,1.3605849619118424,0.13744241035864357,1.0946962919457948,2.362457606005441,0.1326553507659574,1.0925448664479784,1.3623969760676475,-0.8671937622182238,1.0923656914991329
51.402,0,1.3364938383094955,0.17030910448450798,1.1192363616625263,-0.08481515851743815,0.10983160801765528,0.020496367120380783,-0.037052536088165784,-0.45442591846999786,0.3920177780359943,4,0.4,0,236,1.3341608081624554,0.17369870403060064,1.1130072981189079,2.3361606630741782,0.17001537573543776,1.1119614646324767,1.3361074743117416,-0.8298348193511189,1.1118163148429574
51.402,1,2.3429905914822178,0.20934076606106977,1.1057990096740042,-0.04859008910465011,0.31756992384343474,-0.14433346407073844,-1.9247148045432974,2.5086100324143707,-1.4603921179010846,1,0.4,0,237,1.3341608081624554,0.17369870403060064,1.1130072981189079,2.3361606630741782,0.17001537573543776,1.1119614646324767,1.3361074743117416,-0.8298348193511189,1.1118163148429574
51.402,2,1.343033688034527,-0.91000154158721,1.1157988334615587,-0.04326638899128262,-0.1343011830857277,0.11791295758011694,-0.021570808612244363,-0.48492760245780714,0.251039109478446,0,0.4,1,179,1.3341608081624554,0.17369870403060064,1.1130072981189079,2.3361606630741782,0.17001537573543776,1.1119614646324767,1.3361074743117416,-0.8298348193511189,1.1118163148429574
51.601000000000006,0,1.3210216043286218,0.2327720221423384,1.141378709361705,-0.07774991950187707,0.31388400833079794,0.11126807889034272,0.03550371364603466,1.0253889462971726,0.45613925512542497,2,0.4,0,237,1.3154002810439585,0.20489886451269013,1.1248514109447887,2.316766558857851,0.20143425956620659,1.124098709207396,1.31669642570037,-0.7983892448587906,1.1240752038977866
51.601000000000006,1,2.294320300135028,0.2114954869039114,1.126115507791174,-0.24457432837783133,0.010827742928852123,0.10209295536265933,-0.9848454234832971,-1.5414179945456012,1.2383237157456852,2,0.4,0,238,1.3154002810439585,0.20489886451269013,1.1248514109447887,2.316766558857851,0.20143425956620659,1.124098709207396,1.31669642570037,-0.7983892448587906,1.1240752038977866
51.601000000000006,2,1.2748648898566928,-0.7640268068832516,1.1131499536881893,-0.31903801640619683,0.5563030617789888,0.14150848702034344,-1.385787072436719,3.4703730897723544,0.11857049969962756,2,0.4683206517245437,0,180,1.3154002810439585,0.20489886451269013,1.1248514109447887,2.316766558857851,0.20143425956620659,1.124098709207396,1.31669642570037,-0.7983892448587906,1.1240752038977866
51.80200000000001,0,1.2959406309730395,0.2423389081620657,1.1549268383377842,-0.12478096196807106,0.047596447859339815,0.06740362674666284,-0.23398528590146206,-1.324813733688843,-0.2182311051924367,6,0.4,0,238,1.3025260215069734,0.23368711176929338,1.1327127268791668,2.3034522935439847,0.2305752846539523,1.132334181869054,1.3033619653354338,-0.7692678286658251,1.1322628558349126
51.80200000000001,1,2.286071081106165,0.233396723422006,1.1479525560478958,-0.041040890690861684,0.10896137571191322,0.10864203112796961,1.0126041675968613,0.488227028771447,0.032582466494080885,2,0.4,0,239,1.3025260215069734,0.23368711176929338,1.1327127268791668,2.3034522935439847,0.2305752846539523,1.132334181869054,1.3033619653354338,-0.7692678286658251,1.1322628558349126
51.80200000000001,2,1.2902963693678595,-0.7714257519860057,1.1563312707544737,0.07677352990630203,-0.03681067215300524,0.21483242321534454,1.9692116731965068,-2.95081459667658,0.36479570246269116,2,0.4,0,181,1.3025260215069734,0.23368711176929338,1.1327127268791668,2.3034522935439847,0.2305752846539523,1.132334181869054,1.3033619653354338,-0.7692678286658251,1.1322628558349126
52.001000000000005,0,1.2977227407180663,0.2595479031424264,1.1496425689304663,0.00895532535189464,0.08647736171035592,-0.02655411762471421,0.6720416448239548,0.19538147663827377,-0.47214946920290435,3,0.4,0,239,1.2941312768748277,0.2597378523838012,1.137153332644672,2.294680376669644,0.2569358293360652,1.1370241132230061,1.2946115796173203,-0.74291213228283,1.1369488751921473
52.001000000000005,1,2.291675617628483,0.28404430954881854,1.1469688215656233,0.028163500112151383,0.2545104830493117,-0.004943389358153382,0.3477607578040891,0.7314025494341702,-0.5707810074679603,3,0.4,0,240,1.2941312768748277,0.2597378523838012,1.137153332644672,2.294680376669644,0.2569358293360652,1.1370241132230061,1.2946115796173203,-0.74291213228283,1.1369488751921473
52.001000000000005,2,1.2716094810007883,-0.7292864967601833,1.152519466001822,-0.09390396164357544,0.21175505138604428,-0.019154797752018466,-0.8576758369340659,1.2490739876334267,-1.175815180740529,3,0.4,0,182,1.2941312768748277,0.2597378523838012,1.137153332644672,2.294680376669644,0.2569358293360652,1.1370241132230061,1.2946115796173203,-0.74291213228283,1.1369488751921473
52.202000000000005,0,1.2823693636697495,0.2893414245723003,1.161094824882698,-0.07638496043938768,0.14822647477549167,0.056976397772296614,-0.42457853627503533,0.307209517736993,0.4155747034677145,5,0.4,0,240,1.2892312552240102,0.2832831093706292,1.139240811214859,2.289488342482341,0.28076766727611374,1.139285686553629,1.2894360805916985,-0.7190866487443631,1.1392181608555587
52.202000000000005,1,2.3246801384761815,0.295018707852154,1.1373386337298155,0.16420159625720745,0.05459899653400715,-0.047911382267700496,0.6768064484828643,-0.9945845100263881,-0.21377110900272142,2,0.4,0,241,1.2892312552240102,0.2832831093706292,1.139240811214859,2.289488342482341,0.28076766727611374,1.139285686553629,1.2894360805916985,-0.7190866487443631,1.1392181608555587
52.202000000000005,2,1.2553188373572588,-0.6880170743301113,1.1469943511462262,-0.09339740437750917,0.22884841913106097,-0.057162630279468864,-0.12287986120887195,0.2341085525245083,-0.29526862357749806,0,0.4,1,182,1.2892312552240102,0.2832831093706292,1.139240811214859,2.289488342482341,0.28076766727611374,1.139285686553629,1.2894360805916985,-0.7190866487443631,1.1392181608555587
52.402,0,1.2635393739979963,0.3079510142257602,1.1401521119676163,-0.0941499483587669,0.09304794826730166,-0.10471356457540994,-0.088824939596898,-0.2758926325409559,-0.80844981173855,6,0.4,0,241,1.2863498994982614,0.30495164889856885,1.1409971698300607,2.2894830988615436,0.3020355265746845,1.1390644370904806,1.289446829093381,-0.6978284809957837,1.1389998936166064
52.402,1,2.3059446953908633,0.30589629164597265,1.1504224374650922,-0.0936772154265928,0.05438791896909439,0.0654190186763845,-1.2893940584190287,-0.0010553878245638196,0.5666520047204371,3,0.4,0,242,1.2863498994982614,0.30495164889856885,1.1409971698300607,2.2894830988615436,0.3020355265746845,1.1390644370904806,1.289446829093381,-0.6978284809957837,1.1389998936166064
52.402,2,1.23418175925758,-0.63756521945341,1.129656452618783,-0.11797337661928303,0.2756701296359616,-0.11621635499496721,-0.12287986120887195,0.2341085525245083,-0.29526862357749806,0,0.4,2,182,1.2863498994982614,0.30495164889856885,1.1409971698300607,2.2894830988615436,0.3020355265746845,1.1390644370904806,1.289446829093381,-0.6978284809957837,1.1389998936166064
52.601000000000006,0,1.2344919017602525,0.3587788141406483,1.164064391816867,-0.1459671971745895,0.2554160799743052,0.12016221029773856,-0.2603881850041269,0.8159202598341674,1.1300290194630285,7,0.4,0,242,1.2499030863396037,0.3314360416875227,1.1582282151396177,2.257262669678026,0.3283417092185949,1.1559176594061107,1.2572327768651879,-0.6715368262916386,1.1558248198282282
52.601000000000006,1,2.243940881161513,0.3385062014277307,1.1689436194480138,-0.3115769559263759,0.1638688933756643,0.09307126624583548,-1.0949735703506405,0.5501556502842565,0.13895601793693596,4,0.4,0,243,1.2499030863396037,0.3314360416875227,1.1582282151396177,2.257262669678026,0.3283417092185949,1.1559176594061107,1.2572327768651879,-0.6715368262916386,1.1558248198282282
52.601000000000006,2,1.2644425827373444,-0.6630760072621533,1.1346774410395595,0.15072649477105657,-0.2099082787390419,-0.02381652594705336,1.3502506100016713,-2.4400925043969393,0.46432074898447967,1,0.6539652127738221,0,183,1.2499030863396037,0.3314360416875227,1.1582282151396177,2.257262669678026,0.3283417092185949,1.1559176594061107,1.2572327768651879,-0.6715368262916386,1.1558248198282282
52.80200000000001,0,1.2135018601966368,0.3609365411686356,1.181641092042728,-0.10442806748067443,0.010734960338245409,0.08744626978040386,0.2066623367856466,-1.2173190031644734,-0.16276587322057023,4,0.4,0,243,1.2196238230818452,0.3552630995203069,1.1679889223168725,2.2254816243115148,0.3518839151173446,1.1664334160021723,1.2254548247883712,-0.6480048082980923,1.166346327953271
52.80200000000001,1,2.1717504039759126,0.3403689818028255,1.1724963726502635,-0.3591566029134347,0.00926756405519797,0.017675389065918215,-0.2367146616271576,-0.7691608423903777,-0.3751038665667516,3,0.4,0,244,1.2196238230818452,0.3552630995203069,1.1679889223168725,2.2254816243115148,0.3518839151173446,1.1664334160021723,1.2254548247883712,-0.6480048082980923,1.166346327953271
52.80200000000001,2,1.2170168773973393,-0.6267641022893744,1.1555588871714257,-0.23594878278609452,0.1806562436456658,0.10388779170082582,-1.9237575997868164,1.9431070765408294,0.6353448639197953,1,0.4,0,184,1.2196238230818452,0.3552630995203069,1.1679889223168725,2.2254816243115148,0.3518839151173446,1.1664334160021723,1.2254548247883712,-0.6480048082980923,1.166346327953271
53.001000000000005,0,1.214890407003677,0.38779882157931045,1.182096012133246,0.006977622145930457,0.13498633372198546,0.0022860306056167548,0.5598275860633466,0.6243787607223179,-0.4279409003758187,2,0.4,0,244,1.1958099460214546,0.37957763408444684,1.1743984653176514,2.2006138696010926,0.37608944163718855,1.1734490283307708,1.200590330891957,-0.6238082209342144,1.1733753072074897
53.001000000000005,1,2.1721789943043976,0.3922429702065813,1.2265681151527659,0.0021537202436447494,0.26067330856158943,0.27171729900755215,1.8156297646084572,1.263345449780874,1.2765925122695296,3,0.4,0,245,1.1958099460214546,0.37957763408444684,1.1743984653176514,2.2006138696010926,0.37608944163718855,1.1734490283307708,1.200590330891957,-0.6238082209342144,1.1733753072074897
53.001000000000005,2,1.1819234251359427,-0.6073907873244098,1.1864614059883172,-0.17634900633867695,0.09735334153248656,0.15528903928086354,0.2994963640573776,-0.41860754830743735,0.2582977265328554,1,0.4,0,185,1.1958099460214546,0.37957763408444684,1.1743984653176514,2.2006138696010926,0.37608944163718855,1.1734490283307708,1.200590330891957,-0.6238082209342144,1.1733753072074897
53.201,0,1.1657223776251509,0.37470110193352024,1.1951193692477982,-0.24584014689263547,-0.06548859822895244,0.06511678557276218,-1.2640888451928567,-1.002374659754711,0.3141537748357338,3,0.4,0,245,1.1774128211650843,0.40320762646411257,1.1777746974005594,2.1813318169877665,0.39969631119508475,1.1772267870459037,1.1813121718456612,-0.6002093237078778,1.1771647992895695
53.201,1,2.210311987723655,0.4332568756508781,1.1763491482171005,0.1906649670962875,0.20506952722148855,-0.25109483467833293,0.9425562342632339,-0.2780189067005103,-2.614060668429481,1,0.4,0,246,1.1774128211650843,0.40320762646411257,1.1777746974005594,2.1813318169877665,0.39969631119508475,1.1772267870459037,1.1813121718456612,-0.6002093237078778,1.1771647992895695
53.201,2,1.1359748270490333,-0.5876543376483898,1.226218924697394,-0.24467285012577683,0.08931450536025098,0.22394628718793638,-0.14929859691223613,-0.09367743019852441,0.25158693642548446,0,0.4,1,185,1.1774128211650843,0.40320762646411257,1.1777746974005594,2.1813318169877665,0.39969631119508475,1.1772267870459037,1.1813121718456612,-0.6002093237078778,1.1771647992895695
53.401,0,1.1724607329414733,0.4388848808905603,1.2059694340818958,0.03369177658161145,0.32091889478519586,0.05425032417048815,1.3976596173712148,1.932037465070714,-0.0543323070113694,5,0.4,0,246,1.1634811063115809,0.4259258420768808,1.179081331822628,2.1666409648735057,0.4224601380385082,1.178829594330266,1.1666252882297015,-0.5774528386263698,1.1787771512187126
53.401,1,2.220491076191559,0.4318539836893862,1.2282766502870062,0.05089544233952176,-0.007014459807459417,0.259637510349526,-0.6988476237838188,-1.0604199351447248,2.5536617251392584,1,0.4,0,247,1.1634811063115809,0.4259258420768808,1.179081331822628,2.1666409648735057,0.4224601380385082,1.178829594330266,1.1666252882297015,-0.5774528386263698,1.1787771512187126
53.401,2,1.1332576588292111,-0.5831048278908795,1.194104089694308,-0.06708714419984178,0.08647539910557765,-0.11992650216362917,0.8879285296296625,-0.014195531273366459,-1.7193639467578035,2,0.4,0,186,1.1634811063115809,0.4259258420768808,1.179081331822628,2.1666409648735057,0.4224601380385082,1.178829594330266,1.1666252882297015,-0.5774528386263698,1.1787771512187126
53.601000000000006,0,1.1519006154760063,0.4590633246053457,1.2011755288105181,-0.1028005873273332,0.10089221857392551,-0.02396952635688864,-0.6824618195447135,-1.1001333810563363,-0.3910992526368784,6,0.4,0,247,1.1533016027268461,0.4474864990742873,1.1788821737213433,2.155807495978108,0.444115605994198,1.178847778131907,1.155795663743209,-0.5558042347367884,1.1788030868509347
53.601000000000006,1,2.132553105443522,0.3983525773057093,1.1839123964320928,-0.4396898537401776,-0.1675070319183823,-0.2218212692745643,-2.452926480398462,-0.802462860554603,-2.4072938981204173,2,0.4,0,248,1.1533016027268461,0.4474864990742873,1.1788821737213433,2.155807495978108,0.444115605994198,1.178847778131907,1.155795663743209,-0.5558042347367884,1.1788030868509347
53.601000000000006,2,1.1500243044050982,-0.5391593900111649,1.17366017290973,0.08383322787943451,0.21972718939856992,-0.1022195839228892,0.7546018603963707,0.666258951464952,0.0885345912036986,3,0.4,0,187,1.1533016027268461,0.4474864990742873,1.1788821737213433,2.155807495978108,0.444115605994198,1.178847778131907,1.155795663743209,-0.5558042347367884,1.1788030868509347
53.801,0,1.1300110123495077,0.46657371281397286,1.1897999657437026,-0.10944801563249573,0.03755194104313655,-0.05687781533407776,-0.03323714152581336,-0.3167013876539516,-0.16454144488594907,6,0.4,0,248,1.1488854764738536,0.46771945287710986,1.1772247527939026,2.1495784166194407,0.4644634843497652,1.1777656137232395,1.1495700529379578,-0.5354623505091364,1.1777269515738171
53.801,1,2.1581194342269354,0.46317615157494996,1.217383138632449,0.1278316439170673,0.3241178713462103,0.1673537110017839,2.837607488286285,2.458124516323015,1.9458749013817827,3,0.4,0,249,1.1488854764738536,0.46771945287710986,1.1772247527939026,2.1495784166194407,0.4644634843497652,1.1777656137232395,1.1495700529379578,-0.5354623505091364,1.1777269515738171
53.801,2,1.1830741128520794,-0.48863077636254815,1.140123747501693,0.21347807103562988,0.2763135421654419,-0.20490166656993875,0.4822902880072213,0.23670473922352137,-0.37219539529751205,0,0.4,1,187,1.1488854764738536,0.46771945287710986,1.1772247527939026,2.1495784166194407,0.4644634843497652,1.1777656137232395,1.1495700529379578,-0.5354623505091364,1.1777269515738171
54.001000000000005,0,1.1220401319109659,0.4909523025842941,1.1902863483259392,-0.039854402192708846,0.12189294885160455,0.002431912911182131,0.3479680671989295,0.4217050390423341,0.2965486412262952,9,0.4,0,249,1.1240427685076966,0.48736078562947943,1.184349098923793,2.1295016965902187,0.48461416870644825,1.1832550171979896,1.1294998894471393,-0.5153213259740349,1.1832154499176208
54.001000000000005,1,2.1250470436743396,0.48708219404465836,1.2045840995494952,-0.16536195276297558,0.1195302123485403,-0.06399519541476736,-1.4659679834001935,-1.0229382949883354,-1.1567445320827399,2,0.4,0,250,1.1240427685076966,0.48736078562947943,1.184349098923793,2.1295016965902187,0.48461416870644825,1.1832550171979896,1.1294998894471393,-0.5153213259740349,1.1832154499176208
54.001000000000005,2,1.1365773508794572,-0.49775020895768995,1.1932577293835025,-0.12361052626554782,-0.02574014688930334,0.21485065302164957,-1.6854429865058644,-1.5102684452737047,2.0987615979579117,3,0.4,0,188,1.1240427685076966,0.48736078562947943,1.184349098923793,2.1295016965902187,0.48461416870644825,1.1832550171979896,1.1294998894471393,-0.5153213259740349,1.1832154499176208
54.201,0,1.0682448377866876,0.507454860694002,1.197517361109111,-0.2689764706213961,0.08251279054854131,0.03615506391585998,-1.1456103421434607,-0.1969007915153204,0.16861575502339282,8,0.4,0,250,1.0847273748660615,0.4992870342539615,1.1915367392907021,2.0890802413756293,0.4967850172594861,1.1912172166158304,1.0890787242558637,-0.5031624708751918,1.1911852018643536
54.201,1,2.0557727767019127,0.48982800387946535,1.2089801479896263,-0.34637133486214183,0.01372904917403524,0.02198024220065589,-0.9050469104958506,-0.5290058158725366,0.42987718807712544,2,0.4,0,251,1.0847273748660615,0.4992870342539615,1.1915367392907021,2.0890802413756293,0.4967850172594861,1.1912172166158304,1.0890787242558637,-0.5031624708751918,1.1911852018643536
54.201,2,1.0937939060428743,-0.4887175846432483,1.1939813786748819,-0.21391722418291859,0.04516312157220911,0.003618246456896867,-0.45153348958686346,0.3545163423075698,-1.056162032823786,1,0.4,0,189,1.0847273748660615,0.4992870342539615,1.1915367392907021,2.0890802413756293,0.4967850172594861,1.1912172166158304,1.0890787242558637,-0.5031624708751918,1.1911852018643536
54.401,0,1.0445709022952228,0.5380083104680351,1.2054069952852355,-0.11836967745732284,0.15276724887016319,0.03944817088062213,0.7530339658203556,0.35127229160810436,0.016465534823810513,6,0.4,0,251,1.0520843760374388,0.5140524729658591,1.1951488206943706,2.0557675251735716,0.5113430660667401,1.195105995397614,1.055765862360966,-0.4886150497030641,1.1950797294092201
54.401,1,2.0391995667544522,0.4957817660946642,1.2121065116381629,-0.0828660497373012,0.02976881107599374,0.015631818242683226,1.3175264256241843,0.08019880950979136,-0.031742119789862855,3,0.4,0,252,1.0520843760374388,0.5140524729658591,1.1951488206943706,2.0557675251735716,0.5113430660667401,1.195105995397614,1.055765862360966,-0.4886150497030641,1.1950797294092201
54.401,2,1.015042282468055,-0.4941818205440911,1.198157324303558,-0.3937581178740917,-0.027321179504213478,0.020879728143379496,-0.8992044684558528,-0.3624215053821078,0.08630740843241193,1,0.4,0,190,1.0520843760374388,0.5140524729658591,1.1951488206943706,2.0557675251735716,0.5113430660667401,1.195105995397614,1.055765862360966,-0.4886150497030641,1.1950797294092201
54.602000000000004,0,1.0275648714190337,0.5411863426225894,1.2135333831747794,-0.08460711878701037,0.015811105246538545,0.04042979049524316,0.1679729287080218,-0.6813738488737526,0.0048836796747314835,9,0.4,0,252,1.0243863131091653,0.5308845071451803,1.1968668096436785,2.0274540993293373,0.528103807133981,1.1970124613839046,1.0275029838806606,-0.4719358785928638,1.1966944918218383
54.602000000000004,1,2.0243494410006626,0.49113430238606526,1.2145534571573335,-0.07388122265566963,-0.023121709993029396,0.012173858304331181,0.04470063224692316,-0.26313692074140793,-0.017203780787821078,1,0.4,0,253,1.0243863131091653,0.5308845071451803,1.1968668096436785,2.0274540993293373,0.528103807133981,1.1970124613839046,1.0275029838806606,-0.4719358785928638,1.1966944918218383
54.602000000000004,2,1.0087606199899093,-0.4524266209617793,1.2036209159546631,-0.031252052130077805,0.20773731135478443,0.027182048015448764,1.8035127648955869,1.1694452281542156,0.03135482523417538,5,0.4,0,191,1.0243863131091653,0.5308845071451803,1.1968668096436785,2.0274540993293373,0.528103807133981,1.1970124613839046,1.0275029838806606,-0.4719358785928638,1.1966944918218383
54.80200000000001,0,0.9798676704716596,0.5546905599325542,1.2083569683874569,-0.2384860047368672,0.0675210865498234,-0.025882073936612425,-0.7693944297492732,0.2585499065164206,-0.3315593221592732,9,0.4,0,253,1.0012672106384717,0.5489358769271357,1.197278347197374,2.0037782314047496,0.5461636218071976,1.1976564305190704,1.0038065790475137,-0.4539045199310148,1.197117055630519
54.80200000000001,1,2.0095788396499445,0.5529538737651409,1.203647580992643,-0.07385300675358925,0.309097856895374,-0.05452938082345127,0.00014107951040190158,1.6610978344419933,-0.3335161956389075,3,0.4,0,254,1.0012672106384717,0.5489358769271357,1.197278347197374,2.0037782314047496,0.5461636218071976,1.1976564305190704,1.0038065790475137,-0.4539045199310148,1.197117055630519
54.80200000000001,2,0.9722265502415861,-0.44238373721856794,1.2037490704203841,-0.1826703487416136,0.050214418716056204,0.0006407723286055897,-0.7570914830576682,-0.7876144631936299,-0.13270637843421398,1,0.4,0,192,1.0012672106384717,0.5489358769271357,1.197278347197374,2.0037782314047496,0.5461636218071976,1.1976564305190704,1.0038065790475137,-0.4539045199310148,1.197117055630519
55.001000000000005,0,0.9732856721528718,0.5641405351981708,1.2059159720386194,-0.033075368436119953,0.047487312892545826,-0.012266313310740984,1.0322142527675842,-0.10067222943355664,0.06842090766769635,10,0.4,0,254,0.9823392704979097,0.5674814227431844,1.1961271807033274,1.9843469152513615,0.5648456587480698,1.1970722485758114,0.984356623591813,-0.43529519748811835,1.1961234726855077
55.001000000000005,1,1.9595007333449266,0.5560239721100414,1.2198913172789365,-0.2516487754021028,0.015427629873871822,0.08162681550901334,-0.8934460736106294,-1.4757297840276635,0.6842019916204318,2,0.4,0,255,0.9823392704979097,0.5674814227431844,1.1961271807033274,1.9843469152513615,0.5648456587480698,1.1970722485758114,0.984356623591813,-0.43529519748811835,1.1961234726855077
55.001000000000005,2,0.9896321263158623,-0.4196072535810689,1.1964954211068979,0.08746520640339871,0.11445469164572507,-0.03645049906274485,1.3574651012312309,0.32281544185763555,-0.18638829844899898,5,0.4,0,193,0.9823392704979097,0.5674814227431844,1.1961271807033274,1.9843469152513615,0.5648456587480698,1.1970722485758114,0.984356623591813,-0.43529519748811835,1.1961234726855077
55.201,0,0.9616604954997945,0.6032307152157137,1.2048045033107329,-0.058125883265387056,0.19545090008771887,-0.005557343639433617,-0.12525257414633817,0.7398179359758811,0.03354484835653755,7,0.4,0,255,0.9670805517185725,0.5861927976444898,1.1940228247210367,1.9687224493858437,0.5835993989961832,1.1950968991980981,0.9686487067106794,-0.4164857259945623,1.1941721741707145
55.201,1,1.9739412835260295,0.5638656828698628,1.2137916902051762,0.07220275090551607,0.03920855379910798,-0.030498135368803397,1.6192576315381288,0.11890461962618334,-0.5606247543890956,3,0.4,0,256,0.9670805517185725,0.5861927976444898,1.1940228247210367,1.9687224493858437,0.5835993989961832,1.1950968991980981,0.9686487067106794,-0.4164857259945623,1.1941721741707145
55.201,2,0.9445625799195823,-0.39188158621195157,1.2046267181967898,-0.22534773198140493,0.13862833684558945,0.04065648544945986,-1.5640646919240515,0.1208682259993245,0.3855349225610318,1,0.4,0,194,0.9670805517185725,0.5861927976444898,1.1940228247210367,1.9687224493858437,0.5835993989961832,1.1950968991980981,0.9686487067106794,-0.4164857259945623,1.1941721741707145
55.401,0,0.9473001552270861,0.6168750072095209,1.2029616021268918,-0.07180170136354089,0.0682214599690352,-0.009214505919204344,-0.06837909049076818,-0.6361472005934093,-0.018285811398853373,11,0.4,0,256,0.955116565325987,0.604715232468616,1.191330060868782,1.9564186627387439,0.6021729458488182,1.192335373758934,0.9562971909478618,-0.39784197369227287,1.1915948458705632
55.401,1,1.950525265297273,0.5883268163446322,1.219902549731256,-0.11708009114378026,0.12230566737384534,0.030554297630398086,-0.9464142102464683,0.41548556787368085,0.30526216499600306,3,0.4,0,257,0.955116565325987,0.604715232468616,1.191330060868782,1.9564186627387439,0.6021729458488182,1.192335373758934,0.9562971909478618,-0.39784197369227287,1.1915948458705632
55.401,2,0.9026309457941152,-0.36111005868813373,1.2129568811776918,-0.23580910413093042,0.16388326545680448,0.050530090399540206,-0.26150933503597884,0.10025627837717963,0.08879275495030542,0,0.4,1,194,0.955116565325987,0.604715232468616,1.191330060868782,1.9564186627387439,0.6021729458488182,1.192335373758934,0.9562971909478618,-0.39784197369227287,1.1915948458705632
55.601000000000006,0,0.943875481776813,0.629205287398086,1.1967160048543553,-0.017123367251365464,0.06165140094282452,-0.031227986362682536,0.2733916705608732,-0.03285029513105291,-0.1100674022173894,11,0.4,0,257,0.9488103034294584,0.6241052347591262,1.1869247226624513,1.9501011437160378,0.6207468949465769,1.1883286317341757,0.9499613126481619,-0.3792134717280408,1.1877622604511393
55.601000000000006,1,1.9718986273692247,0.6080662523590441,1.2339585172783203,0.10686681035975658,0.0986971800720579,0.07027983773532154,1.1197345075176683,-0.11804243650893552,0.19862770052461443,2,0.4,0,258,0.9488103034294584,0.6241052347591262,1.1869247226624513,1.9501011437160378,0.6207468949465769,1.1883286317341757,0.9499613126481619,-0.3792134717280408,1.1877622604511393
55.601000000000006,2,0.9416233947923309,-0.3769687254832106,1.2244298162252272,0.08915407046635333,-0.08432863198064236,0.07806243477514074,1.6248158729863957,-1.2410594871872165,0.13766172187800074,1,0.4,0,195,0.9488103034294584,0.6241052347591262,1.1869247226624513,1.9501011437160378,0.6207468949465769,1.1883286317341757,0.9499613126481619,-0.3792134717280408,1.1877622604511393
55.80200000000001,0,0.9093122405900382,0.6347069406396744,1.1916396056935676,-0.17195642381479948,0.027371409162131054,-0.025255717217848212,-0.7703137142459384,-0.17054722278951928,0.029712781815096064,11,0.4,0,258,0.9117761656974018,0.6327353970295188,1.1941103354226352,1.9199278199516367,0.633759416802835,1.1935488278656923,0.919748268888098,-0.3661831628084914,1.1931040300632005
55.80200000000001,1,1.9973167057950418,0.6307420873018365,1.2508580184452602,0.15989161078968905,0.11748500826141137,0.09612891697436254,0.33267173302197073,0.046466756652133026,0.11991837553065098,0,0.4,1,258,0.9117761656974018,0.6327353970295188,1.1941103354226352,1.9199278199516367,0.633759416802835,1.1935488278656923,0.919748268888098,-0.3661831628084914,1.1931040300632005
55.80200000000001,2,0.9242168442261283,-0.30749523072820906,1.1797596689585808,-0.08659975406070926,0.34563927738806643,-0.22223953864003138,-0.8743971369505579,2.139143827705013,-1.4940396687321957,1,0.4,0,196,0.9117761656974018,0.6327353970295188,1.1941103354226352,1.9199278199516367,0.633759416802835,1.1935488278656923,0.919748268888098,-0.3661831628084914,1.1931040300632005
56.002,0,0.854678021946676,0.6456097617757062,1.2018603230941012,-0.27317109321681715,0.05451410568016018,0.05110358700266824,-0.5060733470100992,0.1357134825901485,0.38179652110259044,14,0.4,0,259,0.8743825745471789,0.634866046994457,1.1947200507226934,1.8814267798897675,0.6351694689043859,1.1948715171267894,0.88122277699005,-0.3647708107208521,1.194517519192438
56.002,1,1.8740493951893824,0.631319280968354,1.2029541066094738,-0.5736629851358466,0.02065389662064809,-0.22629452686077728,-3.6677729796277565,-0.48415555820382666,-1.6121172191757336,3,0.4,0,259,0.8743825745471789,0.634866046994457,1.1947200507226934,1.8814267798897675,0.6351694689043859,1.1948715171267894,0.88122277699005,-0.3647708107208521,1.194517519192438
56.002,2,0.8640971988765096,-0.35244170711770995,1.1820127936316953,-0.3005982267481,-0.22473238194750925,0.011265623365573036,-1.0699923634369766,-2.851858296677939,1.167525810028047,3,0.4,0,197,0.8743825745471789,0.634866046994457,1.1947200507226934,1.8814267798897675,0.6351694689043859,1.1948715171267894,0.88122277699005,-0.3647708107208521,1.194517519192438
56.201,0,0.8421599901551446,0.6424936938835126,1.2166619389857316,-0.06290468236950449,-0.0156586326240883,0.07437997935492749,1.0566151298860036,-0.3526268256494932,0.11696679573999737,10,0.4,0,260,0.840551154315607,0.6414815026029982,1.1935547052056594,1.8470636359945756,0.6410122586673354,1.1939248636627744,0.8468478473290899,-0.3589155583060246,1.1936436987350512
56.201,1,1.8209069566093214,0.6363501227052774,1.1888314039326708,-0.2670474300505602,0.025280611743333733,-0.07096835515981442,1.5407816838456752,0.023249824737114008,0.7805335261354993,5,0.4,0,260,0.840551154315607,0.6414815026029982,1.1935547052056594,1.8470636359945756,0.6410122586673354,1.1939248636627744,0.8468478473290899,-0.3589155583060246,1.1936436987350512
56.201,2,0.8203058382049474,-0.3486297902006381,1.2264554991467174,-0.22005708880182223,0.01915536139232096,0.2233301784674491,0.40472933641346004,1.2255665494463948,1.065651030662704,2,0.4,0,198,0.840551154315607,0.6414815026029982,1.1935547052056594,1.8470636359945756,0.6410122586673354,1.1939248636627744,0.8468478473290899,-0.3589155583060246,1.1936436987350512
56.401,0,0.8052405028896706,0.6580507879818864,1.2070853759259716,-0.18459743632736766,0.0777854704918679,-0.047882815298799106,-0.6084637697893073,0.4672205155797744,-0.6113139732686242,13,0.4,0,261,0.810264162607572,0.6512160526897146,1.1914272107995447,1.8162034884340157,0.6501319435713467,1.1918809817853606,0.8159864820888021,-0.3497812759269376,1.191656605012636
56.401,1,1.8094374465410006,0.6399240045805307,1.2113981011549537,-0.05734755034160351,0.017869409376266323,0.1128334861114128,1.0484993985447686,-0.03705601183533652,0.919009206356123,3,0.4,0,261,0.810264162607572,0.6512160526897146,1.1914272107995447,1.8162034884340157,0.6501319435713467,1.1918809817853606,0.8159864820888021,-0.3497812759269376,1.191656605012636
56.401,2,0.7935078126222883,-0.3338447381872285,1.2315347359872018,-0.13399012791329354,0.07392526006704708,0.025396184202421596,0.43033480444263733,0.2738494933736267,-0.9896699713251235,2,0.4,0,199,0.810264162607572,0.6512160526897146,1.1914272107995447,1.8162034884340157,0.6501319435713467,1.1918809817853606,0.8159864820888021,-0.3497812759269376,1.191656605012636
56.602000000000004,0,0.7813536593250949,0.6691810380734257,1.203699059737063,-0.11884001773420694,0.055374378564871644,-0.016847344223426437,0.32715133628438087,-0.11149796978605075,0.15440532873319696,16,0.4,0,262,0.783503675510609,0.6634034084069904,1.1887251596172859,1.7888564898579709,0.6618146359550459,1.1892263038995146,0.7886461864232561,-0.3380841889210705,1.1890461501335106
56.602000000000004,1,1.7666609415704164,0.6673063515297648,1.2073122131729814,-0.2128184326894729,0.13623058183698541,-0.020327800905335838,-0.7734869768550695,0.5888615545309392,-0.6624939652574543,3,0.4,0,262,0.783503675510609,0.6634034084069904,1.1887251596172859,1.7888564898579709,0.6618146359550459,1.1892263038995146,0.7886461864232561,-0.3380841889210705,1.1890461501335106
56.602000000000004,2,0.8149028051672171,-0.3269449529274564,1.244635528054453,0.10644274897974541,0.03432728984961227,0.06517806998632493,1.196183467129544,-0.19700482695241148,0.19791982977066286,1,0.4,0,200,0.783503675510609,0.6634034084069904,1.1887251596172859,1.7888564898579709,0.6618146359550459,1.1892263038995146,0.7886461864232561,-0.3380841889210705,1.1890461501335106
56.801,0,0.7688583953617931,0.6830691950426075,1.2002113659099993,-0.06279027117237178,0.06978973351347749,-0.017526099633485587,0.28165701789867187,0.07243896959098485,-0.0034108312063274174,9,0.4,0,263,0.76021633568787,0.6774379273561199,1.1856151186753645,1.7649797478078197,0.6754477902647733,1.1861462381288432,0.7647817488829636,-0.32443828626164484,1.186000567403764
56.801,1,1.7555593863888181,0.6837792010126562,1.2107105816157508,-0.055786709455268264,0.08277813810498275,0.017077228355626493,0.7891041368553073,-0.26860524488443815,0.18796497116061653,4,0.4,0,263,0.76021633568787,0.6774379273561199,1.1856151186753645,1.7649797478078197,0.6754477902647733,1.1861462381288432,0.7647817488829636,-0.32443828626164484,1.186000567403764
56.801,2,0.7576570576669173,-0.33349046156956175,1.2098768794206856,-0.2876670728658319,-0.03289200322666035,-0.17466657604908425,-1.9804513660581966,-0.3377853923430818,-1.2052494775648819,2,0.4,0,201,0.76021633568787,0.6774379273561199,1.1856151186753645,1.7649797478078197,0.6754477902647733,1.1861462381288432,0.7647817488829636,-0.32443828626164484,1.186000567403764
57.001000000000005,0,0.7388853534610551,0.6902751340097306,1.185562019887925,-0.14986520950368767,0.03602969483561484,-0.07324673011037015,-0.4353746916565733,-0.16880019338931085,-0.27860315238441885,13,0.4,0,264,0.7402982504896726,0.6927836176442247,1.1822126623816802,1.7444794991587995,0.6904854249047487,1.182761074162289,0.744297543802435,-0.3093902389430598,1.182642156891557
57.001000000000005,1,1.735099226026351,0.6998615587417458,1.1911423320230323,-0.10230080181233468,0.08041178864544693,-0.09784124796359123,-0.23257046178532878,-0.011831747297678911,-0.5745923815960805,3,0.4,0,264,0.7402982504896726,0.6927836176442247,1.1822126623816802,1.7444794991587995,0.6904854249047487,1.182761074162289,0.744297543802435,-0.3093902389430598,1.182642156891557
57.001000000000005,2,0.7433624439774659,-0.3072434575976084,1.2029382113269125,-0.07147306844725555,0.13123501985976485,-0.034693340468864915,1.0809700220928664,0.8206351154321144,0.6998661779010867,2,0.4,0,202,0.7402982504896726,0.6927836176442247,1.1822126623816802,1.7444794991587995,0.6904854249047487,1.182761074162289,0.744297543802435,-0.3093902389430598,1.182642156891557
57.202000000000005,0,0.7227537117085221,0.7102265582580201,1.1871683327782456,-0.0802569241419552,0.0992608171556686,0.007991606419505144,0.34630987742155367,0.3145826981097194,0.4041708285068413,14,0.4,0,265,0.7236050242752978,0.7089681779097019,1.1786140596702663,1.7272192845376586,0.706445841270324,1.179169719553918,0.7270402463758083,-0.2934026533069685,1.1791721540257725
57.202000000000005,1,1.7057041986467019,0.6980239769006906,1.2113127757112405,-0.14624391731168646,-0.009142198214204963,0.10035046611048827,-0.21862246517090378,-0.4455422231823466,0.9860284282292486,2,0.4,0,265,0.7236050242752978,0.7089681779097019,1.1786140596702663,1.7272192845376586,0.706445841270324,1.179169719553918,0.7270402463758083,-0.2934026533069685,1.1791721540257725
57.202000000000005,2,0.6584567028858942,-0.26195469851948516,1.2055089869062958,-0.4224166223461268,0.22531720934389615,0.012789928255637944,-1.7459878303426386,0.46807059444841326,0.23623516778359568,1,0.4,0,203,0.7236050242752978,0.7089681779097019,1.1786140596702663,1.7272192845376586,0.706445841270324,1.179169719553918,0.7270402463758083,-0.2934026533069685,1.1791721540257725
57.402,0,0.7047013747946613,0.7444042693497278,1.1814138558480636,-0.0902616845693059,0.1708885554585424,-0.028772384650910313,-0.05002380213675456,0.3581386915143766,-0.18381995535208123,18,0.4,0,266,0.7099614305110781,0.7255793788392964,1.1749021763365146,1.713030537461844,0.722908012779156,1.1754564952577453,0.7128826593154395,-0.27690477775439654,1.1756531391035627
57.402,1,1.7117907120699025,0.7290480517282749,1.2006523173082284,0.030432567116003933,0.15512037413792476,-0.05330229201506223,0.8833824221384707,0.8213128617606661,-0.768263790627769,6,0.4,0,266,0.7099614305110781,0.7255793788392964,1.1749021763365146,1.713030537461844,0.722908012779156,1.1754564952577453,0.7128826593154395,-0.27690477775439654,1.1756531391035627
57.402,2,0.7034329195364715,-0.2687464728050757,1.2048307160723764,0.22488108325289144,-0.03395887142795334,-0.0033913541695963115,3.23648852799516,-1.296380403859275,-0.080906412126173,3,0.4,0,204,0.7099614305110781,0.7255793788392964,1.1749021763365146,1.713030537461844,0.722908012779156,1.1754564952577453,0.7128826593154395,-0.27690477775439654,1.1756531391035627
57.602000000000004,0,0.6846680515421265,0.7581136074521139,1.1848853259294945,-0.1001666162626728,0.06854669051192933,0.017357350407153114,-0.049524658466833786,-0.5117093247330581,0.23064867529031385,18,0.4,0,267,0.7021753819668064,0.7438128443544766,1.1686247152203233,1.7047147800870084,0.7409428102712563,1.1697061353041187,0.7046085652369372,-0.2588923757977877,1.1698874834518151
57.602000000000004,1,1.7007654703451733,0.7429749733528695,1.1764172189562234,-0.05512620862364514,0.06963460812297219,-0.12117549176002324,-0.42779387869823926,-0.4274288300747568,-0.3393659987248002,5,0.4,0,267,0.7021753819668064,0.7438128443544766,1.1686247152203233,1.7047147800870084,0.7409428102712563,1.1697061353041187,0.7046085652369372,-0.2588923757977877,1.1698874834518151
57.602000000000004,2,0.6884027583559797,-0.2378292421081909,1.1911098265917885,-0.07515080590245767,0.15458615348442176,-0.06860444740293861,-1.5001594457767242,0.9427251245618621,-0.3260654661667069,2,0.4,0,205,0.7021753819668064,0.7438128443544766,1.1686247152203233,1.7047147800870084,0.7409428102712563,1.1697061353041187,0.7046085652369372,-0.2588923757977877,1.1698874834518151
57.801,0,0.6694237140161009,0.7570236123121886,1.1875547533919688,-0.07660471118605908,-0.0054773625121872305,0.01341420835414365,0.11840153304831132,-0.3719801659503381,-0.019814784185977395,15,0.4,0,268,0.6690471055820584,0.7466979623678722,1.1742450235077446,1.6742694829725726,0.7462802917813113,1.1744306656000036,0.6742151712250558,-0.25355688069405774,1.174565594841142
57.801,1,1.6653012308863604,0.7427490185196817,1.1856290987791507,-0.17821225858700143,-0.0011354514230546855,0.04629085338154503,-0.6185228641374748,-0.3556284399297867,0.8415394228219593,4,0.4,0,268,0.6690471055820584,0.7466979623678722,1.1742450235077446,1.6742694829725726,0.7462802917813113,1.1744306656000036,0.6742151712250558,-0.25355688069405774,1.174565594841142
57.801,2,0.6802707079659409,-0.24027891166946214,1.208258462549733,-0.04086457482431602,-0.012309897292820417,0.08617405003992279,0.17229261848312552,-0.8386736219962,0.7777813941852407,1,0.4,0,206,0.6690471055820584,0.7466979623678722,1.1742450235077446,1.6742694829725726,0.7462802917813113,1.1744306656000036,0.6742151712250558,-0.25355688069405774,1.174565594841142
58.001000000000005,0,0.6236514201391037,0.739454942884187,1.1845700300293656,-0.22886146938498256,-0.08784334714000683,-0.014923616813016027,-0.7612837909946066,-0.4118299231390921,-0.14168912583579638,17,0.4,0,269,0.6333598109284939,0.7409764465321859,1.1712535369250598,1.637897834526411,0.7401383409818266,1.1719610900958848,0.6378784424571426,-0.2597109977608098,1.1720643394258052
58.001000000000005,1,1.613046087059638,0.7293772308699464,1.1805246394109403,-0.26127571913360864,-0.06685893824867523,-0.02552229684105142,-0.41531730273303014,-0.328617434128098,-0.3590657511129771,7,0.4,0,269,0.6333598109284939,0.7409764465321859,1.1712535369250598,1.637897834526411,0.7401383409818266,1.1719610900958848,0.6378784424571426,-0.2597109977608098,1.1720643394258052
58.001000000000005,2,0.6254173455704751,-0.2682369484729976,1.2031670941643386,-0.27426681197732533,-0.1397901840176754,-0.025456841926970925,-1.16701118576503,-0.6374014336242658,-0.5581544598344607,5,0.4,0,207,0.6333598109284939,0.7409764465321859,1.1712535369250598,1.637897834526411,0.7401383409818266,1.1719610900958848,0.6378784424571426,-0.2597109977608098,1.1720643394258052
58.201,0,0.5747308037994256,0.7439394107463968,1.1827387752069796,-0.2446030816983958,0.022422339311049456,-0.009156274111931291,-0.07870806156706796,0.5513284322552932,0.028836713505424293,18,0.4,0,270,0.5997049028337488,0.7399937078745433,1.1666072621172774,1.6038796526363652,0.7387875691438064,1.1673961604462186,0.6038883730038161,-0.26108031032659906,1.1674719825671018
58.201,1,1.5897673329047608,0.7486412762170317,1.178701339555066,-0.1163937707743881,0.09632022673542834,-0.009116499279372053,0.7244097417961181,0.8158958249205353,0.08202898780839858,6,0.4,0,270,0.5997049028337488,0.7399937078745433,1.1666072621172774,1.6038796526363652,0.7387875691438064,1.1673961604462186,0.6038883730038161,-0.26108031032659906,1.1674719825671018
58.201,2,0.5773296656014758,-0.2565218390949,1.1781889377317905,-0.2404383998450018,0.0585755468904893,-0.12489078216274363,0.16914206066162132,0.9918286545408447,-0.4971697011788741,2,0.4,0,208,0.5997049028337488,0.7399937078745433,1.1666072621172774,1.6038796526363652,0.7387875691438064,1.1673961604462186,0.6038883730038161,-0.26108031032659906,1.1674719825671018
58.401,0,0.5730259604330308,0.7526344681350426,1.182711763259514,-0.008524216831974091,0.0434752869432286,-0.00013505973732730133,1.1803943243320918,0.10526473816089423,0.04510607187301931,18,0.4,0,271,0.5681832867849305,0.7427159558903864,1.1616905375265227,1.5719720455101527,0.7412150034122298,1.1624784459404378,0.5720005526615692,-0.25867356927072543,1.1625326734315033
58.401,1,1.5396523895548484,0.7632706644607755,1.1722297968916875,-0.25057471674955845,0.07314694121871808,-0.03235771331689184,-0.6709047298758422,-0.11586642758354965,-0.1162060701875973,5,0.4,0,271,0.5681832867849305,0.7427159558903864,1.1616905375265227,1.5719720455101527,0.7412150034122298,1.1624784459404378,0.5720005526615692,-0.25867356927072543,1.1625326734315033
58.401,2,0.596674887363841,-0.27729816641848215,1.170475861029651,0.09672610881182439,-0.10388163661790925,-0.038565383510696945,1.685822543284107,-0.8122859175419812,0.43162699326022735,1,0.4,0,209,0.5681832867849305,0.7427159558903864,1.1616905375265227,1.5719720455101527,0.7412150034122298,1.1624784459404378,0.5720005526615692,-0.25867356927072543,1.1625326734315033
58.601000000000006,0,0.5367388211651014,0.7574752352995537,1.1643639733412443,-0.1814356963396444,0.02420383582255513,-0.09173894959134712,-0.8645573975383393,-0.09635725560336598,-0.4580194492700926,13,0.4,0,272,0.5390868870283129,0.7486504438982645,1.156857757194255,1.5424828883901927,0.7469124276188909,1.157632773464737,0.542524150437313,-0.2529973080922317,1.1576705596290182
58.601000000000006,1,1.5262457696669225,0.7461977069073168,1.1583544293452832,-0.06703309943962858,-0.08536478776729241,-0.06937683773202098,0.9177080865496362,-0.7925586449300411,-0.18509562207564306,5,0.4,0,272,0.5390868870283129,0.7486504438982645,1.156857757194255,1.5424828883901927,0.7469124276188909,1.157632773464737,0.542524150437313,-0.2529973080922317,1.1576705596290182
58.601000000000006,2,0.548990237326336,-0.2528934220118946,1.163127713677094,-0.23842325018752103,0.12202372203293614,-0.03674073676278481,-1.675746794996703,1.1295267932542108,0.009123233739560541,1,0.4,0,210,0.5390868870283129,0.7486504438982645,1.156857757194255,1.5424828883901927,0.7469124276188909,1.157632773464737,0.542524150437313,-0.2529973080922317,1.1576705596290182
58.80200000000001,0,0.5021749773978913,0.755090228205255,1.164759426433516,-0.17195942172741294,-0.011865706936809849,0.0019674283197593226,0.04714564483697235,-0.17945046148937757,0.4662008851298816,23,0.4,0,273,0.5126506402632504,0.7572928029741319,1.1521339665509605,1.5156540843825472,0.7553733191714826,1.152894673941289,0.5157022877364702,-0.2445567434514261,1.1529203179180119
58.80200000000001,1,1.5190693711940388,0.7675747195107258,1.1586057217242027,-0.0357034749894708,0.10635329653437267,0.0012502108403961757,0.15586877835899354,0.9538213149336547,0.35137835110655213,7,0.4,0,273,0.5126506402632504,0.7572928029741319,1.1521339665509605,1.5156540843825472,0.7553733191714826,1.152894673941289,0.5157022877364702,-0.2445567434514261,1.1529203179180119
58.80200000000001,2,0.5192832894101744,-0.22915072554916294,1.1658550856076064,-0.14779576077692302,0.11812286797378894,0.013569014579664316,0.45088303189352125,-0.01940723412511038,0.25029727036044275,2,0.4,0,211,0.5126506402632504,0.7572928029741319,1.1521339665509605,1.5156540843825472,0.7553733191714826,1.152894673941289,0.5157022877364702,-0.2445567434514261,1.1529203179180119
59.002,0,0.4913391541642358,0.7759592736517101,1.1577591018420605,-0.054179116168278404,0.10434522723227813,-0.03500162295727713,0.5889015277956852,0.5810546708454523,-0.1848452563851862,21,0.4,0,274,0.4890198425919593,0.7681416876269247,1.147511371411241,1.4916381308997435,0.7660920637125381,1.1482558301732373,0.49168874347361285,-0.23385663638309262,1.148272525447516
59.002,1,1.4727389191346374,0.775212868341554,1.1656426615418534,-0.23165226029701275,0.038190744154142066,0.03518469908825336,-0.9797439265377307,-0.34081276190116033,0.16967244123928954,6,0.4,0,274,0.4890198425919593,0.7681416876269247,1.147511371411241,1.4916381308997435,0.7660920637125381,1.1482558301732373,0.49168874347361285,-0.23385663638309262,1.148272525447516
59.002,2,0.4848893773588974,-0.2344277116592126,1.165625900857865,-0.17196956025638888,-0.026384930550248938,-0.0011459237487077246,-0.12086899739733184,-0.7225389926202048,-0.07357469164186177,1,0.4,0,212,0.4890198425919593,0.7681416876269247,1.147511371411241,1.4916381308997435,0.7660920637125381,1.1482558301732373,0.49168874347361285,-0.23385663638309262,1.148272525447516
59.201,0,0.46164842392501937,0.7948911583357722,1.1510723630045256,-0.1491996494433002,0.09513509891488554,-0.033601702701181846,-0.4774901169599131,-0.04628205184619433,0.007034775156257771,19,0.4,0,275,0.46822406984862186,0.7807667911319228,1.1432240158532112,1.4705061771726713,0.7785839255626748,1.1437177983884532,0.4705179872423123,-0.22133123805493654,1.1439610818612564
59.201,1,1.4520328576258534,0.8017717917942403,1.1512410769379835,-0.10405056034564793,0.13346192689792236,-0.07236977187874374,0.64121457261993,0.4787496620290514,-0.5404747284773777,5,0.4,0,275,0.46822406984862186,0.7807667911319228,1.1432240158532112,1.4705061771726713,0.7785839255626748,1.1437177983884532,0.4705179872423123,-0.22133123805493654,1.1439610818612564
59.201,2,0.4770489998959973,-0.201684925633959,1.1644907083900338,-0.039398881723116626,0.16453661319223076,-0.005704484762971037,0.6661843142375555,0.9594047424245303,-0.022907341780217874,1,0.4,0,213,0.46822406984862186,0.7807667911319228,1.1432240158532112,1.4705061771726713,0.7785839255626748,1.1437177983884532,0.4705179872423123,-0.22133123805493654,1.1439610818612564
59.401,0,0.43312909272107547,0.8098557604614326,1.1501209914212571,-0.14259665601971744,0.07482301062830103,-0.004756857916341993,0.033014967117913296,-0.10156044143292112,0.14422422392419723,16,0.4,0,276,0.45035852944596516,0.7946214522964861,1.1389129385004404,1.4522623816856215,0.7923927247257988,1.1392955198594745,0.4522932705099156,-0.2075328018740594,1.1396216639517112
59.401,1,1.4404966483390529,0.7940249972341641,1.1586713490842442,-0.05768104643400247,-0.038733972800380496,0.0371513607313029,0.23184756955822397,-0.860979498491502,0.5476056630502254,8,0.4,0,276,0.45035852944596516,0.7946214522964861,1.1389129385004404,1.4522623816856215,0.7923927247257988,1.1392955198594745,0.4522932705099156,-0.2075328018740594,1.1396216639517112
59.401,2,0.41005125813493726,-0.21042557001090034,1.172363085205757,-0.33498870880529547,-0.04370322188470603,0.03936188407861473,-1.4779491354108731,-1.041199175384669,0.22533184420792565,3,0.4,0,214,0.45035852944596516,0.7946214522964861,1.1389129385004404,1.4522623816856215,0.7923927247257988,1.1392955198594745,0.4522932705099156,-0.2075328018740594,1.1396216639517112
59.601000000000006,0,0.4248455008448646,0.8159108777219148,1.143585587483462,-0.041417959381053714,0.030275586302410798,-0.032677019688975385,0.5058934831933114,-0.222737121629448,-0.13960080886316498,25,0.4,0,277,0.4353179346383234,0.8093105285863003,1.134598443815477,1.4368578039105053,0.8070967760932759,1.1350019419641242,0.4369116173813909,-0.19286082397813095,1.1352755154943786
59.601000000000006,1,1.4291662131771297,0.8252093441765526,1.149909010805353,-0.05665217580961587,0.15592173471194015,-0.04381169139445577,0.005144353121932923,0.9732785375615893,-0.40481526062878764,6,0.4,0,277,0.4353179346383234,0.8093105285863003,1.134598443815477,1.4368578039105053,0.8070967760932759,1.1350019419641242,0.4369116173813909,-0.19286082397813095,1.1352755154943786
59.601000000000006,2,0.40760582866710393,-0.1912033304835734,1.153564671510337,-0.012227147339166251,0.09611119763663331,-0.09399206847709818,1.6138078073306232,0.6990720976066868,-0.6667697627785552,3,0.4,0,215,0.4353179346383234,0.8093105285863003,1.134598443815477,1.4368578039105053,0.8070967760932759,1.1350019419641242,0.4369116173813909,-0.19286082397813095,1.1352755154943786
59.80200000000001,0,0.43098084462635905,0.829813760239512,1.143719494308759,0.030524098415395145,0.06916856973928934,0.000666203110930418,0.357920685554471,0.1934974300342211,0.16588668059654585,24,0.4,0,278,0.42633597626525166,0.8260395713713367,1.123628269323316,1.4275027780746494,0.8243311891141492,1.1249808214526091,0.427565071510358,-0.17565071754820413,1.1251927370863604
59.80200000000001,1,1.4113304328609986,0.8362192251457478,1.1304179604654778,-0.08873522545338773,0.054775527209926206,-0.09697039970087136,-0.15961716240682475,-0.5032149626965855,-0.26447118560405697,8,0.4,0,278,0.42633597626525166,0.8260395713713367,1.123628269323316,1.4275027780746494,0.8243311891141492,1.1249808214526091,0.427565071510358,-0.17565071754820413,1.1251927370863604
59.80200000000001,2,0.41254399509084083,-0.2034645580086114,1.125161457783331,0.024567992157894826,-0.061001131965363026,-0.14130952102987993,0.1830603955077661,-0.7816533811044574,-0.23541021170538123,6,0.4,0,216,0.42633597626525166,0.8260395713713367,1.123628269323316,1.4275027780746494,0.8243311891141492,1.1249808214526091,0.427565071510358,-0.17565071754820413,1.1251927370863604
60.002,0,0.3817055487731631,0.8245677075494253,1.1367468859913488,-0.2463764792659851,-0.026230263450434114,-0.0348630415870523,-1.3845028884069308,-0.4769941659486274,-0.17764622348991735,25,0.4,0,279,0.39315141065356835,0.8194655777872268,1.125477762728895,1.3969281813221253,0.8203398866449964,1.1256364792571023,0.39700628207181843,-0.17965283533220366,1.1258103223935148
60.002,1,1.399800324908699,0.8473456171456777,1.1200866209146183,-0.05765053976149915,0.055631959999650836,-0.051656697754298146,0.15542342845944623,0.004282163948623242,0.2265685097328709,6,0.4,0,279,0.39315141065356835,0.8194655777872268,1.125477762728895,1.3969281813221253,0.8203398866449964,1.1256364792571023,0.39700628207181843,-0.17965283533220366,1.1258103223935148
60.002,2,0.3717398234221235,-0.15670015434538964,1.1445562183591154,-0.20402085834359093,0.23382201831611382,0.09697380287892395,-1.1429442525074531,1.474115751407416,1.1914166195440448,2,0.4,0,217,0.39315141065356835,0.8194655777872268,1.125477762728895,1.3969281813221253,0.8203398866449964,1.1256364792571023,0.39700628207181843,-0.17965283533220366,1.1258103223935148
60.202000000000005,0,0.36094425487713977,0.8108121855550627,1.135939208093566,-0.10380646948011495,-0.06877760997181195,-0.0040383894889128285,0.7128500489293406,-0.2127367326068862,0.15412326049069516,20,0.4,0,280,0.35899878927943824,0.8087824421489666,1.1208489598183948,1.3624437624474224,0.8091467520561003,1.1210337665118841,0.3625369562540557,-0.19085674627953664,1.1211730729456824
60.202000000000005,1,1.36276266745451,0.8019046293323336,1.1398408911870805,-0.1851882872709433,-0.22720493906671702,0.09877135136230979,-0.6376887375472118,-1.414184495331819,0.7521402455830289,6,0.4,0,280,0.35899878927943824,0.8087824421489666,1.1208489598183948,1.3624437624474224,0.8091467520561003,1.1210337665118841,0.3625369562540557,-0.19085674627953664,1.1211730729456824
60.202000000000005,2,0.34199242813738495,-0.16690777367681453,1.1381778995451985,-0.14873697642369063,-0.051038096657123715,-0.03189159406958419,0.27641940959949757,-1.4243005748661675,-0.6443269847425315,7,0.4,0,218,0.35899878927943824,0.8087824421489666,1.1208489598183948,1.3624437624474224,0.8091467520561003,1.1210337665118841,0.3625369562540557,-0.19085674627953664,1.1211730729456824
60.402,0,0.328579894806233,0.7994965513489413,1.1290059884953663,-0.1618218003545374,-0.05657817103060857,-0.03466609799100036,-0.2900766543721184,0.06099719470601823,-0.1531385425104409,27,0.4,0,281,0.32597035750817854,0.8027032046399797,1.1149438804549001,1.329206505368604,0.802720781626475,1.1151555827335762,0.3293075155101763,-0.19729724803039211,1.1152675455321621
60.402,1,1.3147634781623934,0.7907053869006598,1.1203206286214458,-0.23999594646058786,-0.05599621215837022,-0.09760131282817594,-0.27403829594822865,0.8560436345417523,-0.9818633209524495,10,0.4,0,281,0.32597035750817854,0.8027032046399797,1.1149438804549001,1.329206505368604,0.802720781626475,1.1151555827335762,0.3293075155101763,-0.19729724803039211,1.1152675455321621
60.402,2,0.3303819307737954,-0.19656804383428872,1.1369717430700463,-0.05805248681794896,-0.1483013507873741,-0.006030782375760064,0.453422448028718,-0.4863162706512623,0.12930405846912338,3,0.4,0,219,0.32597035750817854,0.8027032046399797,1.1149438804549001,1.329206505368604,0.802720781626475,1.1151555827335762,0.3293075155101763,-0.19729724803039211,1.1152675455321621
60.601000000000006,0,0.2868725906817778,0.8039488027049274,1.1268828680797345,-0.20958444283645297,0.022373122391889606,-0.010668946812218633,-0.24001327880358966,0.3967401679522419,0.12058869939085981,23,0.4,0,282,0.2943153998783099,0.8005410799002423,1.1090548766068196,1.2973119909840582,0.8002633982982621,1.1093105142615662,0.2974145263594772,-0.19977022621506685,1.1094015894127836
60.601000000000006,1,1.2747500954442634,0.8221762407086418,1.1149024620127375,-0.20107227496547125,0.15814499400995558,-0.027226967882955613,0.19559633917143515,1.076086463157388,0.35363992434783165,9,0.4,0,282,0.2943153998783099,0.8005410799002423,1.1090548766068196,1.2973119909840582,0.8002633982982621,1.1093105142615662,0.2974145263594772,-0.19977022621506685,1.1094015894127836
60.601000000000006,2,0.3113935342868283,-0.2125484338622161,1.1397541560274247,-0.09541907782395277,-0.08030346747702,0.013981974660192376,-0.1877718141005168,0.3416979060821726,0.10056661827111518,5,0.4,0,220,0.2943153998783099,0.8005410799002423,1.1090548766068196,1.2973119909840582,0.8002633982982621,1.1093105142615662,0.2974145263594772,-0.19977022621506685,1.1094015894127836
60.801,0,0.24768621116608786,0.8032862728892887,1.1164381203028804,-0.1959318975784538,-0.003312649078193801,-0.05222373888427223,0.06826272628999729,-0.12842885735041976,-0.20777396036027243,16,0.4,0,283,0.26442984892547605,0.8019144862126222,1.1034811337882366,1.2671768560766419,0.8013873980058017,1.1037797662454407,0.26727569355262165,-0.19866132438784084,1.1038551427580185
60.801,1,1.2686214006885745,0.8145103504510325,1.1259313760912302,-0.030643473778445104,-0.038329451288047475,0.05514457039246474,0.8521440059351488,-0.9823722264900363,0.41185769137711054,5,0.4,0,283,0.26442984892547605,0.8019144862126222,1.1034811337882366,1.2671768560766419,0.8013873980058017,1.1037797662454407,0.26727569355262165,-0.19866132438784084,1.1038551427580185
60.801,2,0.24034287219170947,-0.19119056280351154,1.104024973024572,-0.35525331047560177,0.10678935529352512,-0.17864591501426766,-1.2991711632582728,0.9354641138527455,-0.9631394483723207,5,0.4,0,221,0.26442984892547605,0.8019144862126222,1.1034811337882366,1.2671768560766419,0.8013873980058017,1.1037797662454407,0.26727569355262165,-0.19866132438784084,1.1038551427580185
61.001000000000005,0,0.24040063236149778,0.8109981213661009,1.1198319047619965,-0.03642789402294986,0.03855924238406084,0.01696892229558076,0.7975200177775085,0.20935945731127023,0.34596330589926,19,0.4,0,284,0.23666664578672622,0.8063976106403953,1.0981970302821107,1.2391601314634142,0.8056639553425936,1.098529614734558,0.23925123983649277,-0.19439825380480097,1.098593277681271
61.001000000000005,1,1.2298314962006636,0.8085469133754238,1.1155815046856385,-0.19394952243955269,-0.02981718537804281,-0.051749357027957396,-0.8165302433055264,0.04256132955002273,-0.5344696371021032,11,0.4,0,284,0.23666664578672622,0.8063976106403953,1.0981970302821107,1.2391601314634142,0.8056639553425936,1.098529614734558,0.23925123983649277,-0.19439825380480097,1.098593277681271
61.001000000000005,2,0.23253475989153993,-0.176590397234885,1.093214816271523,-0.039040561500847115,0.07300082784313162,-0.05405078376524409,1.5810637448737508,-0.1689426372519651,0.6229756562451091,6,0.4,0,222,0.23666664578672622,0.8063976106403953,1.0981970302821107,1.2391601314634142,0.8056639553425936,1.098529614734558,0.23925123983649277,-0.19439825380480097,1.098593277681271
61.202000000000005,0,0.2115218634263779,0.8185996354844151,1.1063227045653867,-0.14367546733890446,0.03781847820056763,-0.06720995122691445,-0.5335700164972853,-0.0036853939477274117,-0.41880036578355717,15,0.4,0,285,0.21126001487272836,0.8135195541020359,1.0931532247177063,1.2135003685808698,0.8126181438512978,1.0935093183177336,0.2136050743727096,-0.18743709528020486,1.0935554422075306
61.202000000000005,1,1.2095348270471082,0.8174352371641214,1.1027910394803997,-0.10097845350027498,0.044220516361679126,-0.06363415524994438,0.46254263153869385,0.3683467748244863,-0.059128349363119184,11,0.4,0,285,0.21126001487272836,0.8135195541020359,1.0931532247177063,1.2135003685808698,0.8126181438512978,1.0935093183177336,0.2136050743727096,-0.18743709528020486,1.0935554422075306
61.202000000000005,2,0.2201563098492344,-0.19266510195303455,1.094713621055293,-0.06158432856868409,-0.07997365531417659,0.007456740217761519,-0.11215804511361649,-0.761067080384616,0.3060075820050023,6,0.4,0,223,0.21126001487272836,0.8135195541020359,1.0931532247177063,1.2135003685808698,0.8126181438512978,1.0935093183177336,0.2136050743727096,-0.18743709528020486,1.0935554422075306
61.402,0,0.18754225390146512,0.8369989779992683,1.11176772898233,-0.11989804762456652,0.09199671257426796,0.02722512208471697,0.11888709857169226,0.2708911718685074,0.47217536655816716,18,0.4,0,286,0.18839585116276777,0.8229375239873037,1.0886162196648412,1.190385573499162,0.8219049455281285,1.0889883695365679,0.1905116206620962,-0.1782386986283886,1.0887024603799975
61.402,1,1.1972686781985689,0.8336185007534445,1.1087758484945058,-0.06133074424269766,0.08091631794661719,0.02992404507053134,0.19823854628789084,0.18347900792469424,0.46779100160238857,9,0.4,0,286,0.18839585116276777,0.8229375239873037,1.0886162196648412,1.190385573499162,0.8219049455281285,1.0889883695365679,0.1905116206620962,-0.1782386986283886,1.0887024603799975
61.402,2,0.190022456473533,-0.17266659828556064,1.1017682947100744,-0.15066926687851023,0.09999251833737169,0.035273368273907785,-0.4454246915491402,0.8998308682577605,0.1390831402807343,6,0.4,0,224,0.18839585116276777,0.8229375239873037,1.0886162196648412,1.190385573499162,0.8219049455281285,1.0889883695365679,0.1905116206620962,-0.1782386986283886,1.0887024603799975
61.601000000000006,0,0.17359692819453343,0.8442905261360669,1.1017557099119861,-0.07007701360266998,0.036640945411047614,-0.05031165361981719,0.2503569548838957,-0.27816968423728095,-0.3896320387162419,22,0.4,0,287,0.16824904086108505,0.8340150790552294,1.08393859842323,1.1699964730782237,0.8328833272090138,1.084315202101607,0.17006597114238992,-0.16725226853083705,1.0840231399860767
61.601000000000006,1,1.1660657706751862,0.8333354325750704,1.1020079982372768,-0.15679853026825027,-0.0014224531576587103,-0.034009297775018835,-0.47973761821884486,-0.4137626688656973,-0.3212730796258719,8,0.4,0,287,0.16824904086108505,0.8340150790552294,1.08393859842323,1.1699964730782237,0.8328833272090138,1.084315202101607,0.17006597114238992,-0.16725226853083705,1.0840231399860767
61.601000000000006,2,0.16309001509840193,-0.19032460784547944,1.0995482466251603,-0.13533890138256466,-0.08873371638149924,-0.011156020527207109,0.07703701254243807,-0.9483730387882715,-0.23331351156338534,4,0.4,0,225,0.16824904086108505,0.8340150790552294,1.08393859842323,1.1699964730782237,0.8328833272090138,1.084315202101607,0.17006597114238992,-0.16725226853083705,1.0840231399860767
61.80200000000001,0,0.15921678204004358,0.8547841775873506,1.0964908144473893,-0.07154301569397917,0.05220722115066489,-0.026193509774113076,-0.0072935427428317745,0.07744415790854346,0.1199907654015127,18,0.4,0,288,0.1507562462202426,0.8464188290313612,1.0793819722833808,1.152269682460034,0.8452169647148051,1.0797542991599385,0.15229677199104383,-0.15490542359015433,1.0795229736103282
61.80200000000001,1,1.138603950171639,0.8386029756087868,1.0841747732805005,-0.1366259726544643,0.026206681759783315,-0.08872251222276857,0.10036098315316379,0.13745838267384056,-0.27220504700372933,12,0.4,0,288,0.1507562462202426,0.8464188290313612,1.0793819722833808,1.152269682460034,0.8452169647148051,1.0797542991599385,0.15229677199104383,-0.15490542359015433,1.0795229736103282
61.80200000000001,2,0.19139462485296793,-0.1694925453142626,1.1296341024528844,0.14081895400281558,0.10364210214535712,0.14968087476479644,1.3739196785342265,0.9570936245117208,0.8001835586666822,1,0.4,0,226,0.1507562462202426,0.8464188290313612,1.0793819722833808,1.152269682460034,0.8452169647148051,1.0797542991599385,0.15229677199104383,-0.15490542359015433,1.0795229736103282
62.001000000000005,0,0.13089384553939648,0.8747506668439603,1.090189869625492,-0.1423263140736049,0.10033411686738646,-0.03166303930601774,-0.35569496673179113,0.24184369706895495,-0.027485073024646835,25,0.4,0,289,0.13787365343896302,0.8622366558056122,1.0727781755998755,1.1381079582653129,0.8598768153288591,1.0744204441575096,0.13810486781906997,-0.14022992154879482,1.0742507563027424
62.001000000000005,1,1.1286086751663253,0.8702354782726696,1.0914116770604774,-0.05022751258951611,0.15895729981850773,0.03636635065315105,0.4341631159042665,0.6670885329584205,0.6285872506327681,13,0.4,0,289,0.13787365343896302,0.8622366558056122,1.0727781755998755,1.1381079582653129,0.8598768153288591,1.0744204441575096,0.13810486781906997,-0.14022992154879482,1.0742507563027424
62.001000000000005,2,0.150463626908784,-0.12814295893469385,1.1276768537944115,-0.20568340675469507,0.20778686622899076,-0.009835420394336327,-1.7412178932538391,0.52334052303334,-0.8015894229102227,2,0.4,0,227,0.13787365343896302,0.8622366558056122,1.0727781755998755,1.1381079582653129,0.8598768153288591,1.0744204441575096,0.13810486781906997,-0.14022992154879482,1.0742507563027424
62.201,0,0.1068937100559294,0.853083485748699,1.0815570559004795,-0.12000067741733794,-0.10833590547630897,-0.0431640686250632,0.11162818328133721,-1.0433501117184993,-0.057505146595228526,31,0.4,0,290,0.1145420972257009,0.8608261743678733,1.0693708792679468,1.1181329269830653,0.8626332119821081,1.0690723173883254,0.11810249340471538,-0.1374723167161734,1.068951069664869
62.201,1,1.0974588660313875,0.8622178178729344,1.0882524324268235,-0.15574904567469128,-0.04008830199867671,-0.0157962231682699,-0.5276076654258871,-0.9952280090859434,-0.2608128691071103,15,0.4,0,290,0.1145420972257009,0.8608261743678733,1.0693708792679468,1.1181329269830653,0.8626332119821081,1.0690723173883254,0.11810249340471538,-0.1374723167161734,1.068951069664869
62.201,2,0.11572594811077175,-0.16093846199966588,1.0684410525327166,-0.173688393990065,-0.16397751532486365,-0.29617900630848093,0.15997506382315377,-1.8588219077693116,-1.4317179295707536,5,0.4,0,228,0.1145420972257009,0.8608261743678733,1.0693708792679468,1.1181329269830653,0.8626332119821081,1.0690723173883254,0.11810249340471538,-0.1374723167161734,1.068951069664869
62.401,0,0.06925734966494734,0.836583655330824,1.0833353674593753,-0.18818180195490763,-0.08249915208937358,0.008891557794479128,-0.34090562268784363,0.12918376693467512,0.26027813209770795,19,0.4,0,291,0.08130093729724786,0.844655046835132,1.0649889164065127,1.084377180808881,0.8462272847074405,1.0656763258131572,0.08433152825890255,-0.15388112314330876,1.065580300976934
62.401,1,1.0645164787105823,0.8607599364202893,1.0823880730980842,-0.1647119366040244,-0.007289407263225586,-0.02932179664369608,-0.04481445464666492,0.1639944736772533,-0.06762786737712993,10,0.4,0,291,0.08130093729724786,0.844655046835132,1.0649889164065127,1.084377180808881,0.8462272847074405,1.0656763258131572,0.08433152825890255,-0.15388112314330876,1.065580300976934
62.401,2,0.0791811542487762,-0.1693840176586241,1.0658762482013344,-0.18272396930997514,-0.04222777829479048,-0.012824021656910696,-0.045177876599550075,0.6087486851503572,1.416774923257831,4,0.4,0,229,0.08130093729724786,0.844655046835132,1.0649889164065127,1.084377180808881,0.8462272847074405,1.0656763258131572,0.08433152825890255,-0.15388112314330876,1.065580300976934
62.602000000000004,0,0.04036337641048171,0.8315715368591755,1.0824708490800883,-0.14375111071873412,-0.02493591279427112,-0.004301086464115104,0.22104821510534034,0.2863842751000115,-0.0656350460626577,17,0.4,0,292,0.04953162633698753,0.8333103096258275,1.0580784199502016,1.0526018748858754,0.8345064070919596,1.058806335050179,0.05254228245628757,-0.1655993746452355,1.058732602054298
62.602000000000004,1,1.0523234909320638,0.8471333367462899,1.0692959006676825,-0.06066163073889738,-0.06779402822885243,-0.0651351862209034,0.5176632132593371,-0.30101801475436163,-0.17817606754829468,10,0.4,0,292,0.04953162633698753,0.8333103096258275,1.0580784199502016,1.0526018748858754,0.8345064070919596,1.058806335050179,0.05254228245628757,-0.1655993746452355,1.058732602054298
62.602000000000004,2,0.04379506842374975,-0.15610481521130537,1.0949355645142798,-0.176050178233962,0.06606568381750594,0.14457371299972713,0.033202940676682266,0.538773443344757,0.7830733067494399,3,0.4,0,230,0.04953162633698753,0.8333103096258275,1.0580784199502016,1.0526018748858754,0.8345064070919596,1.058806335050179,0.05254228245628757,-0.1655993746452355,1.058732602054298
62.80200000000001,0,0.015112422353898258,0.8287824128492992,1.0590901491448528,-0.12625477028291546,-0.013945620049381293,-0.1169034996761753,0.08748170217909204,0.05495146372444835,-0.563012066060293,19,0.4,0,293,0.018407659033589777,0.825962091509698,1.0512176522162977,1.0214084570111033,0.8268148023068589,1.051888505777006,0.021337714683257625,-0.17328497519327082,1.0518324260831935
62.80200000000001,1,1.0093941407155915,0.8241213029107364,1.0650021796250027,-0.2146467510823588,-0.11506016917776588,-0.02146860521339969,-0.7699256017172962,-0.23633070474456386,0.21833290503751548,13,0.4,0,293,0.018407659033589777,0.825962091509698,1.0512176522162977,1.0214084570111033,0.8268148023068589,1.051888505777006,0.021337714683257625,-0.17328497519327082,1.0518324260831935
62.80200000000001,2,-0.0007927160767979835,-0.18229704913841593,1.0936600310363058,-0.2229389225027355,-0.13096116963555096,-0.006377667389868467,-0.23444372134386424,-0.9851342672652705,-0.7547569019479673,2,0.4,0,231,0.018407659033589777,0.825962091509698,1.0512176522162977,1.0214084570111033,0.8268148023068589,1.051888505777006,0.021337714683257625,-0.17328497519327082,1.0518324260831935
63.002,0,-0.01353612487350897,0.8345106767958891,1.0550869979400135,-0.1432427361370392,0.028641319732949977,-0.0200157560241969,-0.08493982927062049,0.21293469891166092,0.4844387182599023,13,0.4,0,294,-0.011686164104300806,0.8223528222442593,1.0451896583424607,0.9912079424873969,0.8228810717000681,1.0457948910896306,-0.008871467146060895,-0.17721038585805227,1.0457530736007101
63.002,1,0.9780498981297381,0.8142332205999402,1.054816288851213,-0.15672121292927083,-0.04944041155398199,-0.05092945386894973,0.2896276907654461,0.3280987881189264,-0.14730424327775335,12,0.4,0,294,-0.011686164104300806,0.8223528222442593,1.0451896583424607,0.9912079424873969,0.8228810717000681,1.0457948910896306,-0.008871467146060895,-0.17721038585805227,1.0457530736007101
63.002,2,0.009382115340979602,-0.15771286335247292,1.0740005904578984,0.05087415708888901,0.12292092892971769,-0.09829720289203912,1.3690653979581515,1.2694104928263703,-0.4595976775108631,3,0.4,0,232,-0.011686164104300806,0.8223528222442593,1.0451896583424607,0.9912079424873969,0.8228810717000681,1.0457948910896306,-0.008871467146060895,-0.17721038585805227,1.0457530736007101
63.201,0,-0.04868332121822894,0.8314033597670455,1.0593131702315945,-0.1766190771091473,-0.015614658436400114,0.02123704669136234,-0.1677203063925046,-0.2223918500972388,0.20730051615859116,19,0.4,0,295,-0.0400606134949383,0.8221027820547708,1.0393097157830686,0.9626941755862106,0.822334940009211,1.0398589501798938,-0.037391329257468575,-0.17774681572410858,1.0398280425132758
63.201,1,0.9615970263617819,0.8174351680896775,1.054843170075231,-0.08267774757767005,0.016090188390640078,0.00013508152772950634,0.37207771533468087,0.32929949720915935,0.25660570551095346,14,0.4,0,295,-0.0400606134949383,0.8221027820547708,1.0393097157830686,0.9626941755862106,0.822334940009211,1.0398589501798938,-0.037391329257468575,-0.17774681572410858,1.0398280425132758
63.201,2,-0.05317726389181532,-0.16055294997122327,1.0478363253214489,-0.3143687398632941,-0.014271792054021988,-0.13147871927864274,-1.8353914419707875,-0.6894106582097539,-0.1667412883748942,4,0.4,0,233,-0.0400606134949383,0.8221027820547708,1.0393097157830686,0.9626941755862106,0.822334940009211,1.0398589501798938,-0.037391329257468575,-0.17774681572410858,1.0398280425132758
63.402,0,-0.07026869607575259,0.8349224173269338,1.0511845502920147,-0.1073899246642965,0.01750774905417085,-0.040440895221789425,0.34442364400423187,0.16478809696801433,-0.30685543240373936,17,0.4,0,296,-0.06652712147953659,0.8248279265598625,1.0336726198893995,0.9360620880108635,0.8247947933490263,1.034175973497482,-0.06402750110951176,-0.1752765236084516,1.0341537414703548
63.402,1,0.922945678175138,0.8156959098226544,1.045243145040394,-0.19229526461016788,-0.008653026204095237,-0.047761318581278106,-0.5453607812562068,-0.12310057012306096,-0.23829054780600742,13,0.4,0,296,-0.06652712147953659,0.8248279265598625,1.0336726198893995,0.9360620880108635,0.8247947933490263,1.034175973497482,-0.06402750110951176,-0.1752765236084516,1.0341537414703548
63.402,2,-0.06076602131891129,-0.14823726002728677,1.0505594667060443,-0.03775501207510424,0.06127208927331578,0.013547967087538694,1.3761877004387522,0.3758402056086447,0.7215258028168212,5,0.4,0,234,-0.06652712147953659,0.8248279265598625,1.0336726198893995,0.9360620880108635,0.8247947933490263,1.034175973497482,-0.06402750110951176,-0.1752765236084516,1.0341537414703548
63.602000000000004,0,-0.08954420233419269,0.840422553030834,1.0360983000525126,-0.09637753129219913,0.027500678519500495,-0.0754312511975103,0.055061966860486096,0.04996464732664751,-0.17495177987860192,16,0.4,0,297,-0.09084979789374298,0.8301185979202723,1.0283086589742003,0.9115543016934989,0.8298528110200104,1.0287738151154333,-0.08853752380852872,-0.1702077816819905,1.0287584574425699
63.602000000000004,1,0.9036417996630859,0.8453219524485437,1.0312976076295732,-0.09651939256025895,0.1481302131294444,-0.06972768705410261,0.47887936024953787,0.7839161966676872,-0.10983184236412095,14,0.4,0,297,-0.09084979789374298,0.8301185979202723,1.0283086589742003,0.9115543016934989,0.8298528110200104,1.0287738151154333,-0.08853752380852872,-0.1702077816819905,1.0287584574425699
63.602000000000004,2,-0.10719592114537435,-0.16450431210626992,1.0224292043335814,-0.232149499132312,-0.08133526039491464,-0.14065131186231117,-0.9719724352860251,-0.713036748341142,-0.7709963947492383,3,0.4,0,235,-0.09084979789374298,0.8301185979202723,1.0283086589742003,0.9115543016934989,0.8298528110200104,1.0287738151154333,-0.08853752380852872,-0.1702077816819905,1.0287584574425699
63.80200000000001,0,-0.10880660877327641,0.8343084253309263,1.047841413437801,-0.09631203219541724,-0.030570638499538127,0.05871556692644081,0.00032749548390941885,-0.29035658509518897,0.6707340906197461,14,0.4,0,298,-0.11285750627368495,0.8375595891234694,1.0231960783562752,0.8893480490543676,0.8370942774474932,1.0236277947329695,-0.11074442304200596,-0.16295565288768943,1.023617827818047
63.80200000000001,1,0.8787317592655111,0.852620927394694,1.0406245673326464,-0.12455020198787264,0.036494874730750894,0.04663479851536467,-0.1401540471380665,-0.5581766919934597,0.5818124278473281,12,0.4,0,298,-0.11285750627368495,0.8375595891234694,1.0231960783562752,0.8893480490543676,0.8370942774474932,1.0236277947329695,-0.11074442304200596,-0.16295565288768943,1.023617827818047
63.80200000000001,2,-0.08322283136937803,-0.15806691409432583,1.0199860048567393,0.11986544887997992,0.03218699005972002,-0.012215997384210468,1.7600747400614347,0.5676112522731652,0.6421765723904943,1,0.4,0,236,-0.11285750627368495,0.8375595891234694,1.0231960783562752,0.8893480490543676,0.8370942774474932,1.0236277947329695,-0.11074442304200596,-0.16295565288768943,1.023617827818047
64.00200000000001,0,-0.12417751708480362,0.8454641012698207,1.0272185518486359,-0.07685454155763495,0.0557783796944714,-0.10311430794582374,0.09728745318891008,0.4317450909700415,-0.8091493743613113,13,0.4,0,299,-0.13245268559832096,0.8467402795536235,1.018323454480137,0.8695463953239233,0.8461080849937511,1.0187234575317736,-0.1305453487772356,-0.15393147823775455,1.018717679027924
64.00200000000001,1,0.8631878136218571,0.8579629501039028,1.0297266536479808,-0.07771972821826845,0.026710113546043645,-0.05448956842332742,0.23415236884801766,-0.04892380592353555,-0.5056218346934532,23,0.4,0,299,-0.13245268559832096,0.8467402795536235,1.018323454480137,0.8695463953239233,0.8461080849937511,1.0187234575317736,-0.1305453487772356,-0.15393147823775455,1.018717679027924
64.00200000000001,2,-0.136708288069461,-0.13980257809916607,1.0596442906119656,-0.2674272835004111,0.09132167997579746,0.19829142877612776,-1.9364636619019275,0.295673449580383,1.0525371308016762,2,0.4,0,237,-0.13245268559832096,0.8467402795536235,1.018323454480137,0.8695463953239233,0.8461080849937511,1.0187234575317736,-0.1305453487772356,-0.15393147823775455,1.018717679027924
64.20100000000001,0,-0.1530318170422873,0.8649302565010677,1.0227365501389079,-0.14499648219841182,0.09781987553390523,-0.0225226216569249,-0.34242181226521373,0.21126379818811172,0.40498334818542525,17,0.4,0,300,-0.14942230707193072,0.8584168660168654,1.0130061367930092,0.8522155232584193,0.8566853053993232,1.0139726901263366,-0.14787437354414804,-0.14334442965437036,1.0139700921664352
64.20100000000001,1,0.8416212481602334,0.8563534606948872,1.0335416675131552,-0.10837470081218055,-0.008087886477465498,0.019170923945600517,-0.1540450884116201,-0.1748643217261783,0.37015322798456607,24,0.4,0,300,-0.14942230707193072,0.8584168660168654,1.0130061367930092,0.8522155232584193,0.8566853053993232,1.0139726901263366,-0.14787437354414804,-0.14334442965437036,1.0139700921664352
64.20100000000001,2,-0.14899135950366682,-0.11178596969045684,1.0523272986133474,-0.06172397705631123,0.14078697692818845,-0.036768804013156776,1.033684957005537,0.24856933141905263,-1.1812071999461649,3,0.4,0,238,-0.14942230707193072,0.8584168660168654,1.0130061367930092,0.8522155232584193,0.8566853053993232,1.0139726901263366,-0.14787437354414804,-0.14334442965437036,1.0139700921664352
64.40100000000001,0,-0.16855688321055473,0.8587114307603164,1.0268300207799288,-0.07762533084133606,-0.031094128703755945,0.02046735320510444,0.33685575678537405,-0.6445700211882966,0.21494987431014362,16,0.4,0,301,-0.16985260354268003,0.8591827649738015,1.010134590102029,0.8338969485953956,0.8613494464274827,1.00937060237858,-0.1661859388507441,-0.13867028630057926,1.0093634161319844
64.40100000000001,1,0.831872753391034,0.8521654773944594,1.0257844691924622,-0.04874247384599642,-0.0209399165021387,-0.038785991603464416,0.2981611348309164,-0.0642601501233651,-0.2897845777453205,19,0.4,0,301,-0.16985260354268003,0.8591827649738015,1.010134590102029,0.8338969485953956,0.8613494464274827,1.00937060237858,-0.1661859388507441,-0.13867028630057926,1.0093634161319844
64.40100000000001,2,-0.1571922420913323,-0.14734867900565152,1.0363604433968896,-0.04100441293832688,-0.17781354657597084,-0.0798342760822873,0.1035978205899203,-1.5930026175207739,-0.21532736034564956,4,0.4,0,239,-0.16985260354268003,0.8591827649738015,1.010134590102029,0.8338969485953956,0.8613494464274827,1.00937060237858,-0.1661859388507441,-0.13867028630057926,1.0093634161319844
64.601,0,-0.21229120263410506,0.8391581873881914,1.0205549960425442,-0.21867159711776407,-0.0977662168606308,-0.03137512368692486,-0.7052313313821802,-0.33336044078439325,-0.25921238446016126,14,0.4,0,302,-0.2023349851226569,0.8393274102747572,1.0075641255122685,0.8008623358441709,0.8413785661771556,1.0081549216601304,-0.1992127001757005,-0.15863685456268453,1.0081486922390888
64.601,1,0.788880288611209,0.8442724521854624,1.0221181032601137,-0.21496232389913716,-0.039465126044986885,-0.018331829661744,-0.8310992502657509,-0.09262604771424618,0.10227080970860788,27,0.4,0,302,-0.2023349851226569,0.8393274102747572,1.0075641255122685,0.8008623358441709,0.8413785661771556,1.0081549216601304,-0.1992127001757005,-0.15863685456268453,1.0081486922390888
64.601,2,-0.18972447298362605,-0.1686751259734216,1.026424536835093,-0.1626611544614779,-0.10663223483885649,-0.04967953280898612,-0.6082837076157898,0.355906558685592,0.15077371636651446,5,0.4,0,240,-0.2023349851226569,0.8393274102747572,1.0075641255122685,0.8008623358441709,0.8413785661771556,1.0081549216601304,-0.1992127001757005,-0.15863685456268453,1.0081486922390888
64.802,0,-0.23728854471274008,0.8198712174808885,1.0220596935124875,-0.1243648859633536,-0.0959550741656821,0.0074860570643948245,0.4691876176836164,0.009010660173873844,0.1933392077180011,16,0.4,0,303,-0.2330223124732693,0.8244569728100457,1.000949190722449,0.7701818719610827,0.8260820033935854,1.0016303965151172,-0.22988602691550714,-0.1739311736513967,1.0016238525571781
64.802,1,0.760304868732014,0.824591810353531,1.020810321807824,-0.1421662680556916,-0.09791364095487894,-0.006506375384526244,0.36216943205692936,-0.29078863139248673,0.05883310585680253,25,0.4,0,303,-0.2330223124732693,0.8244569728100457,1.000949190722449,0.7701818719610827,0.8260820033935854,1.0016303965151172,-0.22988602691550714,-0.1739311736513967,1.0016238525571781
64.802,2,-0.2238710874001596,-0.17469400623254128,1.0255929931177188,-0.1698836538135933,-0.029944677906066898,-0.004137033419771735,-0.03593283259758762,0.38153013399396357,0.22657959895130675,3,0.4,0,241,-0.2330223124732693,0.8244569728100457,1.000949190722449,0.7701818719610827,0.8260820033935854,1.0016303965151172,-0.22988602691550714,-0.1739311736513967,1.0016238525571781
65.001,0,-0.26306308036862003,0.8267724855512922,1.0098494005858236,-0.12952027967778995,0.034679739047255104,-0.061358255912884914,-0.02590650107756986,0.6564563478037109,-0.34595132149387137,13,0.4,0,304,-0.2632899794906602,0.8136393449168507,0.9941031037536906,0.7398442143104413,0.814880673271551,0.9947572728956457,-0.26021753779295403,-0.18513091344292743,0.9947502299195778
65.001,1,0.7315209971465129,0.8124043908513848,0.9994992308487921,-0.1446425707814136,-0.06124331408113723,-0.10709090934186898,-0.012443732290060402,0.184272999365538,-0.5054499193836367,19,0.4,0,304,-0.2632899794906602,0.8136393449168507,0.9941031037536906,0.7398442143104413,0.814880673271551,0.9947572728956457,-0.26021753779295403,-0.18513091344292743,0.9947502299195778
65.001,2,-0.26103409974349845,-0.2149487337299394,1.0077807916112833,-0.18674880574542319,-0.2022850628009975,-0.08950855028359679,-0.08474950719512588,-0.8660320848991573,-0.42900259730565776,4,0.4,0,242,-0.2632899794906602,0.8136393449168507,0.9941031037536906,0.7398442143104413,0.814880673271551,0.9947572728956457,-0.26021753779295403,-0.18513091344292743,0.9947502299195778
65.202,0,-0.2996580586220736,0.8105920126411764,1.0040207081828298,-0.18206456842514823,-0.08049986522445944,-0.028998469666637192,-0.26141437187741295,-0.5730328570732255,0.16099396142412328,12,0.4,0,305,-0.29263977036355027,0.8065783123336082,0.9876445612680581,0.7103897227684774,0.8074611510155625,0.988252618504777,-0.28966688525577944,-0.19254932755779622,0.988245320021119
65.202,1,0.696946761508289,0.7971265832955988,1.003876856873127,-0.17201112257823387,-0.07600899281485823,0.021779233951915593,-0.13616194923791625,-0.07346108822747009,0.641144991511387,20,0.4,0,305,-0.29263977036355027,0.8065783123336082,0.9876445612680581,0.7103897227684774,0.8074611510155625,0.988252618504777,-0.28966688525577944,-0.19254932755779622,0.988245320021119
65.202,2,-0.29431390839961,-0.19042435461920704,1.0030411618223964,-0.16557118734384413,0.12201183637180675,-0.02358024770590614,0.10536128557999877,1.6134174088199746,0.3280015053616558,5,0.4,0,243,-0.29263977036355027,0.8065783123336082,0.9876445612680581,0.7103897227684774,0.8074611510155625,0.988252618504777,-0.28966688525577944,-0.19254932755779622,0.988245320021119
65.40100000000001,0,-0.32253527149380967,0.8019944494809775,1.009380843767853,-0.11496086870218412,-0.043203834975871123,0.02693535469860814,0.3372045212209044,0.18741723743008049,0.28107449429769793,13,0.4,0,306,-0.3206604862026245,0.8029575147255904,0.9815858763721237,0.6822307842768413,0.8035122786135712,0.9821528765134492,-0.31782155855611727,-0.19649734976255107,0.9821455193109794
65.40100000000001,1,0.6680582303769579,0.8066268337985731,0.9913055318585516,-0.14516849814738383,0.0477399522762499,-0.06317248751042506,0.13488755995401194,0.6218539954326658,-0.42689307267505233,19,0.4,0,306,-0.3206604862026245,0.8029575147255904,0.9815858763721237,0.6822307842768413,0.8035122786135712,0.9821528765134492,-0.31782155855611727,-0.19649734976255107,0.9821455193109794
65.40100000000001,2,-0.3138125997768466,-0.21177438610551236,0.9911352871083643,-0.09798337375495168,-0.1072865903834372,-0.05982851615091136,0.339637254215519,-1.1522534007800493,-0.18215210273870844,4,0.4,0,244,-0.3206604862026245,0.8029575147255904,0.9815858763721237,0.6822307842768413,0.8035122786135712,0.9821528765134492,-0.31782155855611727,-0.19649734976255107,0.9821455193109794
65.601,0,-0.3378272081023507,0.8049466176127279,0.9850576282138059,-0.07645968304270935,0.014760840658752668,-0.12161607777024239,0.1925059282973848,0.2898233781731354,-0.7427571623442949,9,0.4,0,307,-0.34701299488843623,0.8024093034434409,0.9758543780379638,0.655713644168415,0.8026697752304899,0.9763868714535381,-0.3443352118648612,-0.19733908021139676,0.9763797184358375
65.601,1,0.6417145540610368,0.8031331508548926,0.9819922996060655,-0.1317183815796126,-0.017468414718403873,-0.046566161262433105,0.06725058283885997,-0.32604183497328737,0.08303163123996452,20,0.4,0,307,-0.34701299488843623,0.8024093034434409,0.9758543780379638,0.655713644168415,0.8026697752304899,0.9763868714535381,-0.3443352118648612,-0.19733908021139676,0.9763797184358375
65.601,2,-0.34302154277832264,-0.20139416866220317,0.985594310419609,-0.14604471500738844,0.05190108721654891,-0.02770488344377755,-0.24030670626219747,0.7959383879999758,0.16061816353567818,5,0.4,0,245,-0.34701299488843623,0.8024093034434409,0.9758543780379638,0.655713644168415,0.8026697752304899,0.9763868714535381,-0.3443352118648612,-0.19733908021139676,0.9763797184358375
65.801,0,-0.3661499344176806,0.8114911859240893,0.9854547126538672,-0.14161363157664772,0.03272284155680658,0.0019854222003059803,-0.3257697426696872,0.0898100044902683,0.6180074998527331,11,0.4,0,308,-0.3714430064114009,0.8045407098023476,0.9703894389624457,0.6310992519675768,0.804542033454013,0.9708918988887034,-0.36894675577245223,-0.195466010899807,0.9708851104719616
65.801,1,0.6172636916011803,0.8106366736519831,0.9808697283277543,-0.12225431229928072,0.03751761398545219,-0.0056128563915560405,0.04732034640165877,0.2749301435192764,0.2047665243543824,21,0.4,0,308,-0.3714430064114009,0.8045407098023476,0.9703894389624457,0.6310992519675768,0.804542033454013,0.9708918988887034,-0.36894675577245223,-0.195466010899807,0.9708851104719616
65.801,2,-0.35767583657942337,-0.1756592980413787,0.9710149282053426,-0.07327146900550259,0.1286743531041205,-0.0728969110713313,0.3638662300094241,0.3838663294378526,-0.22596013813776553,2,0.4,0,246,-0.3714430064114009,0.8045407098023476,0.9703894389624457,0.6310992519675768,0.804542033454013,0.9708918988887034,-0.36894675577245223,-0.195466010899807,0.9708851104719616
66.001,0,-0.3930101149724654,0.8098109958900737,0.9799787042351635,-0.134300902773922,-0.008400950170078128,-0.02738004209351763,0.03656364401362803,-0.20561895863442065,-0.14682732146911598,14,0.4,0,309,-0.39377390681522767,0.8089515202096347,0.9651568778101263,0.6085703188857104,0.8087289378029188,0.9656315116065727,-0.39147336013429834,-0.1912781678707278,0.9656252828253051
66.001,1,0.6014051993365634,0.810236449782152,0.9810966928497071,-0.07929246132308344,-0.0020011193491553383,0.0011348226097637588,0.21480925488098332,-0.19759366667303485,0.03373839500659852,20,0.4,0,309,-0.39377390681522767,0.8089515202096347,0.9651568778101263,0.6085703188857104,0.8087289378029188,0.9656315116065727,-0.39147336013429834,-0.1912781678707278,0.9656252828253051
66.001,2,-0.39912477213617437,-0.1646041122700912,0.9703429129926817,-0.20724467778375205,0.05527592885643672,-0.003360076063304248,-0.6698660438912378,-0.3669921212384137,0.34768417504013027,3,0.4,0,247,-0.39377390681522767,0.8089515202096347,0.9651568778101263,0.6085703188857104,0.8087289378029188,0.9656315116065727,-0.39147336013429834,-0.1912781678707278,0.9656252828253051
66.20100000000001,0,-0.42370729649717975,0.8133148411823924,0.9912793763815726,-0.15348590762356953,0.0175192264615934,0.05650336073204451,-0.09592502424823626,0.1296008831583558,0.41941701412780474,10,0.4,0,310,-0.41389762210519876,0.8152490396693379,0.960148501025572,0.5882401956211408,0.8148369296066231,0.9605953676944645,-0.4118015404087684,-0.18516906358528298,0.9605898572584557
66.20100000000001,1,0.5913313942560742,0.8183764219010241,0.9730994529583046,-0.05036902540244572,0.040699860594359795,-0.03998619945701219,0.14461717960318657,0.21350489971757264,-0.20560511033387685,22,0.4,0,310,-0.41389762210519876,0.8152490396693379,0.960148501025572,0.5882401956211408,0.8148369296066231,0.9605953676944645,-0.4118015404087684,-0.18516906358528298,0.9605898572584557
66.20100000000001,2,-0.41964115266698376,-0.16872768835737117,0.9861786834201262,-0.10258190265404553,-0.020617880436399602,0.07917885213722108,0.5233138756485252,-0.3794690464641762,0.41269464100262077,4,0.4,0,248,-0.41389762210519876,0.8152490396693379,0.960148501025572,0.5882401956211408,0.8148369296066231,0.9605953676944645,-0.4118015404087684,-0.18516906358528298,0.9605898572584557
66.40100000000001,0,-0.43476118513018636,0.8269108136742777,0.9642893877715735,-0.05526944316503223,0.06797986245942536,-0.134949943049994,0.4910823222926795,0.2523031799891562,-0.9572665189101789,9,0.4,0,311,-0.4294107093012013,0.8258363977783357,0.9502600613496442,0.572065259462907,0.8253994182991037,0.951365658257158,-0.4279759806330886,-0.17460518767338898,0.9513604218685621
66.40100000000001,1,0.5720402776572933,0.8272388778830372,0.9648933409313123,-0.09645558299390318,0.044312279910064735,-0.04103056013496084,-0.23043278795728403,0.018062096578524443,-0.005221803389743174,21,0.4,0,311,-0.4294107093012013,0.8258363977783357,0.9502600613496442,0.572065259462907,0.8253994182991037,0.951365658257158,-0.4279759806330886,-0.17460518767338898,0.9513604218685621
66.40100000000001,2,-0.4153894782256562,-0.18347247757064422,0.959174957033547,0.02125837220663754,-0.07372394606636419,-0.13501863193289335,0.6192013743034065,-0.2655303281498192,-1.0709874203505567,3,0.4,0,249,-0.4294107093012013,0.8258363977783357,0.9502600613496442,0.572065259462907,0.8253994182991037,0.951365658257158,-0.4279759806330886,-0.17460518767338898,0.9513604218685621
66.602,0,-0.45977890114282327,0.801651708544712,0.9605575160986242,-0.12446624881909321,-0.12566718969933566,-0.018566525736066805,-0.34426271469683206,-0.9634181699441162,0.5790219766862239,9,0.4,0,312,-0.4592172818496697,0.8086673211547336,0.9558703501186739,0.5442677223041563,0.8114086555276274,0.9557969026456508,-0.4557674062986804,-0.18859545158856006,0.9557997560773548
66.602,1,0.5386465423127323,0.8101980273412333,0.9717509846684641,-0.16613798678886563,-0.0847803509542512,0.03411763053309497,-0.34667862584559567,-0.642251894847364,0.373871595363474,27,0.4,0,312,-0.4592172818496697,0.8086673211547336,0.9558703501186739,0.5442677223041563,0.8114086555276274,0.9557969026456508,-0.4557674062986804,-0.18859545158856006,0.9557997560773548
66.602,2,-0.4493460598525406,-0.19696374234194947,0.9803813389852636,-0.16893821704918174,-0.06712072025525218,0.10550438781948872,-0.946251687839928,0.03285186970702603,1.1966319390666167,3,0.4,0,250,-0.4592172818496697,0.8086673211547336,0.9558703501186739,0.5442677223041563,0.8114086555276274,0.9557969026456508,-0.4557674062986804,-0.18859545158856006,0.9557997560773548
66.802,0,-0.48034534498462833,0.7760300487767362,0.9742143066767527,-0.10283221920902384,-0.12810829883987723,0.06828395289064162,0.1081701480503453,-0.012205545702707703,0.434252393133536,11,0.4,0,313,-0.48958130939834243,0.7876411442274752,0.952877937045412,0.5136112038369431,0.7897322704055428,0.9533105160041087,-0.4864168024546094,-0.21027300963344883,0.9533123630951065
66.802,1,0.5044401727427176,0.7856619352322266,0.9610713728858937,-0.1710318478500714,-0.12268046054503148,-0.0533980589128514,-0.024469305306028463,-0.18950054795389873,-0.4375784472297256,29,0.4,0,313,-0.48958130939834243,0.7876411442274752,0.952877937045412,0.5136112038369431,0.7897322704055428,0.9533105160041087,-0.4864168024546094,-0.21027300963344883,0.9533123630951065
66.802,2,-0.4853901603027272,-0.2337496823618701,0.9443365017833447,-0.18022050225093034,-0.18392970009960058,-0.18022418600959206,-0.05641142600874216,-0.5840448992217337,-1.4286428691453836,2,0.4,0,251,-0.48958130939834243,0.7876411442274752,0.952877937045412,0.5136112038369431,0.7897322704055428,0.9533105160041087,-0.4864168024546094,-0.21027300963344883,0.9533123630951065
67.0,0,-0.5092150498809682,0.7621685681448515,0.9658745687516247,-0.14580659038555993,-0.07000747793881423,-0.04211988851074884,-0.21704227866938153,0.293438489399318,-0.5575951585929,9,0.4,0,314,-0.519479976154714,0.771605688252817,0.9480302957082681,0.48364183448133985,0.773267206318901,0.9485565509558431,-0.5163810824486386,-0.22674009343165039,0.948557405369832
67.0,1,0.470461124488264,0.765391992569588,0.9671533922355113,-0.1716113548204785,-0.10237344779110749,0.030717269442514204,-0.0029268028808441555,0.10256067047436707,0.42482489068367907,25,0.4,0,314,-0.519479976154714,0.771605688252817,0.9480302957082681,0.48364183448133985,0.773267206318901,0.9485565509558431,-0.5163810824486386,-0.22674009343165039,0.948557405369832
67.0,2,-0.5238069100572313,-0.23318833361353208,0.9571787253090513,-0.19402398865911846,0.0028350946885759534,0.06485971477629804,-0.06971457781913432,0.9432565393342569,1.2377974787166586,4,0.4,0,252,-0.519479976154714,0.771605688252817,0.9480302957082681,0.48364183448133985,0.773267206318901,0.9485565509558431,-0.5163810824486386,-0.22674009343165039,0.948557405369832
67.20100000000001,0,-0.547811624761138,0.7525298332174419,0.9672633083809805,-0.19202276059785225,-0.04795390511148833,0.006909152384854828,-0.22993119508602275,0.10971926779763715,0.2439255765950339,9,0.4,0,315,-0.5485570696585548,0.7597107150482355,0.9427970974923476,0.4544567248721746,0.7609827074505803,0.9433298589622342,-0.5455624542657331,-0.23902678651303266,0.9433299518230686
67.20100000000001,1,0.45703645387333625,0.7599363133539156,0.9521839854192488,-0.06678940604441419,-0.027142682665035587,-0.07447466077742265,0.5215022327167181,0.3742824135625326,-0.5233429364175765,19,0.4,0,315,-0.5485570696585548,0.7597107150482355,0.9427970974923476,0.4544567248721746,0.7609827074505803,0.9433298589622342,-0.5455624542657331,-0.23902678651303266,0.9433299518230686
67.20100000000001,2,-0.5589814615888982,-0.21597307645064245,0.9495683528445075,-0.17499776881425616,0.08564804558651233,-0.03786254957484346,0.0946578101734407,0.4120047308354887,-0.5110560415479483,3,0.4,0,253,-0.5485570696585548,0.7597107150482355,0.9427970974923476,0.4544567248721746,0.7609827074505803,0.9433298589622342,-0.5455624542657331,-0.23902678651303266,0.9433299518230686
67.40100000000001,0,-0.5890778115185595,0.7380889433194942,0.952434019284824,-0.20633093378710482,-0.07220444948973789,-0.07414644548078225,-0.07154086594626181,-0.12125272189124608,-0.40527798932817966,6,0.4,0,316,-0.5765375130160583,0.7515348560143069,0.9377852659211374,0.4263396430578842,0.752454160443731,0.9383105061614465,-0.5736623187506544,-0.2475274434584601,0.9383075592837388
67.40100000000001,1,0.43155702166487375,0.7511255993652293,0.9575488392667267,-0.1273971610423104,-0.04405356994343128,0.026824269237389516,-0.3030387749894767,-0.08455443639197725,0.5064946500740536,18,0.4,0,316,-0.5765375130160583,0.7515348560143069,0.9377852659211374,0.4263396430578842,0.752454160443731,0.9383105061614465,-0.5736623187506544,-0.2475274434584601,0.9383075592837388
67.40100000000001,2,-0.5579621372045751,-0.2748213775981845,0.9441226172854731,0.005096621921615235,-0.29424150573770597,-0.02722867779517124,0.9004719536793441,-1.8994477566210646,0.05316935889836034,2,0.4,0,254,-0.5765375130160583,0.7515348560143069,0.9377852659211374,0.4263396430578842,0.752454160443731,0.9383105061614465,-0.5736623187506544,-0.2475274434584601,0.9383075592837388
67.602,0,-0.5774431664701327,0.7396136239334724,0.9555563696564523,0.05788380621108059,0.007585475691434366,0.015534081450888025,1.314501194020866,0.3969648018963924,0.44617177577946876,4,0.4,0,317,-0.6030351593761019,0.746780862649011,0.9331306936659526,0.39968103555846124,0.7473864716469306,0.9336472160793019,-0.6002377951509532,-0.2526510154293596,0.9332606623042212
67.602,1,0.3885014948587421,0.7526047770406663,0.9494045165381741,-0.21420660102553793,0.00735909291262232,-0.040519018550013934,-0.43188776111059896,0.255784392318683,-0.3350412327731625,16,0.4,0,317,-0.6030351593761019,0.746780862649011,0.9331306936659526,0.39968103555846124,0.7473864716469306,0.9336472160793019,-0.6002377951509532,-0.2526510154293596,0.9332606623042212
67.602,2,-0.577425513741856,-0.2692953838605878,0.9580561471874186,-0.09683271909095302,0.027492506157198202,0.06932104428828816,-0.5071111493162767,1.600666725845347,0.48034687603712717,3,0.4,0,255,-0.6030351593761019,0.746780862649011,0.9331306936659526,0.39968103555846124,0.7473864716469306,0.9336472160793019,-0.6002377951509532,-0.2526510154293596,0.9332606623042212
67.801,0,-0.6258632123859627,0.7288433691447054,0.9533831267305373,-0.24331681364738897,-0.05412188336063887,-0.010920818723191495,-1.5135709540626758,-0.3100872314174565,-0.13293919685467223,6,0.4,0,318,-0.6276544336535788,0.7449134393718081,0.928158806216718,0.37488507072066857,0.7452446192528029,0.9286650817974078,-0.6250503111579183,-0.25483236620950883,0.9280894761486371
67.801,1,0.3736694004850939,0.7531200439006284,0.9415230641396564,-0.07453313755602169,0.002589280703326961,-0.0396052884347634,0.7018767008518473,-0.02396890557434877,0.004591608619349456,17,0.4,0,318,-0.6276544336535788,0.7449134393718081,0.928158806216718,0.37488507072066857,0.7452446192528029,0.9286650817974078,-0.6250503111579183,-0.25483236620950883,0.9280894761486371
67.801,2,-0.6053251472076298,-0.263888665151224,0.9628320249982323,-0.140199163144593,0.027169440750572236,0.023999385983988566,-0.21792182941527835,-0.001623444254401857,-0.227747026654774,2,0.4,0,256,-0.6276544336535788,0.7449134393718081,0.928158806216718,0.37488507072066857,0.7452446192528029,0.9286650817974078,-0.6250503111579183,-0.25483236620950883,0.9280894761486371
68.00200000000001,0,-0.6623204636202562,0.7510874854797394,0.9445535477163363,-0.1813793593745879,0.11066724544792605,-0.04392825380199339,0.3081465386706404,0.819846411982879,-0.1642160949194062,6,0.4,0,319,-0.6503381556981295,0.7455012361124158,0.9229789711858514,0.3520144682227723,0.7455948605367949,0.9234702324280628,-0.6479862151963207,-0.2544829800820775,0.9229755453577252
68.00200000000001,1,0.3529346609991153,0.757512447382057,0.9382821714527629,-0.10315790789043686,0.021852753638947748,-0.01612384421339952,-0.14241179270852777,0.095838173809055,0.11682310557892037,15,0.4,0,319,-0.6503381556981295,0.7455012361124158,0.9229789711858514,0.3520144682227723,0.7455948605367949,0.9234702324280628,-0.6479862151963207,-0.2544829800820775,0.9229755453577252
68.00200000000001,2,-0.6485851285782995,-0.22345369109777935,0.9417185783956847,-0.21522378791377184,0.20116902514150806,-0.10504202289824252,-0.3732568396476418,0.8656695740842251,-0.6419970591155533,4,0.4,0,257,-0.6503381556981295,0.7455012361124158,0.9229789711858514,0.3520144682227723,0.7455948605367949,0.9234702324280628,-0.6479862151963207,-0.2544829800820775,0.9229755453577252
68.202,0,-0.6797975917760763,0.7570374263476259,0.9372645110993296,-0.08738564077910568,0.029749704339434604,-0.03644518308503499,0.4699685929774378,-0.40458770554248025,0.037415353584794114,8,0.4,0,320,-0.6710453871688685,0.7481824851663874,0.9178972119872912,0.33111338254928363,0.748073057396922,0.9183692777535313,-0.6689299516583419,-0.25199420279659035,0.9179841509377153
68.202,1,0.3264168386269759,0.7550861381944454,0.9288933817518714,-0.1325891118607044,-0.01213154593805901,-0.04694394850446055,-0.1471560198513461,-0.16992149788504343,-0.15410052145531392,25,0.4,0,320,-0.6710453871688685,0.7481824851663874,0.9178972119872912,0.33111338254928363,0.748073057396922,0.9183692777535313,-0.6689299516583419,-0.25199420279659035,0.9179841509377153
68.202,2,-0.7114927453256659,-0.2615776559041392,0.9215473461566746,-0.31453808373684955,-0.19061982403180994,-0.10085616119505665,-0.49657147911541677,-1.9589442458667015,0.02092930851593054,2,0.4,0,258,-0.6710453871688685,0.7481824851663874,0.9178972119872912,0.33111338254928363,0.748073057396922,0.9183692777535313,-0.6689299516583419,-0.25199420279659035,0.9179841509377153
68.40100000000001,0,-0.7072716523681419,0.7680116306102436,0.9261839547506356,-0.1380606059902708,0.05514675508852744,-0.05568118768187587,-0.2546480663877488,0.12762337059844858,-0.09666333968261151,4,0.4,0,321,-0.6881351922402446,0.7536200556604882,0.9082630820970483,0.31380566128661924,0.754484960580425,0.9086490473981883,-0.686263647365225,-0.24557147273925947,0.908353955278037
68.40100000000001,1,0.30618540914185055,0.7559790473553955,0.9231292805146194,-0.10166547479961889,0.004486980708291602,-0.028965332850510582,0.1553951611109729,0.08351018415251049,0.09034480228115004,21,0.4,0,321,-0.6881351922402446,0.7536200556604882,0.9082630820970483,0.31380566128661924,0.754484960580425,0.9086490473981883,-0.686263647365225,-0.24557147273925947,0.908353955278037
68.40100000000001,2,-0.6857864409430876,-0.24128855584791076,0.9358548077150861,0.12917740895767174,0.10195527666445811,0.07189679175080771,2.22972609394218,1.4702266366645727,0.8681052911851944,3,0.4,0,259,-0.6881351922402446,0.7536200556604882,0.9082630820970483,0.31380566128661924,0.754484960580425,0.9086490473981883,-0.686263647365225,-0.24557147273925947,0.908353955278037
68.602,0,-0.7261245196901351,0.7315824754336552,0.933184090704908,-0.09379535981091455,-0.18123957799298307,0.034826547036181967,0.22022510536993886,-1.1760514083657625,0.45028723740328763,6,0.4,0,322,-0.7176114830172707,0.7279111451617681,0.9153226353465583,0.28551188122908233,0.7307096526323589,0.915109049523404,-0.7145789399053089,-0.26935562969327653,0.9148769713744892
68.602,1,0.2860178161306527,0.7252611450602409,0.9245252191479998,-0.10033628363780359,-0.1528253845530129,0.006944968325276072,0.006612891352315165,-0.7826485833896002,0.1786582148049146,16,0.4,0,322,-0.7176114830172707,0.7279111451617681,0.9153226353465583,0.28551188122908233,0.7307096526323589,0.915109049523404,-0.7145789399053089,-0.26935562969327653,0.9148769713744892
68.602,2,-0.7281764889091606,-0.2882867112081553,0.9340154256306444,-0.21089576102524593,-0.23382166845893573,-0.009151154648964141,-1.6919063183230292,-1.6705320652905715,-0.4032236139292264,3,0.4,0,260,-0.7176114830172707,0.7279111451617681,0.9153226353465583,0.28551188122908233,0.7307096526323589,0.915109049523404,-0.7145789399053089,-0.26935562969327653,0.9148769713744892
68.802,0,-0.7439971810064874,0.7188887767973334,0.9286160812899167,-0.0893633065817599,-0.06346849318160784,-0.02284004707495619,0.02216026614577298,0.5888554240568677,-0.2883329705556867,8,0.4,0,323,-0.7470813206385856,0.7044718940860891,0.9154998003210909,0.25586768466439325,0.7066219517468817,0.9155849758198875,-0.7442379364862752,-0.29344381301563544,0.915400717569728
68.802,1,0.2449086706165176,0.7054788129823607,0.9304322166714658,-0.20554572757067235,-0.0989116603893994,0.02953498761732967,-0.5260472196643363,0.26956862081806365,0.11295009646026638,26,0.4,0,323,-0.7470813206385856,0.7044718940860891,0.9154998003210909,0.25586768466439325,0.7066219517468817,0.9155849758198875,-0.7442379364862752,-0.29344381301563544,0.915400717569728
68.802,2,-0.7395857489494562,-0.3040270820618405,0.936351414935114,-0.057046300201476795,-0.07870185426842478,0.011679946522347828,0.7692473041188347,0.7755990709525438,0.10415550585655836,3,0.4,0,261,-0.7470813206385856,0.7044718940860891,0.9154998003210909,0.25586768466439325,0.7066219517468817,0.9155849758198875,-0.7442379364862752,-0.29344381301563544,0.915400717569728
69.00200000000001,0,-0.7727185733753146,0.7100216893699407,0.935595653424751,-0.14360696184413396,-0.04433543713696301,0.034897860674171284,-0.2712182763118665,0.0956652802232228,0.28868953874563325,7,0.4,0,324,-0.7759356380325823,0.6862788050089415,0.9139455508533482,0.22689522496749112,0.6879816928886282,0.9141707266773252,-0.7732202861129464,-0.31207781281857916,0.9140235243584176
69.00200000000001,1,0.21981686927907584,0.6843371423328107,0.9255326751816781,-0.12545900668720705,-0.10570835324774835,-0.02449770744893824,0.4004336044173208,-0.033983464291744286,-0.2701634753313357,18,0.4,0,324,-0.7759356380325823,0.6862788050089415,0.9139455508533482,0.22689522496749112,0.6879816928886282,0.9141707266773252,-0.7732202861129464,-0.31207781281857916,0.9140235243584176
69.00200000000001,2,-0.7901691394037487,-0.31108785959854024,0.910164921813505,-0.2529169522714589,-0.03530388768349829,-0.13093246560804359,-0.9793532603498964,0.21698983292462937,-0.7130620606519469,4,0.4,0,262,-0.7759356380325823,0.6862788050089415,0.9139455508533482,0.22689522496749112,0.6879816928886282,0.9141707266773252,-0.7732202861129464,-0.31207781281857916,0.9140235243584176
69.202,0,-0.8020138940565864,0.6631589600649929,0.9276024882593833,-0.14647660340636748,-0.2343136465247525,-0.03996582582684099,-0.014348207811168395,-0.9498910469390015,-0.3743184325050826,9,0.4,0,325,-0.8036294628680957,0.6725313669027138,0.9114348029837981,0.19906311710779148,0.6738447224357075,0.9117375206602911,-0.8010574802983957,-0.3262047443160031,0.9116187275008575
69.202,1,0.2004050498809128,0.6857444883851191,0.9280839669112161,-0.0970590969908208,0.007036730261542457,0.01275645864769043,0.14199954848193935,0.5637254175464861,0.18627083048315393,18,0.4,0,325,-0.8036294628680957,0.6725313669027138,0.9114348029837981,0.19906311710779148,0.6738447224357075,0.9117375206602911,-0.8010574802983957,-0.3262047443160031,0.9116187275008575
69.202,2,-0.825256867283676,-0.316999828107811,0.9338007315495772,-0.17543863939964652,-0.02955984254635559,0.11817904868036805,0.38739156435908384,0.02872022568571515,1.245557571442129,2,0.4,0,263,-0.8036294628680957,0.6725313669027138,0.9114348029837981,0.19906311710779148,0.6738447224357075,0.9117375206602911,-0.8010574802983957,-0.3262047443160031,0.9116187275008575
69.402,0,-0.83945598984785,0.6561353910073026,0.9139863572258285,-0.18721047895631515,-0.03511784528845102,-0.06808065516777276,-0.20366937774973548,0.9959790061814933,-0.14057414670465684,6,0.4,0,326,-0.8298376538043477,0.6626471479907444,0.9080466987290947,0.17270103467084913,0.6636240686539417,0.9084004593103252,-0.8274203509072493,-0.3364136567910554,0.9083029448540266
69.402,1,0.17853218095843237,0.6563191877300166,0.9309835857324051,-0.10936434461240052,-0.1471265032755105,0.014498094105945063,-0.06152623810789774,-0.7708161676852537,0.008708177291273038,15,0.4,0,326,-0.8298376538043477,0.6626471479907444,0.9080466987290947,0.17270103467084913,0.6636240686539417,0.9084004593103252,-0.8274203509072493,-0.3364136567910554,0.9083029448540266
69.402,2,-0.8491185037848821,-0.3285869773707244,0.9307197869867174,-0.11930818250602879,-0.05793574631456606,-0.015404722814298447,0.28065228446808466,-0.14187951884105032,-0.667918857473323,3,0.4,0,264,-0.8298376538043477,0.6626471479907444,0.9080466987290947,0.17270103467084913,0.6636240686539417,0.9084004593103252,-0.8274203509072493,-0.3364136567910554,0.9083029448540266
69.602,0,-0.8465944658311391,0.6292002228601801,0.8929916910754514,-0.035692379916444965,-0.13467584073561054,-0.10497333075188427,0.7575904951993402,-0.4977899772357905,-0.18446337792055492,4,0.4,0,327,-0.854438919233535,0.656070150265791,0.9041734409814289,0.14793507170290485,0.6567567435818426,0.9045604918221257,-0.8521840176285915,-0.3432689365040606,0.9044798215042008
69.602,1,0.14993187827530385,0.6579098428747322,0.9172915731834315,-0.14300151341564057,0.007953275723577733,-0.06846006274486768,-0.16818584401619788,0.7753988949954301,-0.41479078425405785,12,0.4,0,327,-0.854438919233535,0.656070150265791,0.9041734409814289,0.14793507170290485,0.6567567435818426,0.9045604918221257,-0.8521840176285915,-0.3432689365040606,0.9044798215042008
69.602,2,-0.8553900389624871,-0.34190919775122297,0.921097432828299,-0.03135767588802474,-0.06661110190249192,-0.048111770792091536,0.439752533090014,-0.0433767779396287,-0.1635352398889631,2,0.4,0,265,-0.854438919233535,0.656070150265791,0.9041734409814289,0.14793507170290485,0.6567567435818426,0.9045604918221257,-0.8521840176285915,-0.3432689365040606,0.9044798215042008
69.801,0,-0.8915511542200742,0.650748424570779,0.9081362375098656,-0.22591300697957598,0.10828242065627694,0.0761032484141422,-0.955882548055944,1.2208957858888936,0.9099325586232575,4,0.4,0,328,-0.8773019725500744,0.6523248302354033,0.9000709079051286,0.12490036051844831,0.6527620139187146,0.9004774459450202,-0.8752139367462117,-0.34725206715611506,0.9004100376420144
69.801,1,0.1315407726663978,0.6477156481174137,0.9114166263479893,-0.09241761612515695,-0.05122710933325945,-0.02952234590674505,0.25419043864564883,-0.29738886963235056,0.19566691878453776,11,0.4,0,328,-0.8773019725500744,0.6523248302354033,0.9000709079051286,0.12490036051844831,0.6527620139187146,0.9004774459450202,-0.8752139367462117,-0.34725206715611506,0.9004100376420144
69.801,2,-0.8690501905262726,-0.3702987884580127,0.8922457153395889,-0.06864397770746562,-0.14266125983311548,-0.1449835049683943,-0.18736835085146356,-0.3821615976413281,-0.4867926340517774,1,0.4,0,266,-0.8773019725500744,0.6523248302354033,0.9000709079051286,0.12490036051844831,0.6527620139187146,0.9004774459450202,-0.8752139367462117,-0.34725206715611506,0.9004100376420144
70.001,0,-0.9392279931094882,0.6249519688949423,0.9106160539134484,-0.23838419444706654,-0.12898227837918147,0.012399082017913832,-0.062355937337451955,-1.1863234951772752,-0.31852083198113734,3,0.4,0,329,-0.8983478750148196,0.650997678173383,0.8959856718816083,0.10367895127866068,0.6512222032043272,0.8963996468311838,-0.896428564266564,-0.34878122591767713,0.8963422627300511
70.001,1,0.11100839954594383,0.6563709429297023,0.9096471377378835,-0.1026618656022684,0.04327647406144269,-0.008847443050528245,-0.05122124738555656,0.472517916973504,0.10337451428108255,15,0.4,0,329,-0.8983478750148196,0.650997678173383,0.8959856718816083,0.10367895127866068,0.6512222032043272,0.8963996468311838,-0.896428564266564,-0.34878122591767713,0.8963422627300511
70.001,2,-0.8797437855462034,-0.33982964563199825,0.8920263165857821,-0.053467975099652856,0.15234571413006998,-0.0010969937690335895,0.07588001303906275,1.4750348698159061,0.7194325559967933,3,0.4,0,267,-0.8983478750148196,0.650997678173383,0.8959856718816083,0.10367895127866068,0.6512222032043272,0.8963996468311838,-0.896428564266564,-0.34878122591767713,0.8963422627300511
70.20100000000001,0,-0.94970558684745,0.6296469515760444,0.8804446397631276,-0.05238796868980803,0.023474913405510334,-0.15085707075160168,0.9299811287862794,0.7622859589234482,-0.816280763847566,3,0.4,0,330,-0.9171781583218548,0.6500993391668777,0.8909479747108553,0.08479100399622745,0.6521751378840694,0.8904766668731745,-0.915471471488188,-0.34990661057979866,0.8915031661266316
70.20100000000001,1,0.08950908476429648,0.6493546150498699,0.9126955794244053,-0.10749657390823522,-0.03508163939916159,0.015242208432608489,-0.02417354152983373,-0.39179056730301587,0.12044825741568196,18,0.4,0,330,-0.9171781583218548,0.6500993391668777,0.8909479747108553,0.08479100399622745,0.6521751378840694,0.8904766668731745,-0.915471471488188,-0.34990661057979866,0.8915031661266316
70.20100000000001,2,-0.9091411203122453,-0.3552788290904507,0.8991389189883391,-0.1469866738302074,-0.07724591729226128,0.03556301201278427,-0.46759349365276603,-1.14795815711164,0.1833000289090867,3,0.4,0,268,-0.9171781583218548,0.6500993391668777,0.8909479747108553,0.08479100399622745,0.6521751378840694,0.8904766668731745,-0.915471471488188,-0.34990661057979866,0.8915031661266316
70.40100000000001,0,-0.9218871246235256,0.6267455629934361,0.9234689799081921,0.13909231111961987,-0.01450694291304157,0.21512170072531922,0.9574013990471258,-0.1899092815927568,1.8298938573845787,3,0.4,0,331,-0.9448382528170284,0.61785133801466,0.9003946745245969,0.05792326166662813,0.6211078803980961,0.8998672616936023,-0.9433311575820427,-0.38229584413137946,0.900927739221065
70.40100000000001,1,0.0711193898483431,0.6064420834979325,0.9152951443005064,-0.0919484745797656,-0.21456265775968403,0.01299782438050549,0.077740496642347,-0.8974050918025994,-0.011221920260514837,16,0.4,0,331,-0.9448382528170284,0.61785133801466,0.9003946745245969,0.05792326166662813,0.6211078803980961,0.8998672616936023,-0.9433311575820427,-0.38229584413137946,0.900927739221065
70.40100000000001,2,-0.9248132245968297,-0.3984521337121041,0.9257434047719373,-0.07836052142292105,-0.21586652310826374,0.13302242891798882,0.34313076203642684,-0.6931030290800023,0.4872970845260158,3,0.4,0,269,-0.9448382528170284,0.61785133801466,0.9003946745245969,0.05792326166662813,0.6211078803980961,0.8998672616936023,-0.9433311575820427,-0.38229584413137946,0.900927739221065
70.602,0,-0.9794369123634956,0.5832906945296836,0.9152570752378287,-0.2863173519401586,-0.2161933754415616,-0.040855247116236726,-2.1164659853721015,-1.0034150872066003,-1.2735171534406187,6,0.4,0,332,-0.9717326254771497,0.5916702299948555,0.9039911762179279,0.030935174336942706,0.5942386901799696,0.9037313310023358,-0.9703823037749467,-0.40853154567914574,0.9044673474787398
70.602,1,0.03817699107876138,0.587191812263913,0.9162449367514336,-0.1638925311919542,-0.09577249370159248,0.004725335576752064,-0.35793062991139785,0.590995841085052,-0.04115666071519253,12,0.4,0,332,-0.9717326254771497,0.5916702299948555,0.9039911762179279,0.030935174336942706,0.5942386901799696,0.9037313310023358,-0.9703823037749467,-0.40853154567914574,0.9044673474787398
70.602,2,-0.9453331972740369,-0.41574271091633164,0.9390358464593951,-0.10208941630451666,-0.0860227721603389,0.06613155068387237,-0.11805420339102685,0.6459888106862144,-0.33279043897571464,3,0.4,0,270,-0.9717326254771497,0.5916702299948555,0.9039911762179279,0.030935174336942706,0.5942386901799696,0.9037313310023358,-0.9703823037749467,-0.40853154567914574,0.9044673474787398
70.801,0,-0.9899032114441753,0.5560498987101808,0.9236183880468986,-0.05259446774210926,-0.1368884212035329,0.0420166472817583,1.174486855266591,0.39851735798004767,0.41644168039193885,6,0.4,0,333,-0.9980078293109489,0.5710237569963049,0.9055900834029574,0.004542562071011053,0.5730897268445332,0.9055423052956453,-0.9967278468131286,-0.4292147169248152,0.9057048238720331
70.801,1,-0.004089866899265826,0.5659680458653428,0.9207508412200518,-0.21239627124636992,-0.106652092455128,0.02264273602320728,-0.24373738720812152,-0.05467135052027951,0.09003718817314267,15,0.4,0,333,-0.9980078293109489,0.5710237569963049,0.9055900834029574,0.004542562071011053,0.5730897268445332,0.9055423052956453,-0.9967278468131286,-0.4292147169248152,0.9057048238720331
70.801,2,-1.033588404478141,-0.4445541482649522,0.9236410277808735,-0.4434935035382157,-0.14478109220412488,-0.07736089788201915,-1.715598428310062,-0.29526793991852535,-0.7210675807331303,1,0.4,0,271,-0.9980078293109489,0.5710237569963049,0.9055900834029574,0.004542562071011053,0.5730897268445332,0.9055423052956453,-0.9967278468131286,-0.4292147169248152,0.9057048238720331
71.001,0,-1.0206571439069898,0.5208446826023165,0.9337517979492977,-0.15376966231407055,-0.17602608053931906,0.050667049511994966,-0.5058759728597992,-0.19568829667892806,0.043252011151182705,4,0.4,0,334,-1.0229797859954528,0.5550980888813299,0.9052787813381689,-0.02056052983002949,0.5567410509532652,0.9053758158424208,-1.0218676065369667,-0.44520021424211936,0.9052913117349093
71.001,1,-0.02039245603521278,0.552160061491839,0.9226680772089995,-0.08151294567973362,-0.06903992186751763,0.009586179944738734,0.6544166278331721,0.18806085293804914,-0.06528278039234181,10,0.4,0,334,-1.0229797859954528,0.5550980888813299,0.9052787813381689,-0.02056052983002949,0.5567410509532652,0.9053758158424208,-1.0218676065369667,-0.44520021424211936,0.9052913117349093
71.001,2,-1.0316483714827307,-0.4624041237444134,0.9034029523471601,0.009700164977051036,-0.08924987739730479,-0.10119037716856594,2.2659683425763015,0.27765607403409653,-0.11914739643273224,2,0.4,0,272,-1.0229797859954528,0.5550980888813299,0.9052787813381689,-0.02056052983002949,0.5567410509532652,0.9053758158424208,-1.0218676065369667,-0.44520021424211936,0.9052913117349093
71.20100000000001,0,-1.067474230757239,0.5348980886443401,0.9201103649070403,-0.23408543425124217,0.07026703021011671,-0.06820716521128575,-0.40157885968585244,1.2314655537471613,-0.5943710736163952,4,0.4,0,335,-1.046546862905337,0.5431129363856798,0.9036213541730255,-0.04426992093481953,0.5443985044082478,0.9038213259677875,-1.0455988887049008,-0.45722722987679026,0.9036637813015519
71.20100000000001,1,-0.04494333602512701,0.5439540045074357,0.9151567565568229,-0.12275439994956941,-0.041030284922016186,-0.03755660326088236,-0.20620727134917602,0.14004818472750524,-0.2357139160281021,11,0.4,0,335,-1.046546862905337,0.5431129363856798,0.9036213541730255,-0.04426992093481953,0.5443985044082478,0.9038213259677875,-1.0455988887049008,-0.45722722987679026,0.9036637813015519
71.20100000000001,2,-1.0576290864754252,-0.4448128203995154,0.9312369034839106,-0.12990357496347063,0.08795651672448876,0.1391697556837512,-0.6980186997025984,0.8860319706089552,1.2018006642615686,1,0.4,0,273,-1.046546862905337,0.5431129363856798,0.9036213541730255,-0.04426992093481953,0.5443985044082478,0.9038213259677875,-1.0455988887049008,-0.45722722987679026,0.9036637813015519
71.40100000000001,0,-1.070961490502562,0.5734666882386152,0.9151076959638367,-0.017436298726614983,0.19284299797137308,-0.025013344716017717,1.0832456776231205,0.6128798388062732,0.2159691024763371,4,0.4,0,336,-1.0685881474918277,0.5344407864702433,0.9010622998208886,-0.06645979189210796,0.5354228087460073,0.9013330757992881,-1.0678256005421387,-0.46591515455120464,0.9013543999473004
71.40100000000001,1,-0.06683131054029923,0.5386702884813234,0.9176809439279261,-0.10943987257585952,-0.026418580130561267,0.01262093685551534,0.0665726368685485,0.07305852395727355,0.2508877005819849,9,0.4,0,336,-1.0685881474918277,0.5344407864702433,0.9010622998208886,-0.06645979189210796,0.5354228087460073,0.9013330757992881,-1.0678256005421387,-0.46591515455120464,0.9013543999473004
71.40100000000001,2,-1.0928592907919656,-0.44923921113592424,0.9285051867747887,-0.17615102158269974,-0.02213195368204381,-0.01365858354560942,-0.23123723309614228,-0.550442352032655,-0.7641416961467923,1,0.4,0,274,-1.0685881474918277,0.5344407864702433,0.9010622998208886,-0.06645979189210796,0.5354228087460073,0.9013330757992881,-1.0678256005421387,-0.46591515455120464,0.9013543999473004
71.602,0,-1.0881541265142636,0.528740775033394,0.9117209492327041,-0.08553550254578203,-0.22251698112051096,-0.0168494862245411,-0.33880200905059343,-2.0664675576711327,0.040616211400382504,5,0.4,0,337,-1.088982491154645,0.5288167476114085,0.8979221984613449,-0.08704139553017741,0.5292894539899605,0.8982222436459706,-1.0883321787230278,-0.47152847052522306,0.8983455918409364
71.602,1,-0.08467432304486056,0.5272458495768102,0.9166301784416989,-0.08877120649035779,-0.056838004500067374,-0.005227688986204765,0.10282918450498713,-0.15134041974879156,-0.08879913354089895,12,0.4,0,337,-1.088982491154645,0.5288167476114085,0.8979221984613449,-0.08704139553017741,0.5292894539899605,0.8982222436459706,-1.0883321787230278,-0.47152847052522306,0.8983455918409364
71.602,2,-1.0891702148874278,-0.4653940458422514,0.9099755388613504,0.01835361146536289,-0.0803723119717796,-0.09218730305193518,0.9676847415326816,-0.28975302631710304,-0.3906901467976534,1,0.4,0,275,-1.088982491154645,0.5288167476114085,0.8979221984613449,-0.08704139553017741,0.5292894539899605,0.8982222436459706,-1.0883321787230278,-0.47152847052522306,0.8983455918409364
71.801,0,-1.1177288103369156,0.49370614657599554,0.9590570638731709,-0.14861650162136852,-0.17605340933366234,0.23786992281641856,-0.3169899451034528,0.23348528536105062,1.2799970303565935,1,0.4,0,338,-1.1110734686380512,0.514274240228205,0.9057235767415418,-0.10862790753409639,0.518290389683617,0.9039642862442723,-1.1105265292570794,-0.48606605882582754,0.9061450765273646
71.801,1,-0.10823233514452957,0.519142481430386,0.9303060175189477,-0.11838197035009669,-0.0407204429468557,0.06872280943341137,-0.14879780834039794,0.08099277162418005,0.37161054482219524,9,0.4,0,338,-1.1110734686380512,0.514274240228205,0.9057235767415418,-0.10862790753409639,0.518290389683617,0.9039642862442723,-1.1105265292570794,-0.48606605882582754,0.9061450765273646
71.801,2,-1.115245194427253,-0.44510881774952393,0.9007293144674304,-0.13103004793882128,0.10193581956144562,-0.046463439165427195,-0.7506716552974151,0.9161212639860653,0.2297681602337107,2,0.4,0,276,-1.1110734686380512,0.514274240228205,0.9057235767415418,-0.10862790753409639,0.518290389683617,0.9039642862442723,-1.1105265292570794,-0.48606605882582754,0.9061450765273646
72.001,0,-1.1277823273418681,0.48929542201446474,0.9649621275080837,-0.05026758502476176,-0.022053622807653682,0.029525318174563744,0.49174458298302687,0.7699989326300323,-1.0417230232092591,4,0.4,0,339,-1.1334833796157668,0.47773894672722866,0.9166832448353659,-0.13137039131555225,0.4811432844972829,0.9159625145534173,-1.1330347261337572,-0.5225533097442872,0.9170310379782934
72.001,1,-0.14238052999625617,0.4853658513119461,0.9392405709522279,-0.17074097425863058,-0.1688831505921971,0.04467276716640065,-0.2617950195426657,-0.640813538226698,-0.12025021133505188,12,0.4,0,339,-1.1334833796157668,0.47773894672722866,0.9166832448353659,-0.13137039131555225,0.4811432844972829,0.9159625145534173,-1.1330347261337572,-0.5225533097442872,0.9170310379782934
72.001,2,-1.1463770166949512,-0.5019618261357244,0.9135729578418773,-0.15565911133848864,-0.28426504193099816,0.06421821687223347,-0.12314531699833506,-1.9310043074621916,0.5534082801882955,3,0.4,0,277,-1.1334833796157668,0.47773894672722866,0.9166832448353659,-0.13137039131555225,0.4811432844972829,0.9159625145534173,-1.1330347261337572,-0.5225533097442872,0.9170310379782934
72.20100000000001,0,-1.1783566662169045,0.44343127163091967,0.9498645403019867,-0.25287169437517826,-0.22932075191772214,-0.07548793603048363,-1.013020546752068,-1.0363356455503274,-0.5250662710252294,3,0.4,0,340,-1.15531431591943,0.4494765501456427,0.9225869685214172,-0.15317396739250913,0.4522711966270502,0.922185215744171,-1.154944396714309,-0.550778124245057,0.9228722023054645
72.20100000000001,1,-0.15155912858213805,0.45937878259892306,0.9347253075974427,-0.04589299292940875,-0.1299353435651133,-0.0225763167739262,0.6242399066461003,0.19473903513541627,-0.3362454197016295,11,0.4,0,340,-1.15531431591943,0.4494765501456427,0.9225869685214172,-0.15317396739250913,0.4522711966270502,0.922185215744171,-1.154944396714309,-0.550778124245057,0.9228722023054645
72.20100000000001,2,-1.1656214733861694,-0.5530204830065211,0.9367632419966263,-0.0962222834560897,-0.25529328435397985,0.11595142077374306,0.2971841394119905,0.1448587878850895,0.25866601950754425,3,0.4,0,278,-1.15531431591943,0.4494765501456427,0.9225869685214172,-0.15317396739250913,0.4522711966270502,0.922185215744171,-1.154944396714309,-0.550778124245057,0.9228722023054645
72.403,0,-1.1719251694404866,0.4101721554007782,0.9437214503905968,0.03183909295256393,-0.16464909024822644,-0.03041133619499977,1.4094593432066571,0.3201567409381004,0.22315148433408055,5,0.4,0,341,-1.1768250349716578,0.42680403296064645,0.9255731457968936,-0.17474869120931874,0.42908488936633626,0.9254101369786594,-1.176519432786685,-0.5734183681978973,0.9258071793666972
72.403,1,-0.1722111960724091,0.44206555359169886,0.9335353111258518,-0.10223795787262985,-0.08570905449120972,-0.0058910716415391815,-0.27893547001594854,0.21894202511833652,0.08260022342765926,9,0.4,0,341,-1.1768250349716578,0.42680403296064645,0.9255731457968936,-0.17474869120931874,0.42908488936633626,0.9254101369786594,-1.176519432786685,-0.5734183681978973,0.9258071793666972
72.403,2,-1.1645739746693193,-0.5956321934172886,0.9126320608034411,0.005185637212129054,-0.21094906143944497,-0.11946129303557106,0.5020194092486122,0.2195258560125509,-1.1654094743035457,1,0.4,0,279,-1.1768250349716578,0.42680403296064645,0.9255731457968936,-0.17474869120931874,0.42908488936633626,0.9254101369786594,-1.176519432786685,-0.5734183681978973,0.9258071793666972
72.602,0,-1.1877437096759396,0.4103695829799776,0.9199475469889139,-0.07949015193695015,0.0009920983879366072,-0.11946685126473988,-0.5594434416558551,0.8323677820912796,-0.44751515110422596,3,0.4,0,342,-1.1975762467361963,0.4088155593562906,0.9264719569849605,-0.19558322149596372,0.4106684002838397,0.9264804565384086,-1.1973244125636122,-0.5913792091602861,0.9266665335376064
72.602,1,-0.20116086593185634,0.4223013115569969,0.9312722755093363,-0.14547572793692226,-0.0993177991693575,-0.01137203827394638,-0.21727522645373282,-0.06838565164898448,-0.02754254589149373,10,0.4,0,342,-1.1975762467361963,0.4088155593562906,0.9264719569849605,-0.19558322149596372,0.4106684002838397,0.9264804565384086,-1.1973244125636122,-0.5913792091602861,0.9266665335376064
72.602,2,-1.1904512541343975,-0.5825244735989661,0.9570123928504523,-0.13003658022652448,0.06586793878554076,0.223016743954832,-0.6795086303449992,1.3910402021356203,1.7209951607558112,2,0.4,0,280,-1.1975762467361963,0.4088155593562906,0.9264719569849605,-0.19558322149596372,0.4106684002838397,0.9264804565384086,-1.1973244125636122,-0.5913792091602861,0.9266665335376064
72.801,0,-1.2099425396642518,0.4036320716087114,0.9321878233624541,-0.11155190948900733,-0.033856841061639595,0.06150892650020257,-0.16111435955807782,-0.17512029874159066,0.9094260189193176,3,0.4,0,343,-1.2173454124356364,0.39473585043495724,0.9258376343532604,-0.21545079192248756,0.39622830647466234,0.9259698998128667,-1.2171384240195262,-0.605434367714062,0.926000922304919
72.801,1,-0.21053222285001683,0.4049414013497259,0.9443857015245264,-0.047092245819902415,-0.0872357296847798,0.06589661314165893,0.4943893573719638,0.06071391700792872,0.38828468048043246,7,0.4,0,343,-1.2173454124356364,0.39473585043495724,0.9258376343532604,-0.21545079192248756,0.39622830647466234,0.9259698998128667,-1.2171384240195262,-0.605434367714062,0.926000922304919
72.801,2,-1.2227175451766166,-0.6229927386416674,0.9344359612452959,-0.1621421660413037,-0.20335811579247076,-0.1134494050510379,-0.16133460208431918,-1.3528947466231867,-1.690784668371222,3,0.4,0,281,-1.2173454124356364,0.39473585043495724,0.9258376343532604,-0.21545079192248756,0.39622830647466234,0.9259698998128667,-1.2171384240195262,-0.605434367714062,0.926000922304919
73.00200000000001,0,-1.2455190528926339,0.37525846596414847,0.9550131167263838,-0.17699757825065035,-0.14116221713712365,0.11355867345238248,-0.32560034209771416,-0.5338575924153234,0.25895396493620865,7,0.4,0,344,-1.2362871619536666,0.3864179460139321,0.9244024300285966,-0.23421156556138578,0.3865208876718194,0.9243982987791757,-1.2361160875959503,-0.6137296759761552,0.9245403226594483
73.00200000000001,1,-0.23558905642535344,0.3945688311402704,0.9484028042188871,-0.1246608635588839,-0.051604826912711864,0.019985585544082477,-0.3859135210894455,0.17726817299535616,-0.22841307262474983,7,0.4,0,344,-1.2362871619536666,0.3864179460139321,0.9244024300285966,-0.23421156556138578,0.3865208876718194,0.9243982987791757,-1.2361160875959503,-0.6137296759761552,0.9245403226594483
73.00200000000001,2,-1.25895813037734,-0.6474423229307642,0.9221814602551879,-0.19673247268958777,-0.12197489147397779,-0.08152967313221052,-0.16349307244300354,-0.003335011369718921,-0.2045970797488451,0,0.4,1,281,-1.2362871619536666,0.3864179460139321,0.9244024300285966,-0.23421156556138578,0.3865208876718194,0.9243982987791757,-1.2361160875959503,-0.6137296759761552,0.9245403226594483
73.202,0,-1.2353567307299085,0.324599272993517,0.935914195385263,0.05081161081362984,-0.2532959648531718,-0.09549460670560993,1.1390459453214656,-0.5606687385802726,-1.0452664007900214,2,0.4,0,345,-1.2546787945035842,0.3557207527982954,0.9397195957706572,-0.2531882378957312,0.3605286486103574,0.9378313959689617,-1.2545594493619832,-0.6443966443539673,0.9398206998217699
73.202,1,-0.24245147571663783,0.3582852806245318,0.9541404380555023,-0.03431209645642392,-0.1814177525787034,0.028688169183077837,0.4517438355123256,-0.6490646283299946,0.04351291819497927,8,0.4,0,345,-1.2546787945035842,0.3557207527982954,0.9397195957706572,-0.2531882378957312,0.3605286486103574,0.9378313959689617,-1.2545594493619832,-0.6443966443539673,0.9398206998217699
73.202,2,-1.2612214333982765,-0.6590347861178363,0.9582027696192816,-0.05769258423517382,-0.0547275539519152,0.13232076329957185,0.6951994422721093,0.3362366876103321,1.0692521821589727,2,0.4,0,282,-1.2546787945035842,0.3557207527982954,0.9397195957706572,-0.2531882378957312,0.3605286486103574,0.9378313959689617,-1.2545594493619832,-0.6443966443539673,0.9398206998217699
73.402,0,-1.241999936194512,0.32520240272405054,0.9745409423524312,-0.03321602732301707,0.0030156486526677477,0.1931337348358381,-0.42013819068322855,1.2815580675291793,1.4431417077072195,2,0.4,0,346,-1.268271486818159,0.317429033608726,0.9524034508451412,-0.26686868465987973,0.3210600965163067,0.9512786520857196,-1.2681995151788226,-0.6826667613657895,0.9524810642903687
73.402,1,-0.25738040456530653,0.31642478884627434,0.9697541859346456,-0.07464464424334244,-0.20930245889128432,0.07806873939571496,-0.20166273893458972,-0.1394235315629026,0.2469028510631821,5,0.4,0,346,-1.268271486818159,0.317429033608726,0.9524034508451412,-0.26686868465987973,0.3210600965163067,0.9512786520857196,-1.2681995151788226,-0.6826667613657895,0.9524810642903687
73.402,2,-1.2803948038059563,-0.6779367783523744,0.9575449607169555,-0.09586685203839737,-0.09450996117268938,-0.0032890445116309317,-0.19087133901611503,-0.1989120361038681,-0.6780490390560042,3,0.4,0,283,-1.268271486818159,0.317429033608726,0.9524034508451412,-0.26686868465987973,0.3210600965163067,0.9512786520857196,-1.2681995151788226,-0.6826667613657895,0.9524810642903687
73.601,0,-1.3110695637268388,0.27530290080831055,0.9710568069078185,-0.34708355543883157,-0.25075126590824365,-0.017508218314636472,-1.5772237593759677,-1.2752106259342404,-1.0585022771380734,6,0.4,0,347,-1.2834533438167137,0.28682550844165616,0.9607059782264702,-0.28194907389759366,0.2898340558429609,0.9599919510222065,-1.2834148056395773,-0.713249112221972,0.9607648037191725
73.601,1,-0.25240390576252536,0.2784735973427934,0.9838404417601994,0.025007531672267432,-0.19070950504261955,0.070785205153537,0.5007647030935218,0.09343192888776358,-0.03660067458380916,5,0.4,0,347,-1.2834533438167137,0.28682550844165616,0.9607059782264702,-0.28194907389759366,0.2898340558429609,0.9599919510222065,-1.2834148056395773,-0.713249112221972,0.9607648037191725
73.601,2,-1.2707692841643978,-0.7076643215592648,0.9990340737597458,0.048369445434967524,-0.14938463923060655,0.20848800524015454,0.7248055149415391,-0.27575215104481254,1.0642062801597363,3,0.4,0,284,-1.2834533438167137,0.28682550844165616,0.9607059782264702,-0.28194907389759366,0.2898340558429609,0.9599919510222065,-1.2834148056395773,-0.713249112221972,0.9607648037191725
73.801,0,-1.3236436403725511,0.25086564556621727,0.9732929922033122,-0.06287038322856064,-0.12218627621046467,0.011180926477468274,1.4210658610513345,0.6428249484888857,0.1434457239605217,5,0.4,0,348,-1.2991678843072425,0.2618921033029328,0.9655759205088285,-0.29764870800517984,0.2643716648394326,0.965171313739038,-1.2991536217587294,-0.7381630051401101,0.9656199548915956
73.801,1,-0.2813375412801148,0.2600944982212634,0.9919014885549733,-0.1446681775879451,-0.09189549560764879,0.04030523397386935,-0.8483785463010506,0.4940700471748468,-0.15239985589833613,5,0.4,0,348,-1.2991678843072425,0.2618921033029328,0.9655759205088285,-0.29764870800517984,0.2643716648394326,0.965171313739038,-1.2991536217587294,-0.7381630051401101,0.9656199548915956
73.801,2,-1.2987523167543225,-0.7414301490386337,0.9846858894504804,-0.13991516294962114,-0.16882913739684186,-0.07174092154632587,-0.9414230419229299,-0.09722249083117515,-1.4011446339323823,2,0.4,0,285,-1.2991678843072425,0.2618921033029328,0.9655759205088285,-0.29764870800517984,0.2643716648394326,0.965171313739038,-1.2991536217587294,-0.7381630051401101,0.9656199548915956
74.001,0,-1.3148414795324654,0.24090983038040092,0.9772485861873386,0.04401080420042773,-0.049779075929081,0.01977796992013142,0.5344059371449342,0.3620360014069132,0.04298521721331511,2,0.4,0,349,-1.3149014859234995,0.2416543996049968,0.9679097030774628,-0.31340045776500464,0.24369861341990715,0.9677356304823489,-1.3149042781575018,-0.7583829682595342,0.9679416580984708
74.001,1,-0.3125906608330882,0.25016489342116177,0.9808288991395943,-0.1562655977648647,-0.049648024000507454,-0.05536294707689437,-0.05798710088459725,0.21123735803570365,-0.4783409052538118,8,0.4,0,349,-1.3149014859234995,0.2416543996049968,0.9679097030774628,-0.31340045776500464,0.24369861341990715,0.9677356304823489,-1.3149042781575018,-0.7583829682595342,0.9679416580984708
74.001,2,-1.2799492185351644,-0.7441476318758875,0.9997218480419849,0.09401549109578888,-0.013587414186268883,0.07517979295752185,1.1696532702270335,0.7762086160528539,0.7346035725192281,1,0.4,0,286,-1.3149014859234995,0.2416543996049968,0.9679097030774628,-0.31340045776500464,0.24369861341990715,0.9677356304823489,-1.3149042781575018,-0.7583829682595342,0.9679416580984708
74.20100000000001,0,-1.3304664338135155,0.1952046855880314,0.9835320389484213,-0.0781247714052491,-0.22852572396184442,0.03141726380541371,-0.6106778780283755,-0.8937332401638044,0.05819646942641062,1,0.4,0,350,-1.3313311769927858,0.2277615675950533,0.9675774828720816,-0.3294743693832703,0.22847937620095093,0.9678257516448974,-1.3313438823395802,-0.7722592250907805,0.9675966850776611
74.20100000000001,1,-0.3348596519476339,0.24164691509864933,0.972795202607232,-0.11134495557272703,-0.04258989161256161,-0.04016848266181121,0.2246032109606852,0.03529066193972872,0.07597232207541472,3,0.4,0,350,-1.3313311769927858,0.2277615675950533,0.9675774828720816,-0.3294743693832703,0.22847937620095093,0.9678257516448974,-1.3313438823395802,-0.7722592250907805,0.9675966850776611
74.20100000000001,2,-1.349716600475523,-0.7681784405355638,1.0165489604050582,-0.348836909701788,-0.12015404329837993,0.0841355618153646,-2.214262003987853,-0.5328331455605477,0.04477884428921315,1,0.4,0,287,-1.3313311769927858,0.2277615675950533,0.9675774828720816,-0.3294743693832703,0.22847937620095093,0.9678257516448974,-1.3313438823395802,-0.7722592250907805,0.9675966850776611
74.40100000000001,0,-1.3461283792659002,0.16544400397695624,0.9869350064024534,-0.07830972726192265,-0.14880340805537362,0.017014837270159823,-0.0009247792833677473,0.3986115795323483,-0.07201213267626841,2,0.4,0,351,-1.3403017428752222,0.19190587331944964,0.9855291662870036,-0.3401779082249992,0.1969145071500573,0.9834192149084935,-1.3403431365661023,-0.8081099371012171,0.9855729221325734
74.40100000000001,1,-0.3487347263256054,0.17943770194824848,0.9966212098333386,-0.06937537188985667,-0.3110460657519998,0.11913003613053166,0.20984791841434883,-1.3422808706971718,0.796492593961703,8,0.4,0,351,-1.3403017428752222,0.19190587331944964,0.9855291662870036,-0.3401779082249992,0.1969145071500573,0.9834192149084935,-1.3403431365661023,-0.8081099371012171,0.9855729221325734
74.40100000000001,2,-1.3354914063271979,-0.7640826982693838,1.0143718712954217,0.07112597074162462,0.020478711330899887,-0.01088544554818145,2.0998144022170333,0.7031637731463891,-0.47510503681772354,2,0.4,0,288,-1.3403017428752222,0.19190587331944964,0.9855291662870036,-0.3401779082249992,0.1969145071500573,0.9834192149084935,-1.3403431365661023,-0.8081099371012171,0.9855729221325734
74.602,0,-1.3386785625250364,0.15474301810860847,1.0115580864157863,0.03706376487992096,-0.053238735663423534,0.12250288563847621,0.5739974733425244,0.47544613130324986,0.5248161610364172,5,0.4,0,352,-1.3430018741240963,0.15145454828721072,1.0012465385699112,-0.34258671876338775,0.1552220050122029,0.999775984180831,-1.3430066904199003,-0.8485960169467744,1.0011515322549958
74.602,1,-0.34010864743661906,0.1545327429540322,1.0262313534367422,0.04291581536809278,-0.12390526862794585,0.1473141472806194,0.5586626231738963,0.9310487419107466,0.1402194584581525,7,0.4,0,352,-1.3430018741240963,0.15145454828721072,1.0012465385699112,-0.34258671876338775,0.1552220050122029,0.999775984180831,-1.3430066904199003,-0.8485960169467744,1.0011515322549958
74.602,2,-1.3290631065745357,-0.8573217889637279,0.9887920937179762,0.03198159080926535,-0.4638760731062048,-0.12726257501217197,-0.19474815886746544,-2.4097252957070676,-0.5789906938507181,1,0.4,0,289,-1.3430018741240963,0.15145454828721072,1.0012465385699112,-0.34258671876338775,0.1552220050122029,0.999775984180831,-1.3430066904199003,-0.8485960169467744,1.0011515322549958
74.802,0,-1.3583935824532762,0.13682857077426247,1.0044260345319471,-0.09857509964119797,-0.0895722366717287,-0.035660259419195754,-0.678194322605585,-0.18166750504152324,-0.7908157252883485,4,0.4,0,353,-1.3493886131338007,0.11819438555512014,1.0120947755243024,-0.3486979358671352,0.1213221054730371,1.0110772231639975,-1.349417238171218,-0.8818572401664991,1.0119895524727152
74.802,1,-0.3537024471934749,0.12253813842943173,1.023824597011076,-0.06796899878427812,-0.159973022623,-0.012033782128330445,-0.5544240707618466,-0.18033876997526824,-0.7967396470447379,5,0.4,0,353,-1.3493886131338007,0.11819438555512014,1.0120947755243024,-0.3486979358671352,0.1213221054730371,1.0110772231639975,-1.349417238171218,-0.8818572401664991,1.0119895524727152
74.802,2,-1.3262878111505347,-0.8946537575281028,1.057780598937332,0.013876477120004862,-0.18665984282187198,0.3449425260967746,-0.09052556844630118,1.3860811514216445,2.3610255055446996,2,0.4,0,290,-1.3493886131338007,0.11819438555512014,1.0120947755243024,-0.3486979358671352,0.1213221054730371,1.0110772231639975,-1.349417238171218,-0.8818572401664991,1.0119895524727152
75.001,0,-1.355269930035081,0.08271227508168622,1.0096440643843572,0.0156967458200767,-0.27194118438480797,0.026221255539750337,0.5742303792023908,-0.9164268729300554,0.31096238672837534,1,0.4,0,354,-1.3578601257558027,0.0904546032597573,1.0192128193146694,-0.3570845459912121,0.09307955108085564,1.0188541381067107,-1.357906033447288,-0.9095924412864017,1.019120543430242
75.001,1,-0.3563696040649147,0.08106065689110142,1.035493189432683,-0.013402798348943914,-0.20842955546899855,0.058636142822147436,0.27420201223786295,-0.24350016505527144,0.35512525100743003,5,0.4,0,354,-1.3578601257558027,0.0904546032597573,1.0192128193146694,-0.3570845459912121,0.09307955108085564,1.0188541381067107,-1.357906033447288,-0.9095924412864017,1.019120543430242
75.001,2,-1.384090784627431,-0.9533895567065662,0.9880700498538342,-0.29046720340149196,-0.2951547697410249,-0.35030426675124876,-1.5293652287512551,-0.5452006377846933,-3.493702476623267,1,0.4,0,291,-1.3578601257558027,0.0904546032597573,1.0192128193146694,-0.3570845459912121,0.09307955108085564,1.0188541381067107,-1.357906033447288,-0.9095924412864017,1.019120543430242
75.202,0,-1.4031874345370965,0.05962283882064057,1.0064407962843225,-0.23839554478615452,-0.11487281721913635,-0.01593665721410398,-1.264140749284774,0.7814346625158048,-0.20974085947191892,2,0.4,0,355,-1.3675132327198616,0.06743255280292512,1.0230484365334875,-0.3666390160659508,0.06966148953349355,1.0229916475732617,-1.3675716836224237,-0.9326062919893552,1.022971670204457
75.202,1,-0.35030175665352525,0.0666360588912347,1.0570815860875964,0.030188295579052917,-0.07176416915356816,0.10740495848215814,0.21687111406964307,0.679927295101666,0.24263092368165326,4,0.4,0,355,-1.3675132327198616,0.06743255280292512,1.0230484365334875,-0.3666390160659508,0.06966148953349355,1.0229916475732617,-1.3675716836224237,-0.9326062919893552,1.022971670204457
75.202,2,-1.3722420968881293,-0.9513309515481003,1.033637257322967,0.05894869522040895,0.010241816708785899,0.2267025247220622,1.7383875553328973,1.5193860022379144,2.8706805545936813,2,0.4,0,292,-1.3675132327198616,0.06743255280292512,1.0230484365334875,-0.3666390160659508,0.06966148953349355,1.0229916475732617,-1.3675716836224237,-0.9326062919893552,1.022971670204457
75.40100000000001,0,-1.4241127607694124,0.061253971237784643,1.067544746599987,-0.10515239312720914,0.008196645312281287,0.30705502671186247,0.6695635761755636,0.6184395102080906,1.6230737885725957,1,0.4,0,356,-1.378257723153395,0.04755518359836475,1.0288996326219755,-0.378173465942494,0.05102553013681167,1.0267961060691266,-1.3783239134281524,-0.9524685772661354,1.0288228485847282
75.40100000000001,1,-0.36442031723487134,0.035232114197036424,1.0385759550663112,-0.07094754060977494,-0.15780876730751928,-0.09299312070996968,-0.5082202823558876,-0.43238491534646134,-1.0070255235784695,5,0.4,0,356,-1.378257723153395,0.04755518359836475,1.0288996326219755,-0.378173465942494,0.05102553013681167,1.0267961060691266,-1.3783239134281524,-0.9524685772661354,1.0288228485847282
75.40100000000001,2,-1.369865344747309,-0.9440037117144988,1.0674521510809853,0.03248154728447971,0.08702636162438579,0.20732910357653497,0.20641275567744144,0.5045835271660359,0.3759297923645315,0,0.4,1,292,-1.378257723153395,0.04755518359836475,1.0288996326219755,-0.378173465942494,0.05102553013681167,1.0267961060691266,-1.3783239134281524,-0.9524685772661354,1.0288228485847282
75.602,0,-1.3599242202660944,-0.02860316152218667,1.0506551539269333,0.3193459726533339,-0.4470504117411655,-0.0840278242440498,2.1119321680624727,-2.2649107316092625,-1.9456858256513687,3,0.4,0,357,-1.3680119208536072,0.0037382442071434256,1.0520700897225168,-0.3693301362359751,0.007815735671816358,1.0505515859556125,-1.3680944055166924,-0.9962862404205789,1.052003073036737
75.602,1,-0.34726751544149215,0.008500797367196222,1.065112027798725,0.08533732235512315,-0.13299162601910985,0.13202026235032155,0.777536631666185,0.1234683646189564,1.1194695674641721,3,0.4,0,357,-1.3680119208536072,0.0037382442071434256,1.0520700897225168,-0.3693301362359751,0.007815735671816358,1.0505515859556125,-1.3680944055166924,-0.9962862404205789,1.052003073036737
75.602,2,-1.3841005707621379,-0.9721648874395248,1.0752471102811807,-0.050199288013869046,-0.011306139874985138,0.11069723681852543,-0.41134743929528095,-0.48921642537002064,-0.48075555601001346,1,0.4,0,293,-1.3680119208536072,0.0037382442071434256,1.0520700897225168,-0.3693301362359751,0.007815735671816358,1.0505515859556125,-1.3680944055166924,-0.9962862404205789,1.052003073036737
75.802,0,-1.3592404892560923,-0.047218626597419266,1.0769191330366186,0.003418655050010329,-0.09307732537616166,0.13131989554842385,-1.5796365880165955,1.769865431824994,1.0767385989623528,4,0.4,0,358,-1.360090008192401,-0.03230126601192583,1.066056006749549,-0.3607585336542593,-0.02875968564078967,1.0649945762767055,-1.3601807783031592,-1.0323249359918794,1.0659997219107478
75.802,1,-0.3448828691253597,-0.04692591518940836,1.0846129130039204,0.011923231580662049,-0.277133562783019,0.09750442602597637,-0.36707045387230025,-0.7207096838195354,-0.17257918162172348,7,0.4,0,358,-1.360090008192401,-0.03230126601192583,1.066056006749549,-0.3607585336542593,-0.02875968564078967,1.0649945762767055,-1.3601807783031592,-1.0323249359918794,1.0659997219107478
75.802,2,-1.322221634193298,-1.0414095475482883,1.0854331572367744,0.3093946828441952,-0.3462233005438126,0.05093023477796815,1.7979698542902955,-1.6745858033441137,-0.29883501020278214,1,0.4,0,294,-1.360090008192401,-0.03230126601192583,1.066056006749549,-0.3607585336542593,-0.02875968564078967,1.0649945762767055,-1.3601807783031592,-1.0323249359918794,1.0659997219107478
76.00200000000001,0,-1.3334185437235044,-0.04012347230916924,1.1012820445615459,0.12910972766293755,0.03547577144124963,0.12181455762463538,0.6284553630646272,0.6427654840870473,-0.04752668961894172,3,0.4,0,359,-1.3571656952562103,-0.06388714420863215,1.0756046623954056,-0.35743307564573734,-0.06085309747443114,1.0750356432636083,-1.3572993299681966,-1.0639469657139031,1.0758357739885658
76.00200000000001,1,-0.3635089656883326,-0.05951742186711417,1.123520647888161,-0.09313048281486304,-0.06295753338852816,0.19453867442119965,-0.525268571977618,1.070880146972439,0.48517124197610956,2,0.4,0,359,-1.3571656952562103,-0.06388714420863215,1.0756046623954056,-0.35743307564573734,-0.06085309747443114,1.0750356432636083,-1.3572993299681966,-1.0639469657139031,1.0758357739885658
76.00200000000001,2,-1.3297918972385339,-1.1126233178437648,1.0696973226852533,-0.03785131522617892,-0.3560688514773774,-0.0786791727576047,-1.7362299903518459,-0.04922775466782311,-0.6480470376778552,1,0.4,0,295,-1.3571656952562103,-0.06388714420863215,1.0756046623954056,-0.35743307564573734,-0.06085309747443114,1.0750356432636083,-1.3572993299681966,-1.0639469657139031,1.0758357739885658
76.202,0,-1.341813147909251,-0.07407355208037814,1.1113228926837055,-0.04197302092873517,-0.16975039885605414,0.050204240610800054,-0.8554137429584122,-1.0261308514865772,-0.358051585069197,3,0.4,0,360,-1.3575818640027455,-0.09111249805784959,1.0815853904785764,-0.35761801151790096,-0.08844152273327321,1.0814832272227513,-1.3577218105214932,-1.0911418858461723,1.0819232493648194
76.202,1,-0.35292351168292935,-0.10481724135159975,1.1077380132503425,0.05292727002701915,-0.2264990974224408,-0.0789131731890969,0.7302887642094524,-0.8177078201696096,-1.3672592380515605,3,0.4,0,360,-1.3575818640027455,-0.09111249805784959,1.0815853904785764,-0.35761801151790096,-0.08844152273327321,1.0814832272227513,-1.3577218105214932,-1.0911418858461723,1.0819232493648194
76.202,2,-1.3335963860957434,-1.1046851727623417,1.058236330404433,-0.019022444286048684,0.039690725407117745,-0.05730496140410372,0.09414435470065653,1.9787978844225882,0.10687105676751102,1,0.4,0,296,-1.3575818640027455,-0.09111249805784959,1.0815853904785764,-0.35761801151790096,-0.08844152273327321,1.0814832272227513,-1.3577218105214932,-1.0911418858461723,1.0819232493648194
76.402,0,-1.3559317373146311,-0.13822533504761436,1.1176450953393737,-0.07059294702689967,-0.3207589148361766,0.031611013278341586,-0.14309963049082045,-0.7550425799006014,-0.09296613666229102,3,0.4,0,361,-1.3606379479315793,-0.11451022131243131,1.084828156443492,-0.3602296517586841,-0.11220649151211677,1.0849053556754635,-1.3607726674251648,-1.11449265143446,1.0851152629592113
76.402,1,-0.3559429824906212,-0.11237401668408942,1.1245178068904824,-0.015097354038458917,-0.03778387666244778,0.0838989682006979,-0.3401231203273855,0.9435761037999516,0.8140607069489623,6,0.4,0,361,-1.3606379479315793,-0.11451022131243131,1.084828156443492,-0.3602296517586841,-0.11220649151211677,1.0849053556754635,-1.3607726674251648,-1.11449265143446,1.0851152629592113
76.402,2,-1.367818387198705,-1.0665834625810304,1.1262512904055981,-0.17111000551480604,0.19050855090655355,0.3400748000058203,-0.760437806143776,0.7540891274971684,1.9868988070495919,1,0.4,0,297,-1.3606379479315793,-0.11451022131243131,1.084828156443492,-0.3602296517586841,-0.11220649151211677,1.0849053556754635,-1.3607726674251648,-1.11449265143446,1.0851152629592113
76.601,0,-1.3154757295339494,-0.1373813950253886,1.1040736135088736,0.2032965215109653,0.004240904634300364,-0.06819840115829351,1.3763289876274756,1.6331649219622115,-0.5015548464152566,1,0.4,0,362,-1.3557871736335234,-0.1421809644976223,1.0982117042145423,-0.3585084976845325,-0.1378349325849698,1.0958199789014103,-1.3559247668146364,-1.1421339079386195,1.098453107171146
76.601,1,-0.3233352921319155,-0.16240072013920703,1.0953626940137842,0.16385774049601012,-0.25139046962370903,-0.1465081049080323,0.8992718318315114,-1.0733999646294639,-1.15782448798358,4,0.4,0,362,-1.3557871736335234,-0.1421809644976223,1.0982117042145423,-0.3585084976845325,-0.1378349325849698,1.0958199789014103,-1.3559247668146364,-1.1421339079386195,1.098453107171146
76.601,2,-1.3898993345189028,-1.137944093280757,1.0884546353807165,-0.11095953427235143,-0.35859613416948355,-0.18993293982352863,0.302263674585202,-2.759320025507751,-2.6633554765294174,1,0.4,0,298,-1.3557871736335234,-0.1421809644976223,1.0982117042145423,-0.3585084976845325,-0.1378349325849698,1.0958199789014103,-1.3559247668146364,-1.1421339079386195,1.098453107171146
76.801,0,-1.294075250980472,-0.1589856994380301,1.1865838336335388,0.10700239276738535,-0.10802152206320594,0.41255110062332034,-0.48147064371789294,-0.5613121334875235,2.403747508908035,1,0.4,0,363,-1.330229766577827,-0.17754356613518174,1.1156334007126862,-0.3325715432049597,-0.1741649899857166,1.1145072805642546,-1.3303773070129088,-1.177481827237037,1.1158312071916867
76.801,1,-0.33420704703636894,-0.15922588502184465,1.1313219955340026,-0.05435877452226657,0.015874175586811697,0.17979650760108956,-1.091082575091368,1.3363232260525846,1.631523062545586,5,0.4,0,363,-1.330229766577827,-0.17754356613518174,1.1156334007126862,-0.3325715432049597,-0.1741649899857166,1.1145072805642546,-1.3303773070129088,-1.177481827237037,1.1158312071916867
76.801,2,-1.296173521535953,-1.2029413046825188,1.0539952121800682,0.46862906491474177,-0.3249860570088046,-0.1722971160032386,2.897942995935425,0.16805038580339227,0.08817911910144888,1,0.4,0,299,-1.330229766577827,-0.17754356613518174,1.1156334007126862,-0.3325715432049597,-0.1741649899857166,1.1145072805642546,-1.3303773070129088,-1.177481827237037,1.1158312071916867
77.001,0,-1.3129035393569135,-0.16304437773841385,1.1871098933782163,-0.09414144188220597,-0.02029339150191849,0.0026302987233872326,-1.0057191732479422,0.438640652806431,-2.0496040094996366,2,0.4,0,364,-1.3126534479605376,-0.2086005515105407,1.126641167803449,-0.31434158587729155,-0.20541698104527706,1.1259327890258364,-1.3128006316631649,-1.2085248685781718,1.1267955493440873
77.001,1,-0.3136405825125086,-0.19969266686078346,1.145447534233045,0.1028323226193003,-0.20233390919469119,0.07062769349521114,0.7859554857078231,-1.091040423907499,-0.5458440705293843,2,0.4,0,364,-1.3126534479605376,-0.2086005515105407,1.126641167803449,-0.31434158587729155,-0.20541698104527706,1.1259327890258364,-1.3128006316631649,-1.2085248685781718,1.1267955493440873
77.001,2,-1.3463680455951963,-1.2196379301122606,1.1336677581636567,-0.25097262029621237,-0.08348312714870791,0.398362729917937,-3.5980084260547196,1.2075146493004663,2.8532992296058373,1,0.4,0,300,-1.3126534479605376,-0.2086005515105407,1.126641167803449,-0.31434158587729155,-0.20541698104527706,1.1259327890258364,-1.3128006316631649,-1.2085248685781718,1.1267955493440873
77.203,0,-1.2857204845861976,-0.24715514847393405,1.1402148140030643,0.1345695780728523,-0.41638995413624236,-0.23215385829283336,1.132232772054754,-1.9608740724471654,-1.1622978070110035,2,0.4,0,365,-1.3006416606089413,-0.23710300602621123,1.1335687301422734,-0.3018352636921938,-0.23419657498827368,1.1331705681003532,-1.3007826589439373,-1.237016450298443,1.1336875309999055
77.203,1,-0.2933593630353304,-0.2862969960789157,1.1409376220047274,0.10040207661969498,-0.4287343030600643,-0.022326298159988555,-0.012030920790125419,-1.1207940290365108,-0.46016827552079476,1,0.4,0,365,-1.3006416606089413,-0.23710300602621123,1.1335687301422734,-0.3018352636921938,-0.23419657498827368,1.1331705681003532,-1.3007826589439373,-1.237016450298443,1.1336875309999055
77.203,2,-1.2985051087233737,-1.2213288419010726,1.176412557630509,0.23694523203872805,-0.00837085043966333,0.2116079181527354,2.415434912549232,0.37184295400517453,-0.9245287711148675,2,0.4,0,301,-1.3006416606089413,-0.23710300602621123,1.1335687301422734,-0.3018352636921938,-0.23419657498827368,1.1331705681003532,-1.3007826589439373,-1.237016450298443,1.1336875309999055
77.402,0,-1.2787469245179708,-0.27671594116319875,1.1422890156277956,0.03504301541822548,-0.14854669693097985,0.010423123742368264,-0.5001334806765215,1.3459460161068597,1.2189798092221305,5,0.4,0,366,-1.2929422142835851,-0.2629443458536788,1.1375603101596665,-0.29374363678094295,-0.26029925921266595,1.137387123886064,-1.2930735026999154,-1.2628500963628702,1.1376517875419976
77.402,1,-0.2806877095863739,-0.2676489368914232,1.1521199208744708,0.06367665049726941,0.09370884013815398,0.05619245663187649,-0.1845498800121906,2.6253424281317757,0.3945666069943005,7,0.4,0,366,-1.2929422142835851,-0.2629443458536788,1.1375603101596665,-0.29374363678094295,-0.26029925921266595,1.137387123886064,-1.2930735026999154,-1.2628500963628702,1.1376517875419976
77.402,2,-1.2560974108093672,-1.2126368667243654,1.2444855854085644,0.24601297106434933,0.08270345129062176,0.3840119751084667,0.3307433311178306,0.3922129052360673,0.42147194608867017,0,0.4,1,301,-1.2929422142835851,-0.2629443458536788,1.1375603101596665,-0.29374363678094295,-0.26029925921266595,1.137387123886064,-1.2930735026999154,-1.2628500963628702,1.1376517875419976
77.601,0,-1.2687485595462071,-0.29411534016905083,1.1407759080902244,0.05024304005911431,-0.08743416585855401,-0.007603555465182379,0.07638203337130142,0.30709814609259517,-0.09058632767613477,4,0.4,0,367,-1.2886270801794955,-0.28624865212198775,1.139368972803678,-0.28911544576083537,-0.28385157028257285,1.1393601758135214,-1.2887468272856848,-1.2861492437410895,1.139439012345704
77.601,1,-0.2819757947002778,-0.2952629716831878,1.1582505175344995,-0.006472789517104991,-0.13876399392846672,0.03080701839210481,-0.35250974881595515,-1.1682051963146882,-0.12756501628026096,4,0.4,0,367,-1.2886270801794955,-0.28624865212198775,1.139368972803678,-0.28911544576083537,-0.28385157028257285,1.1393601758135214,-1.2887468272856848,-1.2861492437410895,1.139439012345704
77.601,2,-1.2611995900262516,-1.3015606352509814,1.17088764222048,-0.020390181523827103,-0.30232896304265827,-0.3018787391557705,-1.3387093094883367,-1.9348362529310743,-3.446687006352984,2,0.4,0,302,-1.2886270801794955,-0.28624865212198775,1.139368972803678,-0.28911544576083537,-0.28385157028257285,1.1393601758135214,-1.2887468272856848,-1.2861492437410895,1.139439012345704
77.80300000000001,0,-1.260242735544338,-0.2495923432161975,1.1438480720509747,0.042108039613211114,0.2204108760042109,0.015208732478961918,-0.04027227943516189,1.5239853557561684,0.11293211853536088,1,0.4,0,368,-1.2844702371259937,-0.3077373180589611,1.140888272695277,-0.28705541492802283,-0.3049437434666815,1.1391904109600022,-1.2845742963052174,-1.3076396122123697,1.1409563488355288
77.80300000000001,1,-0.29394430282199013,-0.30619863533852176,1.1646385585955588,-0.05925004020649315,-0.054136948788778554,0.031623965648806374,-0.2612735182642818,0.4189457680182325,0.004044293350007498,4,0.4,0,368,-1.2844702371259937,-0.3077373180589611,1.140888272695277,-0.28705541492802283,-0.3049437434666815,1.1391904109600022,-1.2845742963052174,-1.3076396122123697,1.1409563488355288
77.80300000000001,2,-1.20905969262397,-1.2829803609898538,1.1589930763896616,0.2581183039716749,0.09198155574815092,-0.05888398926147298,1.3787548786905195,1.95203227124151,1.2029443064073397,1,0.4,0,303,-1.2844702371259937,-0.3077373180589611,1.140888272695277,-0.28705541492802283,-0.3049437434666815,1.1391904109600022,-1.2845742963052174,-1.3076396122123697,1.1409563488355288
78.003,0,-1.2226538927176618,-0.3371796919630434,1.1707483993617491,0.1879442141333916,-0.4379367437342545,0.13450163655387912,0.7291808726009439,-3.291738098692514,0.5964645203746199,2,0.4,0,369,-1.247773064603635,-0.33445788762212497,1.1574532741418617,-0.25133961126662635,-0.33194381115739713,1.1563924115038209,-1.247869706020769,-1.3343730675465546,1.1575097890311983
78.003,1,-0.24285434434932052,-0.3353450213884117,1.1754390164103183,0.2554497923633626,-0.14573193024945802,0.054002289073800405,1.5734991628493684,-0.45797490730342333,0.11189161712497651,5,0.4,0,369,-1.247773064603635,-0.33445788762212497,1.1574532741418617,-0.25133961126662635,-0.33194381115739713,1.1563924115038209,-1.247869706020769,-1.3343730675465546,1.1575097890311983
78.003,2,-1.2620570182619475,-1.3251081653601475,1.2019041915026034,-0.2649866281899022,-0.21063902185148062,0.21455557556472157,-2.615524660808034,-1.5131028879982438,1.3671978241310507,1,0.4,0,304,-1.247773064603635,-0.33445788762212497,1.1574532741418617,-0.25133961126662635,-0.33194381115739713,1.1563924115038209,-1.247869706020769,-1.3343730675465546,1.1575097890311983
78.202,0,-1.233415746046836,-0.3232962324864135,1.1720493777575833,-0.054079664970725305,0.06976612802326673,0.006537579878563918,-1.216200397508137,2.551270712349378,-0.6430354606799821,1,0.4,0,370,-1.2183631412568383,-0.35863789914374916,1.1670178778202356,-0.2211734451578282,-0.3560672898977587,1.1662904243921783,-1.2184569773056124,-1.3585639934688691,1.1670640077881422
78.202,1,-0.21742086685195317,-0.3325623324128433,1.184412140019592,0.1278064195847618,0.013983361686273689,0.04509107341343619,-0.6414239838120707,0.8025894067122273,-0.04477997819278543,3,0.4,0,370,-1.2183631412568383,-0.35863789914374916,1.1670178778202356,-0.2211734451578282,-0.3560672898977587,1.1662904243921783,-1.2184569773056124,-1.3585639934688691,1.1670640077881422
78.202,2,-1.2345109540026677,-1.3607711218996603,1.2069451950837085,0.13842243346371866,-0.17921083688197556,0.02533167628696025,2.0271812143398233,0.15793057773620786,-0.9508738657174027,2,0.4,0,305,-1.2183631412568383,-0.35863789914374916,1.1670178778202356,-0.2211734451578282,-0.3560672898977587,1.1662904243921783,-1.2184569773056124,-1.3585639934688691,1.1670640077881422
78.40100000000001,0,-1.1735237187023106,-0.3948226729484834,1.1929968351274098,0.30096496153025964,-0.3594293490556055,0.10526360487349297,1.7841438517636334,-2.1567611913509834,0.496110678366447,2,0.4,0,371,-1.1953105670957225,-0.38299067401677817,1.173074918105525,-0.19753845109970344,-0.3804907273250215,1.1726528100989657,-1.1954015246880598,-1.38292413511927,1.1731127994210195
78.40100000000001,1,-0.20228393943687606,-0.3720560359484397,1.1858400173994612,0.07606496188480488,-0.19846082178690458,0.007175263215422461,-0.2600073251253956,-1.0675587109204279,-0.1905317095377457,2,0.4,0,371,-1.1953105670957225,-0.38299067401677817,1.173074918105525,-0.19753845109970344,-0.3804907273250215,1.1726528100989657,-1.1954015246880598,-1.38292413511927,1.1731127994210195
78.40100000000001,2,-1.1946468312022593,-1.3777044525563524,1.2092581776098248,0.2003222251276681,-0.08509211385271893,0.011623027769428107,0.3110542294670634,0.4729584071821649,-0.06888768099261959,2,0.4,0,306,-1.1953105670957225,-0.38299067401677817,1.173074918105525,-0.19753845109970344,-0.3804907273250215,1.1726528100989657,-1.1954015246880598,-1.38292413511927,1.1731127994210195
78.602,0,-1.1900294148010653,-0.3706030988114992,1.2020651873061203,-0.08211789103858294,0.1204953937163431,0.04511617999358657,-1.9058848386510205,2.387685287422708,-0.29924091980053913,3,0.4,0,372,-1.1775504249656237,-0.4066246282310162,1.1764483893897824,-0.17929642051924885,-0.4042247639507269,1.1762517444891283,-1.1776384137477016,-1.4065630600956422,1.1764800178046075
78.602,1,-0.19465623562977952,-0.42201627208320236,1.1891245303174984,0.03794877515968553,-0.24855838873017053,0.01634086028874292,-0.18963276977671942,-0.24924162658342086,0.045599985439406764,2,0.4,0,372,-1.1775504249656237,-0.4066246282310162,1.1764483893897824,-0.17929642051924885,-0.4042247639507269,1.1762517444891283,-1.1776384137477016,-1.4065630600956422,1.1764800178046075
78.602,2,-1.1928147430446523,-1.4075700071673047,1.2299322004882915,0.009114866455756756,-0.14858484881071285,0.1028558352162548,-0.9512803914025751,-0.31588425352236815,0.453894564412088,1,0.4,0,307,-1.1775504249656237,-0.4066246282310162,1.1764483893897824,-0.17929642051924885,-0.4042247639507269,1.1762517444891283,-1.1776384137477016,-1.4065630600956422,1.1764800178046075
78.801,0,-1.1101571616359,-0.3858750933917825,1.1844199922329424,0.40136810635761805,-0.07674369135820816,-0.08866932197576953,2.429577876362843,-0.9911511812791617,-0.6722889546198864,1,0.4,0,373,-1.1641855479900598,-0.42925045175247795,1.1778930944553292,-0.16552871218233295,-0.4269712206164767,1.1778659937325173,-1.164270413582903,-1.4291918464323168,1.1779192820867497
78.801,1,-0.12634197901711708,-0.46183914896864886,1.174626727512941,0.3432877216716739,-0.2001149592233512,-0.07285328042491156,1.534366565386891,0.2434343191297477,-0.44821176238017757,3,0.4,0,373,-1.1641855479900598,-0.42925045175247795,1.1778930944553292,-0.16552871218233295,-0.4269712206164767,1.1778659937325173,-1.164270413582903,-1.4291918464323168,1.1779192820867497
78.801,2,-1.1813549680740267,-1.4557850025574766,1.201926447291695,0.05758680889761643,-0.24228640899584064,-0.14073242812360123,0.24357760021035246,-0.4708621114830588,-1.224061624823409,1,0.4,0,308,-1.1641855479900598,-0.42925045175247795,1.1778930944553292,-0.16552871218233295,-0.4269712206164767,1.1778659937325173,-1.164270413582903,-1.4291918464323168,1.1779192820867497
79.00200000000001,0,-1.0995931676299056,-0.4440431394819033,1.19287239397437,0.0525571841094234,-0.28939326412994343,0.042051749957349574,-1.7353777226277682,-1.0579580734911802,0.6503535917070355,3,0.4,0,374,-1.154533292979333,-0.4506396975645064,1.1779491736184462,-0.15553801450177177,-0.448493567868056,1.1780448859538155,-1.1546146510138684,-1.4505827991698919,1.177970853358551
79.00200000000001,1,-0.11547307499608683,-0.46003103518665034,1.1913546810460351,0.05407414935835738,0.008995590955216185,0.08322364941837539,-1.4388734940960475,1.040350995913231,0.7765021385237862,5,0.4,0,374,-1.154533292979333,-0.4506396975645064,1.1779491736184462,-0.15553801450177177,-0.448493567868056,1.1780448859538155,-1.1546146510138684,-1.4505827991698919,1.177970853358551
79.00200000000001,2,-1.1372796209103508,-1.4758743076911198,1.173858294940171,0.21928033414763295,-0.0999467917096642,-0.1396425490125516,0.804445399253783,0.7081572999311992,0.005422284134575067,1,0.4,0,309,-1.154533292979333,-0.4506396975645064,1.1779491736184462,-0.15553801450177177,-0.448493567868056,1.1780448859538155,-1.1546146510138684,-1.4505827991698919,1.177970853358551
79.20100000000001,0,-1.1588209076632965,-0.476327259677199,1.199991291040535,-0.2976268343386508,-0.16223175977535684,0.03577335209128275,-1.7597186856687315,0.639002534445165,-0.031549738020436625,2,0.4,0,375,-1.1512474420020422,-0.4704507984883536,1.172629141088773,-0.1516351918044488,-0.4683946859345958,1.1740768482266024,-1.1513251569417438,-1.4703942729856438,1.1726502579516886
79.20100000000001,1,-0.15213839686497854,-0.48169460276532483,1.1729814861437224,-0.18424784858739732,-0.1088621486365563,-0.09232761257443661,-1.1975979796269196,-0.592249947697355,-0.8821671456925313,7,0.4,0,375,-1.1512474420020422,-0.4704507984883536,1.172629141088773,-0.1516351918044488,-0.4683946859345958,1.1740768482266024,-1.1513251569417438,-1.4703942729856438,1.1726502579516886
79.20100000000001,2,-1.0730339659120598,-1.4887289452823147,1.1925988139417796,0.32284248742860133,-0.06459616879997486,0.09417346231964079,0.5204128305576351,0.1776413211542195,1.1749548308150484,1,0.4,0,310,-1.1512474420020422,-0.4704507984883536,1.172629141088773,-0.1516351918044488,-0.4683946859345958,1.1740768482266024,-1.1513251569417438,-1.4703942729856438,1.1726502579516886
79.402,0,-1.1056329027019123,-0.4958365187043805,1.1779114134502593,0.26461694010639775,-0.09706099018498568,-0.10985013726505705,2.7972327086819253,0.3242326845292204,-0.7244949719221122,1,0.4,0,376,-1.1205145219919936,-0.4880207469383862,1.1802847509632939,-0.1250970760690182,-0.48661480362856674,1.1793401480801136,-1.1206326505147663,-1.4879630434821993,1.1802308885528854
79.402,1,-0.11671295937233406,-0.4825377420057462,1.1890218290194332,0.17624595767485396,-0.004194722589161044,0.07980270087418553,1.793501523692851,0.5207334629223815,0.8563697186498895,10,0.4,0,376,-1.1205145219919936,-0.4880207469383862,1.1802847509632939,-0.1250970760690182,-0.48661480362856674,1.1793401480801136,-1.1206326505147663,-1.4879630434821993,1.1802308885528854
79.402,2,-1.0457002333431358,-1.4910932263663756,1.1856201934877961,0.13598871924838266,-0.011762592458015055,-0.034719504746186916,-0.9296207372150488,0.26285361364159965,-0.6412585426160793,2,0.4,0,311,-1.1205145219919936,-0.4880207469383862,1.1802847509632939,-0.1250970760690182,-0.48661480362856674,1.1793401480801136,-1.1206326505147663,-1.4879630434821993,1.1802308885528854
79.601,0,-1.0680166176128307,-0.5006604064905753,1.1880510746649477,0.18902655823659253,-0.024240642141682662,0.05095307143059575,-0.37985116517490425,0.3659313972025313,0.8080563251037907,2,0.4,0,377,-1.0818535665182842,-0.500819656477885,1.187255876528628,-0.0855243587401707,-0.4993970490188239,1.1868378811526008,-1.081972176869758,-1.5007605111016584,1.1870772645028986
79.601,1,-0.033512090842715225,-0.49453014466139233,1.2174879113609887,0.41809481673175697,-0.06026332992787074,0.14304563990731467,1.215320899783444,-0.2817517956719108,0.31780371373432037,1,0.4,0,377,-1.0818535665182842,-0.500819656477885,1.187255876528628,-0.0855243587401707,-0.4993970490188239,1.1868378811526008,-1.081972176869758,-1.5007605111016584,1.1870772645028986
79.601,2,-1.009955991887325,-1.4844373817902428,1.1855881964784503,0.17302173825612913,0.05840894688510064,0.004285158356596819,-0.06630719137604024,0.25087931385582124,0.044682887922461945,0,0.4,1,311,-1.0818535665182842,-0.500819656477885,1.187255876528628,-0.0855243587401707,-0.4993970490188239,1.1868378811526008,-1.081972176869758,-1.5007605111016584,1.1870772645028986
79.802,0,-1.0628723014152297,-0.514945243507646,1.220621687656684,0.025593612923387233,-0.0710688408809462,0.16204285070514876,-0.8130992304139258,-0.23297611313065555,0.5526854690276061,2,0.4,0,378,-1.0494759714922073,-0.5165843040083126,1.1919439300723067,-0.05262157221143894,-0.5149471955776144,1.191777509947729,-1.0496271270790518,-1.5164618964897356,1.1913876407182733
79.802,1,-0.031764571029318955,-0.49529168889992126,1.229674749791892,0.008694128424856735,-0.0037887773061138948,0.06063103696966692,-2.0368193448103717,0.280967923491317,-0.41002290018728665,2,0.4,0,378,-1.0494759714922073,-0.5165843040083126,1.1919439300723067,-0.05262157221143894,-0.5149471955776144,1.191777509947729,-1.0496271270790518,-1.5164618964897356,1.1913876407182733
79.802,2,-0.9765180609172337,-1.467629295886792,1.1873521299856038,0.15969399278954452,0.10883568897012262,0.01326641882901201,-0.06630719137604024,0.25087931385582124,0.044682887922461945,0,0.4,2,311,-1.0494759714922073,-0.5165843040083126,1.1919439300723067,-0.05262157221143894,-0.5149471955776144,1.191777509947729,-1.0496271270790518,-1.5164618964897356,1.1913876407182733
80.00200000000001,0,-1.018805642615069,-0.5404305932539701,1.2168349049024498,0.2203332940008009,-0.12742674873161872,-0.018933913771169993,0.9736984053870544,-0.2817895392533586,-0.9048838223815808,2,0.4,0,379,-1.022412931655381,-0.5339494395579788,1.1940376315863854,-0.025088603123547555,-0.5321933231857809,1.1940305056293654,-1.0224906003311367,-1.5338691909623219,1.1935152991841236
80.00200000000001,1,-0.021222047244723208,-0.5060097022508541,1.2560059985533765,0.05271261892297799,-0.05359006675466328,0.13165624380742072,0.22009245249060314,-0.24900644724274343,0.35512603418876393,1,0.4,0,379,-1.022412931655381,-0.5339494395579788,1.1940376315863854,-0.025088603123547555,-0.5321933231857809,1.1940305056293654,-1.0224906003311367,-1.5338691909623219,1.1935152991841236
80.00200000000001,2,-1.011063143790277,-1.5348124585473535,1.2221795697228994,-0.25615120397159596,-0.32057538214443226,0.1880422876579375,-2.079225983805673,-2.147055355572744,0.8738793441446151,2,0.6955800994470374,0,312,-1.022412931655381,-0.5339494395579788,1.1940376315863854,-0.025088603123547555,-0.5321933231857809,1.1940305056293654,-1.0224906003311367,-1.5338691909623219,1.1935152991841236
80.202,0,-1.0456406931603193,-0.5754019965110793,1.2693526802622093,-0.1341752527262595,-0.17485701628555556,0.262588876798811,-1.7725427336354027,-0.23715133776969768,1.407613952849985,1,0.4,0,380,-0.9999646976448212,-0.5522973153659019,1.1944211315147493,-0.0022193018902830434,-0.550474223190144,1.1945293637593044,-1.0000009915066734,-1.552257703676016,1.1940016973319663
80.202,1,-0.020327478141039745,-0.5511988513172708,1.2078669504338002,0.004472845518417566,-0.2259457453320963,-0.24069524059789552,-0.24119886702281582,-0.861778392887214,-1.861757422026687,5,0.4,0,380,-0.9999646976448212,-0.5522973153659019,1.1944211315147493,-0.0022193018902830434,-0.550474223190144,1.1945293637593044,-1.0000009915066734,-1.552257703676016,1.1940016973319663
80.202,2,-0.941795559064347,-1.5438586393670657,1.1986219862500613,0.34633792362967014,-0.04523090409856358,-0.11778791736419772,3.0124456380065014,1.3767223902294217,-1.529151025110763,1,0.4,0,313,-0.9999646976448212,-0.5522973153659019,1.1944211315147493,-0.0022193018902830434,-0.550474223190144,1.1945293637593044,-1.0000009915066734,-1.552257703676016,1.1940016973319663
80.40100000000001,0,-0.9656698547856328,-0.5546454742852922,1.2166510400349178,0.4018635094205101,0.10430413178786821,-0.2648323629511967,2.6936621213403846,1.4028198395648568,-2.650357988693343,1,0.4,0,381,-0.9816428784059912,-0.5710839974082165,1.1935481521268678,0.01647994763132851,-0.5692357153853046,1.1937406746905228,-0.9816481953308329,-1.571079313346063,1.1932236834465602
80.40100000000001,1,0.06866982112194953,-0.5601346156247184,1.232349213064876,0.44722260936172753,-0.04490333822837759,0.12302644538228387,2.224873185142124,0.9097608397171234,1.827747165729432,1,0.4,0,381,-0.9816428784059912,-0.5710839974082165,1.1935481521268678,0.01647994763132851,-0.5692357153853046,1.1937406746905228,-0.9816481953308329,-1.571079313346063,1.1932236834465602
80.40100000000001,2,-0.9656661153127484,-1.593904938379184,1.201918111989319,-0.11995254396180867,-0.2514889397593725,0.016563445925917315,-2.3431681788515077,-1.0364725410090259,0.6751324788447576,1,0.4,0,314,-0.9816428784059912,-0.5710839974082165,1.1935481521268678,0.01647994763132851,-0.5692357153853046,1.1937406746905228,-0.9816481953308329,-1.571079313346063,1.1932236834465602
80.602,0,-0.9189413440991008,-0.5835485843988923,1.204358338066366,0.23248015266932132,-0.14379656772935864,-0.06115772123657818,-0.8427032674188772,-1.234331838394204,1.0133066751971405,2,0.4,0,382,-0.9670013683552173,-0.5898848126062363,1.1917504021275482,0.03146002101477724,-0.5880443378856172,1.1920021896893034,-0.96700943124379,-1.5899581453284966,1.1917547021843058
80.602,1,0.07858612958926903,-0.5719493991469555,1.2211269235936266,0.04933486799661605,-0.058780017523569504,-0.055832285926616716,-1.9795410018165398,-0.06903820544871826,-0.8898444343726689,3,0.4,0,382,-0.9670013683552173,-0.5898848126062363,1.1917504021275482,0.03146002101477724,-0.5880443378856172,1.1920021896893034,-0.96700943124379,-1.5899581453284966,1.1917547021843058
80.602,2,-0.9173659898905457,-1.6113888988004912,1.1830395195301695,0.24029913145375234,-0.08698487771794956,-0.09392334556791034,1.7922968926147902,0.8184281693603399,-0.549685529820056,1,0.4,0,315,-0.9670013683552173,-0.5898848126062363,1.1917504021275482,0.03146002101477724,-0.5880443378856172,1.1920021896893034,-0.96700943124379,-1.5899581453284966,1.1917547021843058
80.80000000000001,0,-0.9410192331659231,-0.5991567017378192,1.2057506226943322,-0.11150449023647198,-0.07882887544912258,0.007031740545283854,-1.7372961762918193,0.3281196579809778,0.34439122112050224,2,0.4,0,383,-0.9556370795297142,-0.6083628207406394,1.1893015526545503,0.04312851533311996,-0.6065951558640714,1.1897769365598463,-0.9556715193196572,-1.6084676990042137,1.1895565959678684
80.80000000000001,1,0.049712741448564635,-0.6094215329818047,1.203930980590941,-0.14582519262981464,-0.18925320118609967,-0.08684819698325714,-0.9856568718506227,-0.6589554730430567,-0.15664601543757198,5,0.4,0,383,-0.9556370795297142,-0.6083628207406394,1.1893015526545503,0.04312851533311996,-0.6065951558640714,1.1897769365598463,-0.9556715193196572,-1.6084676990042137,1.1895565959678684
80.80000000000001,2,-0.8776066469451362,-1.6359048078208356,1.1630891245594261,0.2198015118579477,-0.12122552626647787,-0.1132632179825693,0.19188635866061876,0.026183798570590555,-0.12629946892183366,0,0.4,1,315,-0.9556370795297142,-0.6083628207406394,1.1893015526545503,0.04312851533311996,-0.6065951558640714,1.1897769365598463,-0.9556715193196572,-1.6084676990042137,1.1895565959678684
